amfi_code,date,nav,daily_return
118632,2022-01-02,95.7272,
118632,2022-01-03,88.3008,-0.077578786384643
118632,2022-01-04,91.6847,0.03832241610495046
118632,2022-01-06,98.0267,0.06917184655673192
118632,2022-01-07,96.1872,-0.0187652955776334
118632,2022-01-08,104.5939,0.0873993629089942
118632,2022-01-09,104.9182,0.003100563225962416
118632,2022-01-11,105.5541,0.006060912215421155
118632,2022-01-12,115.9034,0.09804735202138048
118632,2022-02-02,95.8303,-0.17318818947502845
118632,2022-02-03,88.8663,-0.07267012625443103
118632,2022-02-05,93.1345,0.048029455485375294
118632,2022-02-06,97.9377,0.05157272546693226
118632,2022-02-08,103.7384,0.05922846871021048
118632,2022-02-09,107.3547,0.034859801192229645
118632,2022-02-11,106.3495,-0.009363353444236555
118632,2022-02-12,115.7446,0.08834174114593862
118632,2022-03-01,95.8995,-0.17145594697290412
118632,2022-03-02,94.6538,-0.012989640196247154
118632,2022-03-03,88.3354,-0.06675273470267429
118632,2022-03-05,93.9352,0.0633924791193563
118632,2022-03-06,96.4549,0.02682381045657012
118632,2022-03-08,106.3368,0.10245099004819869
118632,2022-03-10,101.6242,-0.044317677417413326
118632,2022-03-11,106.2159,0.04518313551299791
118632,2022-04-01,94.4982,-0.11031964140961958
118632,2022-04-02,93.882,-0.0065207591255705966
118632,2022-04-03,88.9174,-0.05288127649602692
118632,2022-04-04,92.249,0.037468481984403335
118632,2022-04-05,93.0617,0.008809851597307405
118632,2022-04-07,98.683,0.06040401153213404
118632,2022-04-08,106.3855,0.07805295744961116
118632,2022-04-10,101.9854,-0.04135995976895346
118632,2022-04-11,106.6954,0.046183081107687984
118632,2022-05-01,94.396,-0.11527582257529378
118632,2022-05-04,91.4099,-0.03163375566761306
118632,2022-05-05,93.0489,0.017930224187971078
118632,2022-05-07,100.3039,0.07796975568760067
118632,2022-05-08,107.4319,0.07106403639340053
118632,2022-05-09,106.1819,-0.011635277789930232
118632,2022-05-10,102.2917,-0.03663712930358176
118632,2022-05-12,116.5375,0.1392664311962748
118632,2022-06-01,93.8034,-0.19507969537702452
118632,2022-06-04,91.9165,-0.020115475558455165
118632,2022-06-05,92.9117,0.010827218181719278
118632,2022-06-06,96.7677,0.04150176996008037
118632,2022-06-07,102.6605,0.06089635281194039
118632,2022-06-09,105.1666,0.024411531212102044
118632,2022-06-10,103.2987,-0.017761342479456488
118632,2022-06-12,117.7639,0.14003274000544064
118632,2022-07-01,90.5481,-0.23110477828944187
118632,2022-07-02,92.477,0.021302490057770296
118632,2022-07-03,91.0222,-0.015731479178606622
118632,2022-07-04,93.3692,0.02578491840452113
118632,2022-07-06,95.9325,0.027453378630212022
118632,2022-07-07,101.2002,0.054910483934015986
118632,2022-07-09,106.1781,0.0491886379671187
118632,2022-07-10,102.8107,-0.031714637952647506
118632,2022-07-11,108.0615,0.05107250509917738
118632,2022-07-12,119.5384,0.10620711354182566
118632,2022-08-02,93.6037,-0.2169570614965567
118632,2022-08-03,91.9539,-0.01762537164663358
118632,2022-08-04,90.9274,-0.011163202430783281
118632,2022-08-06,93.4546,0.027793602368482828
118632,2022-08-07,101.3323,0.08429440605384864
118632,2022-08-08,106.4606,0.0506087397601751
118632,2022-08-09,104.2602,-0.02066867930483207
118632,2022-08-11,109.2413,0.04777566127822497
118632,2022-08-12,121.1089,0.1086365687702362
118632,2022-09-02,91.2807,-0.24629238643898188
118632,2022-09-03,91.9422,0.0072468769411278
118632,2022-09-05,93.3224,0.015011605117128068
118632,2022-09-06,94.8364,0.016223329018542065
118632,2022-09-08,105.5123,0.11257175514886697
118632,2022-09-09,103.5155,-0.018924807818614497
118632,2022-09-11,107.7921,0.04131361969946523
118632,2022-09-12,122.431,0.13580679845740073
118632,2022-10-01,92.8196,-0.24186194672917805
118632,2022-10-02,92.5854,-0.0025231739848048385
118632,2022-10-03,91.7815,-0.008682794479475286
118632,2022-10-05,94.9893,0.034950398500787294
118632,2022-10-06,95.9697,0.010321162488827751
118632,2022-10-08,106.9297,0.11420271189760922
118632,2022-10-10,103.3604,-0.03337987481494853
118632,2022-10-11,108.9014,0.053608538666646055
118632,2022-11-01,94.0741,-0.1361534378805047
118632,2022-11-02,94.1673,0.0009907083883873291
118632,2022-11-03,91.43,-0.02906847706157012
118632,2022-11-04,91.5169,0.0009504538991578215
118632,2022-11-05,96.0345,0.04936356017303889
118632,2022-11-07,99.805,0.03926193190988658
118632,2022-11-08,105.2461,0.05451730875206651
118632,2022-11-10,104.0901,-0.010983779921536208
118632,2022-11-11,108.8659,0.045881404667686754
118632,2022-12-01,93.6916,-0.13938524368052807
118632,2022-12-04,88.82,-0.051996123451835574
118632,2022-12-05,94.8361,0.06773361855437976
118632,2022-12-07,99.0167,0.044082369477445704
118632,2022-12-08,104.7691,0.058095250599141224
118632,2022-12-09,104.3029,-0.0044497852897467105
118632,2022-12-10,104.6925,0.0037352748581296336
118632,2022-12-12,122.0232,0.16553907873056817
118632,2023-01-02,122.8246,0.006567603537687816
118632,2023-01-03,118.778,-0.03294616876423773
118632,2023-01-05,108.1026,-0.08987691323309044
118632,2023-01-06,94.2698,-0.12795991955790142
118632,2023-01-08,89.8706,-0.04666605848320471
118632,2023-01-09,85.99,-0.043179860822115335
118632,2023-01-11,89.5699,0.04163158506803133
118632,2023-01-12,90.9934,0.015892615711304625
118632,2023-02-01,124.6227,0.3695795519235461
118632,2023-02-02,123.0937,-0.012269032848750694
118632,2023-02-03,118.1926,-0.03981601008012592
118632,2023-02-05,107.938,-0.08676177696403997
118632,2023-02-06,92.9728,-0.13864625988993673
118632,2023-02-08,89.9035,-0.03301288118675583
118632,2023-02-10,89.4089,-0.005501454337150324
118632,2023-02-11,88.3425,-0.011927224247250567
118632,2023-03-01,122.711,0.3890369867277923
118632,2023-03-02,124.3207,0.013117813398961786
118632,2023-03-03,117.264,-0.056762067781149894
118632,2023-03-04,116.9463,-0.0027092713876382124
118632,2023-03-05,108.2613,-0.07426485489493884
118632,2023-03-07,92.3417,-0.14704792940783085
118632,2023-03-08,89.7113,-0.02848550546502837
118632,2023-03-10,90.8712,0.01292925194484984
118632,2023-03-11,88.5649,-0.025379878333289363
118632,2023-04-01,123.1801,0.39084558329541386
118632,2023-04-04,114.4292,-0.07104150751623028
118632,2023-04-05,107.0195,-0.0647535768842219
118632,2023-04-07,91.5967,-0.1441120543452361
118632,2023-04-08,89.3514,-0.024512891839989837
118632,2023-04-09,86.5821,-0.03099335880579379
118632,2023-04-10,89.3781,0.03229304902514496
118632,2023-04-12,91.597,0.024825992049506418
118632,2023-05-01,120.0832,0.3109949015797462
118632,2023-05-04,112.7938,-0.060702912647231266
118632,2023-05-05,105.7631,-0.06233232677682643
118632,2023-05-06,92.5685,-0.1247561767762102
118632,2023-05-07,92.7139,0.001570728703608637
118632,2023-05-09,84.3393,-0.09032734034486745
118632,2023-05-10,90.0467,0.06767189198866963
118632,2023-05-12,90.7212,0.0074905576772941185
118632,2023-06-01,121.5964,0.340330595274313
118632,2023-06-02,124.1945,0.021366586510784824
118632,2023-06-03,114.5461,-0.07768782031410415
118632,2023-06-04,110.0352,-0.03938065110902944
118632,2023-06-06,92.9093,-0.155640195137556
118632,2023-06-07,91.2295,-0.01807999845010133
118632,2023-06-09,84.2132,-0.07690823691897908
118632,2023-06-10,89.2911,0.06029814803379985
118632,2023-06-11,89.3184,0.00030574155766927014
118632,2023-06-12,93.1397,0.04278289803668689
118632,2023-07-02,123.5681,0.3266963496768831
118632,2023-07-03,114.7398,-0.07144481464067176
118632,2023-07-04,109.9711,-0.04156099278541536
118632,2023-07-06,92.901,-0.155223508721837
118632,2023-07-07,93.0317,0.0014068739841337496
118632,2023-07-08,88.6105,-0.04752358604647666
118632,2023-07-09,84.3956,-0.04756659763797744
118632,2023-07-11,90.9964,0.0782126082402399
118632,2023-07-12,93.8193,0.031022106369043234
118632,2023-08-02,123.3874,0.3151601003205098
118632,2023-08-03,117.6032,-0.0468783684557742
118632,2023-08-05,104.0484,-0.11525876846888516
118632,2023-08-06,93.1463,-0.10477912202398121
118632,2023-08-08,88.9902,-0.04461905625881002
118632,2023-08-09,85.2941,-0.041533786866419065
118632,2023-08-11,92.0065,0.07869711973043869
118632,2023-08-12,93.2078,0.013056686212387314
118632,2023-09-01,121.4204,0.30268496842538917
118632,2023-09-02,122.8942,0.012137993286136517
118632,2023-09-03,118.0475,-0.039437988123117274
118632,2023-09-05,102.0971,-0.13511849043817115
118632,2023-09-06,92.4392,-0.09459524315578016
118632,2023-09-08,90.7961,-0.017774926654492984
118632,2023-09-10,87.8148,-0.032835110759162456
118632,2023-09-11,92.8879,0.05777044416203192
118632,2023-10-01,126.2003,0.3586301337418545
118632,2023-10-02,120.9615,-0.04151178721445192
118632,2023-10-03,118.0691,-0.02391174051247702
118632,2023-10-04,109.8222,-0.06984808048845981
118632,2023-10-05,100.6517,-0.08350315327866309
118632,2023-10-07,93.9982,-0.0661041989355372
118632,2023-10-08,90.9893,-0.032010187429120984
118632,2023-10-10,88.0846,-0.03192353386607005
118632,2023-10-11,92.9967,0.05576570705889572
118632,2023-11-01,129.7522,0.3952344545559141
118632,2023-11-04,109.4411,-0.1565376155471736
118632,2023-11-05,100.8896,-0.07813792076285786
118632,2023-11-07,95.271,-0.05569057663029686
118632,2023-11-08,92.1179,-0.033096115292166495
118632,2023-11-09,86.0416,-0.06596220712803924
118632,2023-11-10,89.1913,0.0366067111722701
118632,2023-11-12,92.5659,0.037835528801575924
118632,2023-12-01,129.5281,0.3993068721851134
118632,2023-12-04,108.1211,-0.16526915781208862
118632,2023-12-05,99.8541,-0.07646056135203949
118632,2023-12-06,93.7805,-0.06082474330047538
118632,2023-12-07,94.7846,0.01070691668310575
118632,2023-12-09,86.6818,-0.08548646088077605
118632,2023-12-10,88.3271,0.018980916409211623
118632,2023-12-12,92.5043,0.047292393840622005
118632,2024-01-01,97.6988,0.05615414634779148
118632,2024-01-02,101.2168,0.03600863060754067
118632,2024-01-03,91.497,-0.09602951288718875
118632,2024-01-04,86.4603,-0.055047706482179715
118632,2024-01-05,92.3281,0.06786698635096111
118632,2024-01-07,89.7076,-0.028382475107795013
118632,2024-01-08,91.7935,0.023252210515050997
118632,2024-01-10,95.3596,0.03884915598599026
118632,2024-01-11,94.3274,-0.01082429037034549
118632,2024-02-01,96.4505,0.022507776107472566
118632,2024-02-02,98.7541,0.02388375384264463
118632,2024-02-04,87.0356,-0.11866342764502935
118632,2024-02-05,93.4355,0.07353198001737216
118632,2024-02-07,88.9095,-0.04843983282585329
118632,2024-02-08,92.1737,0.03671373700223257
118632,2024-02-09,95.5072,0.03616541377855076
118632,2024-02-10,95.1205,-0.004048909401594747
118632,2024-02-12,80.0826,-0.1580931555237831
118632,2024-03-01,96.8962,0.20995322329694588
118632,2024-03-04,86.8434,-0.10374813460176968
118632,2024-03-05,93.2118,0.0733319975956721
118632,2024-03-06,88.0477,-0.055401783894313716
118632,2024-03-07,90.391,0.026613983102341088
118632,2024-03-09,95.9953,0.06200064165680197
118632,2024-03-10,96.2892,0.0030616082245693566
118632,2024-03-12,79.6016,-0.17330707909090526
118632,2024-04-01,97.0406,0.21907851098470377
118632,2024-04-03,90.9023,-0.06325496750844495
118632,2024-04-04,86.8592,-0.04447742246345798
118632,2024-04-06,87.3496,0.005645918912446701
118632,2024-04-07,91.3929,0.04628870653099737
118632,2024-04-09,95.9293,0.049636240889609606
118632,2024-04-10,95.5099,-0.0043719697735727925
118632,2024-04-11,94.8178,-0.007246369224551574
118632,2024-04-12,80.3995,-0.15206322019705165
118632,2024-05-01,97.4984,0.21267420817293647
118632,2024-05-02,98.8323,0.013681250153848579
118632,2024-05-03,90.4187,-0.08513006375446086
118632,2024-05-04,86.1803,-0.046875259210760634
118632,2024-05-06,89.1485,0.03444174596746574
118632,2024-05-07,91.3654,0.024867496368419006
118632,2024-05-08,91.0035,-0.0039610180659198635
118632,2024-05-09,95.3799,0.04809045805930556
118632,2024-05-11,95.1604,-0.002301323444457437
118632,2024-05-12,78.6418,-0.17358691220297506
118632,2024-06-02,96.4125,0.22597015836361822
118632,2024-06-03,91.2147,-0.0539120964605212
118632,2024-06-05,94.0925,0.031549739241591546
118632,2024-06-06,87.1436,-0.07385179477641679
118632,2024-06-08,90.0826,0.0337259420083631
118632,2024-06-09,95.7015,0.062374975855492565
118632,2024-06-11,96.6695,0.010114783989801701
118632,2024-06-12,78.7201,-0.1856780059894796
118632,2024-07-02,96.0853,0.2205942319687093
118632,2024-07-03,90.6891,-0.056160515708438274
118632,2024-07-05,94.4502,0.04147245920402787
118632,2024-07-06,88.5539,-0.06242760735286956
118632,2024-07-08,92.0675,0.039677529730480554
118632,2024-07-10,93.7846,0.018650446683140087
118632,2024-07-11,93.8983,0.0012123525610816532
118632,2024-08-01,97.7664,0.04119456901775642
118632,2024-08-02,98.0234,0.002628714977742863
118632,2024-08-03,90.6341,-0.07538302078891357
118632,2024-08-04,86.4308,-0.04637658453054638
118632,2024-08-05,93.4149,0.08080568501043617
118632,2024-08-07,91.673,-0.018646918211120522
118632,2024-08-08,91.2967,-0.00410480730422258
118632,2024-08-10,93.6461,0.025733679311519486
118632,2024-08-11,91.251,-0.025576078448541928
118632,2024-09-01,98.4043,0.07839146968252408
118632,2024-09-02,98.4918,0.0008891887854494129
118632,2024-09-04,87.2641,-0.11399629207710693
118632,2024-09-05,93.814,0.07505835733136523
118632,2024-09-07,91.3906,-0.02583196537830157
118632,2024-09-08,93.1523,0.019276599562755736
118632,2024-09-09,95.6752,0.027083603947513968
118632,2024-09-10,93.1441,-0.026455131528337672
118632,2024-09-12,79.283,-0.14881350509586755
118632,2024-10-01,100.1577,0.2632935181564775
118632,2024-10-04,85.6112,-0.14523596288652807
118632,2024-10-05,92.7398,0.08326714261685386
118632,2024-10-06,88.3554,-0.047276358154751286
118632,2024-10-07,92.9195,0.05165615231213927
118632,2024-10-09,97.0131,0.04405533822287033
118632,2024-10-10,92.106,-0.05058182863963734
118632,2024-10-12,81.0851,-0.11965452847805791
118632,2024-11-01,100.8856,0.2441940627809549
118632,2024-11-03,93.0349,-0.07781784516323442
118632,2024-11-04,85.9576,-0.07607145275590121
118632,2024-11-06,89.3065,0.038959905814029305
118632,2024-11-07,92.7379,0.03842273518724837
118632,2024-11-09,97.157,0.04765149954872827
118632,2024-11-10,91.9536,-0.05355661455170502
118632,2024-11-11,90.7491,-0.013098997755389585
118632,2024-11-12,80.6528,-0.1112550978467004
118632,2024-12-01,99.6602,0.2356694373908903
118632,2024-12-02,97.5155,-0.02152012538606185
118632,2024-12-03,91.4873,-0.06181786485225427
118632,2024-12-04,86.9581,-0.04950632492160112
118632,2024-12-06,89.4322,0.02845163360284997
118632,2024-12-07,93.0376,0.04031433868338263
118632,2024-12-08,92.9225,-0.0012371342339011493
118632,2024-12-09,96.3299,0.03666926740025289
118632,2024-12-11,91.9849,-0.045105413791564186
118632,2024-12-12,81.0031,-0.11938698634232348
118632,2025-01-01,80.1434,-0.010613174063708763
118632,2025-01-04,78.4072,-0.02166366787533347
118632,2025-01-05,72.501,-0.07532726586333904
118632,2025-01-07,70.7187,-0.024583109198493935
118632,2025-01-08,70.3708,-0.004919490884306321
118632,2025-01-09,71.588,0.017296947029165288
118632,2025-01-10,66.4606,-0.07162373582164605
118632,2025-01-12,66.8331,0.005604824512568385
118632,2025-02-01,80.6646,0.2069558347585252
118632,2025-02-04,78.5613,-0.026074634969986743
118632,2025-02-05,72.2408,-0.08045309840850401
118632,2025-02-06,72.4779,0.0032820788252623245
118632,2025-02-07,70.9852,-0.020595243515609596
118632,2025-02-09,71.5212,0.00755086975876651
118632,2025-02-10,66.5722,-0.06919626628188558
118632,2025-02-12,67.8928,0.019837109183713286
118632,2025-03-01,79.1879,0.1663666839488136
118632,2025-03-02,83.1308,0.049791697974059135
118632,2025-03-03,78.0502,-0.0611157356840063
118632,2025-03-04,77.6684,-0.004891723531778247
118632,2025-03-06,72.6774,-0.06426036843812932
118632,2025-03-07,72.0355,-0.008832181668579353
118632,2025-03-09,71.223,-0.011279160969244306
118632,2025-03-10,66.2165,-0.07029330412928414
118632,2025-03-11,62.826,-0.05120324994525527
118632,2025-03-12,68.9784,0.09792760958838675
118632,2025-04-02,82.3342,0.19362293123644503
118632,2025-04-03,77.5248,-0.05841315030691985
118632,2025-04-04,76.9647,-0.0072247848430438966
118632,2025-04-06,74.4093,-0.03320223427103586
118632,2025-04-07,71.5522,-0.038397082085169454
118632,2025-04-08,70.061,-0.02084072886647781
118632,2025-04-09,71.7174,0.023642254606699664
118632,2025-04-11,62.4792,-0.1288139280007362
118632,2025-04-12,69.4599,0.11172838320593104
118632,2025-05-02,83.7787,0.20614484040431957
118632,2025-05-03,76.6605,-0.08496431670579752
118632,2025-05-05,72.2561,-0.05745331689722866
118632,2025-05-06,75.3581,0.04293063146225706
118632,2025-05-08,69.5155,-0.07753114794560889
118632,2025-05-09,72.5037,0.042986096625932335
118632,2025-05-11,63.3693,-0.12598529454358876
118632,2025-05-12,70.1962,0.10773197747174112
118632,2025-06-01,78.1028,0.1126357267202498
118632,2025-06-02,83.7242,0.07197437223761494
118632,2025-06-03,76.6323,-0.08470549733529842
118632,2025-06-05,72.1956,-0.05789595249000745
118632,2025-06-06,74.8007,0.036083916471364
118632,2025-06-08,68.3517,-0.08621577070802833
118632,2025-06-10,64.831,-0.05150859451922907
118632,2025-06-11,63.6233,-0.01862843392821345
118632,2025-07-01,79.4829,0.24927345799416245
118632,2025-07-02,82.8699,0.042612939386962534
118632,2025-07-03,77.0015,-0.07081461423267088
118632,2025-07-04,76.6081,-0.005108991383284689
118632,2025-07-05,73.2852,-0.0433753088772596
118632,2025-07-07,73.3857,0.0013713546527811538
118632,2025-07-08,68.502,-0.06654838749238623
118632,2025-07-10,63.1249,-0.07849551837902546
118632,2025-07-11,64.6197,0.023680037512930685
118632,2025-08-01,79.1874,0.2254374439992759
118632,2025-08-04,75.3871,-0.04799122082553531
118632,2025-08-05,72.3714,-0.0400028652116875
118632,2025-08-07,72.9559,0.008076394818947952
118632,2025-08-08,69.014,-0.05403127094587279
118632,2025-08-09,71.9548,0.0426116440142581
118632,2025-08-10,63.325,-0.11993362499791538
118632,2025-08-12,70.6608,0.11584366363995247
118632,2025-09-01,80.604,0.1407173425718362
118632,2025-09-04,74.5398,-0.07523447967842789
118632,2025-09-05,71.7417,-0.03753833522494032
118632,2025-09-06,74.8589,0.04345032247632852
118632,2025-09-07,73.0171,-0.024603620945538918
118632,2025-09-09,71.9345,-0.014826663891061131
118632,2025-09-10,62.9268,-0.12522086064405813
118632,2025-09-12,70.3016,0.11719648861852172
118632,2025-10-01,80.5646,0.14598529763191737
118632,2025-10-02,83.8993,0.04139162858128764
118632,2025-10-03,78.9703,-0.058749000289632924
118632,2025-10-04,75.2026,-0.04771034173607025
118632,2025-10-06,74.85,-0.00468866767904319
118632,2025-10-07,72.4607,-0.03192117568470265
118632,2025-10-09,71.0532,-0.01942432242581149
118632,2025-10-10,62.5374,-0.11985104119167056
118632,2025-10-11,64.8727,0.037342454275361536
118632,2025-10-12,70.9714,0.09401026934288237
118632,2025-11-02,83.6483,0.1786198384137836
118632,2025-11-03,77.5731,-0.07262789560576854
118632,2025-11-04,74.0566,-0.04533143576832688
118632,2025-11-06,73.4626,-0.00802089212845325
118632,2025-11-07,72.6874,-0.010552308249367703
118632,2025-11-08,69.4715,-0.044242881159595626
118632,2025-11-09,68.9552,-0.00743182456115099
118632,2025-11-11,64.0011,-0.07184519804162715
118632,2025-11-12,69.8158,0.09085312596189765
118632,2025-12-02,84.4483,0.20958722810595898
118632,2025-12-03,78.6872,-0.06822043783000964
118632,2025-12-05,72.6661,-0.07651943391047089
118632,2025-12-06,72.6666,6.880787602581151e-06
118632,2025-12-08,70.1863,-0.034132600121651535
118632,2025-12-09,69.1521,-0.014735069379636756
118632,2025-12-11,63.0061,-0.08887654894066843
118632,2025-12-12,70.7301,0.12259130465145418
118632,2026-01-01,68.0364,-0.038084210258433004
118632,2026-01-04,70.1169,0.03057921935904906
118632,2026-01-05,71.2876,0.016696402721740444
118632,2026-02-01,68.7665,-0.035365196752310424
118632,2026-02-02,64.5491,-0.06132928097256651
118632,2026-02-03,68.6451,0.06345557103042498
118632,2026-02-04,69.6961,0.015310633970960774
118632,2026-03-02,64.2548,-0.07807180028724703
118632,2026-03-03,68.8545,0.07158531347074448
118632,2026-03-04,70.2756,0.02063917391020187
118632,2026-04-02,64.549,-0.0814877425450653
118632,2026-04-03,68.6348,0.06329764984740271
118632,2026-04-05,71.4988,0.041728102944861956
118632,2026-05-01,70.1816,-0.01842268681432413
118632,2026-05-02,64.8479,-0.07599855232710573
118632,2026-05-03,68.4854,0.0560927956032502
118632,2026-05-05,70.6863,0.032136776597639916
118632,2026-06-01,69.535,-0.01628745598510606
118632,2026-06-02,64.1784,-0.07703458689868414
118632,2026-06-03,69.146,0.07740298916769506
118632,2026-06-04,69.4048,0.003742805079107958
118632,2026-06-05,70.7131,0.018850281248559142
118632,2026-07-01,70.4649,-0.0035099578437375323
118632,2026-07-04,70.8677,0.005716321175507133
118632,2026-07-05,71.4102,0.007655109450426689
118632,2026-08-01,68.662,-0.0384846982643936
118632,2026-08-04,70.1373,0.021486411697882124
118632,2026-08-05,71.281,0.016306587222490787
118632,2026-09-01,67.7089,-0.050112933320239694
118632,2026-09-02,63.8317,-0.05726278229302206
118632,2026-09-03,68.314,0.0702205957228148
118632,2026-09-04,70.3535,0.029854788183974135
118632,2026-10-02,64.6833,-0.08059584810990206
118632,2026-10-03,69.9393,0.0812574497590568
118632,2026-10-04,71.0537,0.0159338168955081
118632,2026-11-02,65.0977,-0.08382392472172462
118632,2026-11-03,68.4424,0.05137969544238885
118632,2026-11-05,72.3336,0.05685364627774603
118632,2026-12-01,66.9604,-0.07428359711116272
118632,2026-12-02,66.748,-0.0031720240619829143
118632,2026-12-03,67.9823,0.018491939833403137
118632,2026-12-05,73.2528,0.07752753290194647
118989,2022-01-02,136.5563,
118989,2022-01-03,136.2212,-0.002453932919974977
118989,2022-01-04,143.9493,0.05673199178982413
118989,2022-01-06,145.1691,0.008473816823006297
118989,2022-01-07,155.6534,0.0722212922722536
118989,2022-01-08,165.4942,0.06322251874999196
118989,2022-01-09,166.4425,0.005730110179087866
118989,2022-01-11,157.418,-0.054219925800201185
118989,2022-01-12,148.5798,-0.05614478649201493
118989,2022-02-02,135.9883,-0.084745705674661
118989,2022-02-03,135.5677,-0.0030929131403216736
118989,2022-02-05,141.6654,0.04497900311062297
118989,2022-02-06,146.5194,0.03426383577076675
118989,2022-02-08,163.056,0.112862870036323
118989,2022-02-09,165.1636,0.012925620645667601
118989,2022-02-11,157.8619,-0.04420889348500523
118989,2022-02-12,147.2298,-0.06735064002143631
118989,2022-03-01,132.5286,-0.09985206799167012
118989,2022-03-02,135.7046,0.023964638576126074
118989,2022-03-03,135.6983,-4.642436586532739e-05
118989,2022-03-05,140.1006,0.032441821305056795
118989,2022-03-06,146.0014,0.04211830641696035
118989,2022-03-08,162.5802,0.11355233579951984
118989,2022-03-10,163.7504,0.007197678438087829
118989,2022-03-11,159.1118,-0.028327259047916997
118989,2022-04-01,129.8789,-0.18372553135593972
118989,2022-04-02,132.5456,0.02053220346030038
118989,2022-04-03,134.3751,0.013802796924228256
118989,2022-04-04,144.2184,0.07325241060285714
118989,2022-04-05,138.8467,-0.03724698096775447
118989,2022-04-07,158.395,0.14079052653033886
118989,2022-04-08,162.8946,0.028407462356766278
118989,2022-04-10,168.2885,0.033112822647282325
118989,2022-04-11,156.4932,-0.07008975657873229
118989,2022-05-01,132.8841,-0.15086342409766051
118989,2022-05-04,144.0448,0.08398822733494837
118989,2022-05-05,143.6524,-0.0027241524858933053
118989,2022-05-07,155.2337,0.08062030289782829
118989,2022-05-08,160.6295,0.034759204992214965
118989,2022-05-09,166.4393,0.03616894779601498
118989,2022-05-10,165.4182,-0.006134969325153339
118989,2022-05-12,149.4721,-0.0963987034074848
118989,2022-06-01,133.7122,-0.10543706818864529
118989,2022-06-04,140.9895,0.054425101075294524
118989,2022-06-05,145.7505,0.03376847212026424
118989,2022-06-06,148.615,0.019653448873245827
118989,2022-06-07,156.2422,0.05132187195101423
118989,2022-06-09,166.9301,0.06840597482626332
118989,2022-06-10,161.5974,-0.031945706616122616
118989,2022-06-12,148.581,-0.08054832565375436
118989,2022-07-01,134.1014,-0.09745256795956403
118989,2022-07-02,133.3206,-0.005822459720778439
118989,2022-07-03,136.677,0.02517540425110587
118989,2022-07-04,145.1587,0.06205652743329182
118989,2022-07-06,151.725,0.04523531831023542
118989,2022-07-07,154.7249,0.019771955841159983
118989,2022-07-09,163.338,0.055667187375787686
118989,2022-07-10,158.9631,-0.026784336774051343
118989,2022-07-11,157.0347,-0.012131117221543919
118989,2022-07-12,145.6897,-0.07224517893179028
118989,2022-08-02,134.6824,-0.07555304184166756
118989,2022-08-03,139.6632,0.03698181796582167
118989,2022-08-04,143.1812,0.025189169373177833
118989,2022-08-06,150.4655,0.05087469583995663
118989,2022-08-07,153.9463,0.023133542240580285
118989,2022-08-08,156.481,0.016464832217467862
118989,2022-08-09,164.5446,0.05153085678133462
118989,2022-08-11,157.3812,-0.043534701229940076
118989,2022-08-12,144.0776,-0.08453106215990236
118989,2022-09-02,135.7468,-0.05782161835011124
118989,2022-09-03,139.4536,0.027306721042411164
118989,2022-09-05,142.4365,0.021389910335767537
118989,2022-09-06,150.7139,0.05811291347372327
118989,2022-09-08,156.0655,0.03550833731991543
118989,2022-09-09,161.9116,0.037459271908269365
118989,2022-09-11,158.0068,-0.024116863770106578
118989,2022-09-12,143.3966,-0.09246564071926011
118989,2022-10-01,137.4166,-0.04170252293290089
118989,2022-10-02,137.9297,0.0037339011444033066
118989,2022-10-03,136.6231,-0.009472941650710442
118989,2022-10-05,145.7215,0.06659488768736765
118989,2022-10-06,151.204,0.037623137285850206
118989,2022-10-08,155.3919,0.027697018597391487
118989,2022-10-10,161.878,0.04174027088928045
118989,2022-10-11,158.2573,-0.022366844166594624
118989,2022-11-01,140.257,-0.11374072475645658
118989,2022-11-02,138.4156,-0.013128756497001848
118989,2022-11-03,135.6178,-0.020213039570684432
118989,2022-11-04,140.3319,0.03476018634722
118989,2022-11-05,148.4026,0.05751151377555641
118989,2022-11-07,156.2077,0.05259409201725562
118989,2022-11-08,154.5642,-0.010521248312343023
118989,2022-11-10,166.2231,0.0754307918651278
118989,2022-11-11,155.314,-0.06562926572780792
118989,2022-12-01,141.6975,-0.08767078305883569
118989,2022-12-04,139.954,-0.012304380811235083
118989,2022-12-05,147.8508,0.05642425368335302
118989,2022-12-07,156.7498,0.06018905545320008
118989,2022-12-08,155.1579,-0.010155674839776418
118989,2022-12-09,164.2735,0.05875047290534363
118989,2022-12-10,164.356,0.0005022112513581867
118989,2022-12-12,145.6063,-0.11407980238019899
118989,2023-01-02,132.4327,-0.09047410723299742
118989,2023-01-03,142.9507,0.07942147218927054
118989,2023-01-05,135.779,-0.050169044292892706
118989,2023-01-06,124.4453,-0.08347167087693963
118989,2023-01-08,164.6053,0.3227120670688246
118989,2023-01-09,190.4324,0.15690321028545262
118989,2023-01-11,188.1506,-0.011982204708862576
118989,2023-01-12,195.342,0.03822150979056138
118989,2023-02-01,139.4743,-0.2859994266465994
118989,2023-02-02,132.4813,-0.050138269200849184
118989,2023-02-03,140.3964,0.059745035714474426
118989,2023-02-05,135.6878,-0.03353789698311349
118989,2023-02-06,124.0339,-0.08588760374919491
118989,2023-02-08,165.8344,0.3370086726290149
118989,2023-02-10,189.3454,0.14177396245893514
118989,2023-02-11,184.4862,-0.025663153158196672
118989,2023-03-01,138.0654,-0.2516220725452635
118989,2023-03-02,134.8004,-0.023648213093215298
118989,2023-03-03,142.6249,0.05804507998492592
118989,2023-03-04,149.0444,0.04500967222413488
118989,2023-03-05,134.6823,-0.09636121853622137
118989,2023-03-07,148.2602,0.10081428665830616
118989,2023-03-08,168.7783,0.13839250183123997
118989,2023-03-10,184.1812,0.09126113961332694
118989,2023-03-11,187.1826,0.016295908594362585
118989,2023-04-01,141.7408,-0.24276722302179798
118989,2023-04-04,150.8762,0.06445144940624026
118989,2023-04-05,137.8666,-0.0862269860985364
118989,2023-04-07,147.2544,0.06809335981303666
118989,2023-04-08,169.0301,0.14787809396527374
118989,2023-04-09,189.3222,0.12005021590829101
118989,2023-04-10,186.5347,-0.014723577055411496
118989,2023-04-12,197.7607,0.06018183212024364
118989,2023-05-01,147.8554,-0.25235195870564786
118989,2023-05-04,148.3509,0.003351247232092902
118989,2023-05-05,135.3899,-0.08736718145963374
118989,2023-05-06,123.7997,-0.08560609026227217
118989,2023-05-07,151.1667,0.22105869400329725
118989,2023-05-09,192.8481,0.2757313614704826
118989,2023-05-10,185.0979,-0.040188106597887074
118989,2023-05-12,198.6078,0.07298786209892172
118989,2023-06-01,147.3115,-0.25827938278355633
118989,2023-06-02,132.189,-0.10265661540341386
118989,2023-06-03,140.5681,0.06338727125555077
118989,2023-06-04,149.5929,0.06420233324630553
118989,2023-06-06,125.7427,-0.15943403731059425
118989,2023-06-07,149.0313,0.18520836597273638
118989,2023-06-09,191.5696,0.2854319864350645
118989,2023-06-10,182.4477,-0.047616636460064754
118989,2023-06-11,187.2099,0.026101726686606597
118989,2023-06-12,196.0074,0.04699270711645043
118989,2023-07-02,134.1691,-0.3154896192694766
118989,2023-07-03,139.3332,0.03848948826518184
118989,2023-07-04,147.6964,0.06002302394547754
118989,2023-07-06,125.4669,-0.15050806925558113
118989,2023-07-07,146.1078,0.1645127121176979
118989,2023-07-08,173.3692,0.18658415224922975
118989,2023-07-09,189.3587,0.09222803127660506
118989,2023-07-11,190.7187,0.007182136337015477
118989,2023-07-12,199.9468,0.04838592125470642
118989,2023-08-02,135.6872,-0.32138348800781014
118989,2023-08-03,141.0514,0.03953357427966675
118989,2023-08-05,135.4814,-0.039489150763480474
118989,2023-08-06,129.9412,-0.040892698185876375
118989,2023-08-08,179.6931,0.3828801026926023
118989,2023-08-09,194.9711,0.0850227415521243
118989,2023-08-11,192.0669,-0.014895540928886453
118989,2023-08-12,194.9527,0.015024973069279524
118989,2023-09-01,148.1652,-0.23999411139214788
118989,2023-09-02,131.6473,-0.11148299330747025
118989,2023-09-03,143.2959,0.08848339464614918
118989,2023-09-05,136.621,-0.04658123505278222
118989,2023-09-06,130.2668,-0.046509687383345266
118989,2023-09-08,181.2145,0.391102721491585
118989,2023-09-10,186.0169,0.026501190578016587
118989,2023-09-11,192.1586,0.03301689255116069
118989,2023-10-01,148.4558,-0.22743088261467348
118989,2023-10-02,134.3249,-0.09518590718584252
118989,2023-10-03,140.635,0.04697639827016409
118989,2023-10-04,144.9314,0.030550005332954155
118989,2023-10-05,133.3879,-0.07964802658361125
118989,2023-10-07,149.5296,0.12101322533753045
118989,2023-10-08,178.6068,0.1944578197226503
118989,2023-10-10,187.024,0.04712698508679414
118989,2023-10-11,191.8144,0.025613824963641063
118989,2023-11-01,147.9517,-0.22867261269226924
118989,2023-11-04,144.8479,-0.020978467972993742
118989,2023-11-05,131.614,-0.09136411366681885
118989,2023-11-07,152.2886,0.15708511252602309
118989,2023-11-08,177.2258,0.16374961750255768
118989,2023-11-09,193.7485,0.09322965392172033
118989,2023-11-10,189.5641,-0.02159707042893244
118989,2023-11-12,197.3437,0.04103941621857743
118989,2023-12-01,146.1791,-0.25926644732008164
118989,2023-12-04,142.9556,-0.022051716011386002
118989,2023-12-05,131.3873,-0.08092232833131396
118989,2023-12-06,132.4067,0.007758740761093286
118989,2023-12-07,153.3518,0.15818761437298856
118989,2023-12-09,194.2915,0.2669658914991544
118989,2023-12-10,189.1862,-0.026276496913143377
118989,2023-12-12,193.6971,0.023843705301972218
118989,2024-01-01,196.2337,0.013095704582051004
118989,2024-01-02,205.6799,0.048137501356800616
118989,2024-01-03,223.2176,0.08526696094270747
118989,2024-01-04,260.6683,0.1677766448523772
118989,2024-01-05,245.2172,-0.059274948277178274
118989,2024-01-07,279.3485,0.13918803411832448
118989,2024-01-08,274.9368,-0.01579281793172327
118989,2024-01-10,258.0608,-0.061381379284257465
118989,2024-01-11,269.1125,0.04282595419374058
118989,2024-02-01,199.7104,-0.2578925170699987
118989,2024-02-02,202.6868,0.014903580384396653
118989,2024-02-04,252.3425,0.24498734007345324
118989,2024-02-05,247.1036,-0.020761068785480008
118989,2024-02-07,279.776,0.13222146500496157
118989,2024-02-08,277.4053,-0.008473564565938507
118989,2024-02-09,277.0262,-0.0013665924912033
118989,2024-02-10,249.4704,-0.09947001402755407
118989,2024-02-12,255.1979,0.022958635573599118
118989,2024-03-01,198.055,-0.22391602752217
118989,2024-03-04,255.955,0.2923430360253465
118989,2024-03-05,249.2274,-0.026284307788478567
118989,2024-03-06,254.2766,0.020259409679674212
118989,2024-03-07,277.6333,0.09185548335945981
118989,2024-03-09,277.1027,-0.0019111540294337592
118989,2024-03-10,248.8873,-0.10182289815292311
118989,2024-03-12,256.9264,0.03230016155906701
118989,2024-04-01,199.6663,-0.22286577011938047
118989,2024-04-03,225.0609,0.12718520852041637
118989,2024-04-04,258.7917,0.1498741007433988
118989,2024-04-06,254.7089,-0.01577639468344616
118989,2024-04-07,281.2114,0.10405015293929676
118989,2024-04-09,274.8245,-0.022712094886622736
118989,2024-04-10,248.4286,-0.09604638596631676
118989,2024-04-11,270.7519,0.08985801151719253
118989,2024-04-12,259.2413,-0.04251345973934051
118989,2024-05-01,201.7259,-0.22186048287830695
118989,2024-05-02,198.281,-0.017077132881796464
118989,2024-05-03,226.672,0.14318568092757245
118989,2024-05-04,259.9146,0.1466550787040306
118989,2024-05-06,255.3005,-0.017752369432113446
118989,2024-05-07,273.4941,0.0712634718694245
118989,2024-05-08,283.8449,0.037846520272283746
118989,2024-05-09,266.8682,-0.059809776395489234
118989,2024-05-11,271.5683,0.017612064682116513
118989,2024-05-12,263.2378,-0.030675524352437367
118989,2024-06-02,202.383,-0.23117804509838624
118989,2024-06-03,230.9374,0.141090901903816
118989,2024-06-05,251.6423,0.0896558980918638
118989,2024-06-06,251.768,0.0004995185626581744
118989,2024-06-08,273.9453,0.08808625401162962
118989,2024-06-09,264.6987,-0.03375345370042848
118989,2024-06-11,273.5548,0.03345728558546002
118989,2024-06-12,262.8674,-0.0390685888165736
118989,2024-07-02,204.3617,-0.22256734764371677
118989,2024-07-03,230.6355,0.12856518613810697
118989,2024-07-05,251.4552,0.0902710120514838
118989,2024-07-06,250.3882,-0.004243300595891397
118989,2024-07-08,279.3374,0.11561726950391438
118989,2024-07-10,247.7146,-0.11320646644523791
118989,2024-07-11,269.5109,0.08798956541116265
118989,2024-08-01,205.2429,-0.23846159839917425
118989,2024-08-02,206.8733,0.007943758346817376
118989,2024-08-03,225.9514,0.0922211807903679
118989,2024-08-04,253.2989,0.12103266454644679
118989,2024-08-05,250.3712,-0.011558281540109405
118989,2024-08-07,271.437,0.08413827149448516
118989,2024-08-08,279.7092,0.030475579968832545
118989,2024-08-10,245.507,-0.1222777084200305
118989,2024-08-11,271.1011,0.10424998065228275
118989,2024-09-01,204.729,-0.24482416338406587
118989,2024-09-02,208.8039,0.01990387292469542
118989,2024-09-04,250.4742,0.19956667476038525
118989,2024-09-05,251.1228,0.002589488258671002
118989,2024-09-07,269.5982,0.07357117712927708
118989,2024-09-08,281.6743,0.04479295484910506
118989,2024-09-09,260.9699,-0.07350475353981534
118989,2024-09-10,246.4305,-0.05571293854195447
118989,2024-09-12,266.8491,0.08285743850700311
118989,2024-10-01,210.9391,-0.209519162702816
118989,2024-10-04,246.2156,0.16723547222871438
118989,2024-10-05,255.6059,0.038138525747353214
118989,2024-10-06,250.804,-0.01878634256877476
118989,2024-10-07,263.1158,0.049089328718840086
118989,2024-10-09,262.9249,-0.0007255360567476332
118989,2024-10-10,246.7982,-0.06133576546002284
118989,2024-10-12,258.8232,0.04872401824648631
118989,2024-11-01,209.1798,-0.1918042895690958
118989,2024-11-03,229.6459,0.09783975316928317
118989,2024-11-04,238.8968,0.04028332315099026
118989,2024-11-06,255.3848,0.06901724928923292
118989,2024-11-07,269.1467,0.053886918876926204
118989,2024-11-09,266.6424,-0.009304591139330354
118989,2024-11-10,246.8297,-0.0743043866991896
118989,2024-11-11,270.3089,0.09512307473533377
118989,2024-11-12,254.8517,-0.05718346676709496
118989,2024-12-01,210.0193,-0.1759156403508394
118989,2024-12-02,209.4312,-0.0028002188370306325
118989,2024-12-03,234.7076,0.12069070892971068
118989,2024-12-04,239.0058,0.01831299881213888
118989,2024-12-06,256.4959,0.07317855884668911
118989,2024-12-07,263.7939,0.02845269651483706
118989,2024-12-08,278.3151,0.055047520052586396
118989,2024-12-09,270.5297,-0.027973329510328382
118989,2024-12-11,271.5893,0.003916760340916259
118989,2024-12-12,255.6055,-0.05885283404022168
118989,2025-01-01,253.166,-0.009544004334805067
118989,2025-01-04,278.0843,0.09842672396767327
118989,2025-01-05,305.3714,0.09812528071523641
118989,2025-01-07,335.4184,0.09839493809832889
118989,2025-01-08,284.2702,-0.15249073992362983
118989,2025-01-09,314.8957,0.107733768787583
118989,2025-01-10,323.7101,0.027991490515748563
118989,2025-01-12,352.3838,0.0885783298080598
118989,2025-02-01,254.8347,-0.2768262899713324
118989,2025-02-04,283.5886,0.11283353483650371
118989,2025-02-05,302.9161,0.06815330376467887
118989,2025-02-06,316.2067,0.04387551536547596
118989,2025-02-07,326.0978,0.03128048836409847
118989,2025-02-09,318.3569,-0.023737970633349925
118989,2025-02-10,326.0196,0.024069526999414892
118989,2025-02-12,352.9532,0.08261343796507936
118989,2025-03-01,250.1207,-0.29134882471670465
118989,2025-03-02,268.1628,0.072133573910516
118989,2025-03-03,268.9267,0.002848642690186587
118989,2025-03-04,284.2459,0.05696422110560251
118989,2025-03-06,318.2688,0.11969530607125733
118989,2025-03-07,324.4385,0.019385186358197748
118989,2025-03-09,324.0495,-0.0011989945706195604
118989,2025-03-10,317.4336,-0.020416325283637238
118989,2025-03-11,281.3543,-0.11365936057178572
118989,2025-03-12,366.2169,0.30162183410738685
118989,2025-04-02,264.8413,-0.2768184646858187
118989,2025-04-03,267.641,0.010571236434800957
118989,2025-04-04,283.524,0.059344420324240144
118989,2025-04-06,315.3541,0.11226598101042606
118989,2025-04-07,321.2848,0.018806478178022834
118989,2025-04-08,286.6338,-0.107851351822433
118989,2025-04-09,321.992,0.1233567011287573
118989,2025-04-11,288.8947,-0.10278919973167044
118989,2025-04-12,366.2278,0.26768611539083276
118989,2025-05-02,265.0829,-0.2761802899725253
118989,2025-05-03,263.7755,-0.0049320420140264165
118989,2025-05-05,301.0902,0.1414638584705552
118989,2025-05-06,320.7678,0.06535450174067448
118989,2025-05-08,284.166,-0.11410683990101256
118989,2025-05-09,315.6081,0.11064694579928624
118989,2025-05-11,294.8588,-0.06574387666222758
118989,2025-05-12,365.2325,0.23866915282840484
118989,2025-06-01,254.6252,-0.30284079319337687
118989,2025-06-02,268.1995,0.05331090559771767
118989,2025-06-03,265.2908,-0.010845284946467082
118989,2025-06-05,297.2899,0.12061895851646565
118989,2025-06-06,322.8056,0.085827671912164
118989,2025-06-08,286.131,-0.1136120315137038
118989,2025-06-10,314.0307,0.09750673642492447
118989,2025-06-11,293.9858,-0.06383102034291566
118989,2025-07-01,243.9813,-0.170091548639424
118989,2025-07-02,268.1202,0.09893750053795114
118989,2025-07-03,266.2235,-0.007074066034562176
118989,2025-07-04,285.498,0.0723996942418681
118989,2025-07-05,303.137,0.06178326993534111
118989,2025-07-07,318.2693,0.049919013515341115
118989,2025-07-08,283.251,-0.1100272630756407
118989,2025-07-10,305.7798,0.07953652414289825
118989,2025-07-11,296.2184,-0.03126890657917902
118989,2025-08-01,247.1557,-0.16563015666818803
118989,2025-08-04,286.6538,0.15981059712561763
118989,2025-08-05,301.5936,0.052117920641554294
118989,2025-08-07,321.2908,0.06531040446481629
118989,2025-08-08,284.263,-0.11524699742414046
118989,2025-08-09,316.0926,0.11197236362101304
118989,2025-08-10,311.2683,-0.015262299718500238
118989,2025-08-12,370.1588,0.1891953019308421
118989,2025-09-01,250.743,-0.3226069459918284
118989,2025-09-04,290.0953,0.15694276609915336
118989,2025-09-05,298.4649,0.028851208551121
118989,2025-09-06,328.41,0.10033039060874493
118989,2025-09-07,317.3044,-0.0338162662525503
118989,2025-09-09,312.3742,-0.015537761216043666
118989,2025-09-10,311.3085,-0.0034116133790819125
118989,2025-09-12,368.3795,0.18332618608229456
118989,2025-10-01,249.2421,-0.3234094188194512
118989,2025-10-02,266.6821,0.0699721275017342
118989,2025-10-03,274.7839,0.03037999175797701
118989,2025-10-04,292.5814,0.06476907853771618
118989,2025-10-06,323.2362,0.10477357754115624
118989,2025-10-07,314.585,-0.026764328995329212
118989,2025-10-09,307.5869,-0.02224549803709641
118989,2025-10-10,301.0586,-0.021224245896037885
118989,2025-10-11,294.9598,-0.020257850132831434
118989,2025-10-12,369.0352,0.25113727362169347
118989,2025-11-02,267.6286,-0.2747884212671311
118989,2025-11-03,272.346,0.017626666208319985
118989,2025-11-04,295.8781,0.08640516108185925
118989,2025-11-06,328.4325,0.11002639262588199
118989,2025-11-07,304.8939,-0.07166952113447977
118989,2025-11-08,280.4798,-0.08007408478818356
118989,2025-11-09,304.4175,0.08534554003532513
118989,2025-11-11,304.1985,-0.0007194067358150535
118989,2025-11-12,377.0217,0.23939368537320194
118989,2025-12-02,270.5612,-0.2823723409023937
118989,2025-12-03,278.3653,0.028844121034353742
118989,2025-12-05,301.7792,0.08411213610317092
118989,2025-12-06,338.9712,0.12324242359977089
118989,2025-12-08,286.9994,-0.15332217014306826
118989,2025-12-09,315.9183,0.10076292842424062
118989,2025-12-11,309.5936,-0.020020049487478264
118989,2025-12-12,377.3189,0.2187554910695828
118989,2026-01-01,412.8678,0.09421446951106871
118989,2026-01-04,391.8611,-0.050879966904660456
118989,2026-01-05,363.0937,-0.07341223714219147
118989,2026-02-01,407.798,0.12312056089103174
118989,2026-02-02,373.2762,-0.08465416701406081
118989,2026-02-03,415.109,0.11206929346151706
118989,2026-02-04,396.2794,-0.04536061612733033
118989,2026-03-02,378.7628,-0.04420265095788467
118989,2026-03-03,419.6652,0.10798948576787382
118989,2026-03-04,395.876,-0.05668613933202005
118989,2026-04-02,383.6161,-0.030969040810758797
118989,2026-04-03,426.9064,0.11284797483734388
118989,2026-04-05,375.8438,-0.11961076245284685
118989,2026-05-01,409.8137,0.09038302614011462
118989,2026-05-02,383.8393,-0.0633809948276497
118989,2026-05-03,426.5269,0.11121216613306673
118989,2026-05-05,371.839,-0.12821676663300718
118989,2026-06-01,414.4195,0.11451327052837401
118989,2026-06-02,375.236,-0.0945503288334647
118989,2026-06-03,414.7826,0.10539127375838153
118989,2026-06-04,407.3613,-0.01789202343589147
118989,2026-06-05,370.2505,-0.09110045554155499
118989,2026-07-01,420.2944,0.13516227527039137
118989,2026-07-04,409.6478,-0.025331291589895
118989,2026-07-05,370.1485,-0.09642258545023308
118989,2026-08-01,414.4412,0.11966197350522823
118989,2026-08-04,407.6411,-0.01640787643699515
118989,2026-08-05,366.5172,-0.1008826146333135
118989,2026-09-01,417.3498,0.13869089909013832
118989,2026-09-02,382.2306,-0.08414811747843187
118989,2026-09-03,414.5402,0.08452907747312755
118989,2026-09-04,406.3303,-0.019804834368295277
118989,2026-10-02,378.6018,-0.06824128055426826
118989,2026-10-03,408.5842,0.07919243912733642
118989,2026-10-04,406.7767,-0.004423812766132462
118989,2026-11-02,376.2164,-0.0751279510355436
118989,2026-11-03,404.3031,0.07465570347278838
118989,2026-11-05,372.7383,-0.07807211965478378
118989,2026-12-01,413.2667,0.10873151484567067
118989,2026-12-02,389.452,-0.05762549946559936
118989,2026-12-03,396.9705,0.019305331594137387
118989,2026-12-05,359.6689,-0.09396567251218924
118991,2022-01-02,292.6647,
118991,2022-01-03,344.9669,0.1787103125180456
118991,2022-01-04,364.6817,0.05714983089681924
118991,2022-01-06,415.0844,0.13821011583526133
118991,2022-01-07,385.0284,-0.07240937023892013
118991,2022-01-08,417.3984,0.08407172042374023
118991,2022-01-09,399.1366,-0.043751485391415046
118991,2022-01-11,423.6631,0.06144888742350374
118991,2022-01-12,403.5204,-0.0475441453362353
118991,2022-02-02,288.3441,-0.2854286920809951
118991,2022-02-03,341.7529,0.18522591584152392
118991,2022-02-05,434.6402,0.2717966694649847
118991,2022-02-06,408.2923,-0.06062002548314671
118991,2022-02-08,416.6754,0.02053210408327577
118991,2022-02-09,389.4688,-0.06529447142787892
118991,2022-02-11,407.6875,0.046778329868785384
118991,2022-02-12,401.9708,-0.01402225969645865
118991,2022-03-01,282.0607,-0.2983054988073761
118991,2022-03-02,289.3288,0.02576785776962187
118991,2022-03-03,337.8359,0.16765389411631326
118991,2022-03-05,427.0898,0.2641930594113888
118991,2022-03-06,400.8059,-0.061541858410104844
118991,2022-03-08,425.558,0.06175582744665187
118991,2022-03-10,409.5667,-0.0375772515144821
118991,2022-03-11,412.1839,0.006390167950665937
118991,2022-04-01,287.9317,-0.30144845541031573
118991,2022-04-02,284.5807,-0.01163817669259759
118991,2022-04-03,328.2606,0.15348862378931538
118991,2022-04-04,371.4296,0.13150831991411693
118991,2022-04-05,428.8208,0.15451434134490105
118991,2022-04-07,387.1183,-0.09724924723800721
118991,2022-04-08,426.3179,0.10126000243336475
118991,2022-04-10,404.9156,-0.0502026773916836
118991,2022-04-11,411.4814,0.016215231025922483
118991,2022-05-01,287.6552,-0.3009278183655446
118991,2022-05-04,370.24,0.2870964960828104
118991,2022-05-05,432.0144,0.16684961106309415
118991,2022-05-07,387.534,-0.10296045687365984
118991,2022-05-08,433.7587,0.1192790826095258
118991,2022-05-09,387.2145,-0.10730436069639637
118991,2022-05-10,412.3338,0.06487179586508263
118991,2022-05-12,400.1441,-0.02956269895895025
118991,2022-06-01,287.657,-0.2811164777888766
118991,2022-06-04,368.2389,0.2801318931922394
118991,2022-06-05,429.1405,0.1653861121136304
118991,2022-06-06,399.7622,-0.06845846523457932
118991,2022-06-07,384.1902,-0.03895315765222429
118991,2022-06-09,380.0089,-0.010883411393627473
118991,2022-06-10,413.865,0.08909291335018743
118991,2022-06-12,400.2989,-0.03277904630737083
118991,2022-07-01,287.6413,-0.28143369866866985
118991,2022-07-02,294.3288,0.023249442969420553
118991,2022-07-03,323.0527,0.09759119732761468
118991,2022-07-04,374.3605,0.1588217649937611
118991,2022-07-06,397.4459,0.06166622814105649
118991,2022-07-07,393.0537,-0.011051063805161965
118991,2022-07-09,393.2309,0.0004508289834188606
118991,2022-07-10,404.457,0.028548366875543074
118991,2022-07-11,404.4611,1.013704794328163e-05
118991,2022-07-12,394.2491,-0.025248410786599673
118991,2022-08-02,302.5262,-0.23265214809621626
118991,2022-08-03,317.7594,0.05035332476988774
118991,2022-08-04,373.9678,0.17688981034077988
118991,2022-08-06,397.6557,0.06334208453241175
118991,2022-08-07,406.6882,0.02271437326310166
118991,2022-08-08,429.3742,0.05578229218354491
118991,2022-08-09,383.966,-0.10575437462241555
118991,2022-08-11,400.6337,0.04340931228285827
118991,2022-08-12,405.4885,0.012117802371592878
118991,2022-09-02,306.2753,-0.2446757429618842
118991,2022-09-03,315.0323,0.02859192367128527
118991,2022-09-05,432.9668,0.374356851662512
118991,2022-09-06,391.3948,-0.09601659988710454
118991,2022-09-08,423.3508,0.08164646030044342
118991,2022-09-09,383.3336,-0.0945249188143733
118991,2022-09-11,411.1983,0.07269047117184613
118991,2022-09-12,415.1868,0.009699699633972214
118991,2022-10-01,294.5188,-0.29063544409408004
118991,2022-10-02,306.9383,0.04216878515055744
118991,2022-10-03,324.0644,0.0557965558550364
118991,2022-10-05,442.804,0.36640741778485997
118991,2022-10-06,398.6939,-0.09961540546155856
118991,2022-10-08,430.0523,0.07865282112417571
118991,2022-10-10,413.7963,-0.037800053621385166
118991,2022-10-11,403.0063,-0.0260756318990768
118991,2022-11-01,288.8066,-0.2833695155634044
118991,2022-11-02,303.4598,0.05073706764319086
118991,2022-11-03,323.3236,0.06545776409264104
118991,2022-11-04,376.7918,0.16537054517517435
118991,2022-11-05,439.6859,0.16692003382239196
118991,2022-11-07,415.4516,-0.05511730078221755
118991,2022-11-08,433.1473,0.04259389060001206
118991,2022-11-10,415.9198,-0.03977284401865133
118991,2022-11-11,406.6252,-0.022347096723935755
118991,2022-12-01,298.1972,-0.2666534194142419
118991,2022-12-04,381.4884,0.2793158352928866
118991,2022-12-05,439.497,0.15205862091743816
118991,2022-12-07,419.8539,-0.04469450303415046
118991,2022-12-08,424.1418,0.010212838323045093
118991,2022-12-09,371.6293,-0.1238088299714859
118991,2022-12-10,426.1457,0.14669564536488378
118991,2022-12-12,427.5079,0.003196559298850099
118991,2023-01-02,432.1993,0.01097383229643234
118991,2023-01-03,376.7544,-0.12828549236428666
118991,2023-01-05,338.4863,-0.10157306722894266
118991,2023-01-06,355.7482,0.050997337262985054
118991,2023-01-08,284.3042,-0.20082743918310764
118991,2023-01-09,235.8475,-0.17043962065984253
118991,2023-01-11,227.7767,-0.03422041785475782
118991,2023-01-12,218.3605,-0.04133961024108257
118991,2023-02-01,418.9554,0.9186409629946808
118991,2023-02-02,422.318,0.008026152664460273
118991,2023-02-03,383.0535,-0.09297377805350471
118991,2023-02-05,347.3031,-0.09333004397558042
118991,2023-02-06,350.0539,0.007920459103301969
118991,2023-02-08,278.3179,-0.2049284410200829
118991,2023-02-10,229.033,-0.1770813160059056
118991,2023-02-11,225.3829,-0.01593700471111137
118991,2023-03-01,422.0086,0.8724073565474577
118991,2023-03-02,427.4046,0.012786469280483992
118991,2023-03-03,385.6535,-0.09768519103444373
118991,2023-03-04,377.3378,-0.021562620331463278
118991,2023-03-05,347.4773,-0.07913466395362456
118991,2023-03-07,324.8079,-0.06523994517051901
118991,2023-03-08,279.089,-0.14075673652026321
118991,2023-03-10,226.402,-0.1887820731021288
118991,2023-03-11,224.8207,-0.006984478935698424
118991,2023-04-01,424.3347,0.8874360768381204
118991,2023-04-04,368.2542,-0.13216100403761455
118991,2023-04-05,341.6142,-0.07234133378519525
118991,2023-04-07,325.8249,-0.046219682905452864
118991,2023-04-08,273.95,-0.15921097497459535
118991,2023-04-09,238.5211,-0.12932615440773865
118991,2023-04-10,220.7961,-0.07431208392045818
118991,2023-04-12,212.8645,-0.03592273595412243
118991,2023-05-01,420.5126,0.9754942698289288
118991,2023-05-04,372.363,-0.11450215760478999
118991,2023-05-05,335.9127,-0.09788915654885155
118991,2023-05-06,338.4078,0.007427822764664915
118991,2023-05-07,316.5969,-0.06445152859951808
118991,2023-05-09,235.4755,-0.256229293464339
118991,2023-05-10,219.2727,-0.06880885697238148
118991,2023-05-12,213.5857,-0.0259357412026211
118991,2023-06-01,414.8936,0.9425158144950714
118991,2023-06-02,422.6524,0.018700698203105492
118991,2023-06-03,386.8389,-0.08473511566478742
118991,2023-06-04,372.2018,-0.037837714873039
118991,2023-06-06,339.6719,-0.08739855637452587
118991,2023-06-07,312.0843,-0.08121837573258195
118991,2023-06-09,236.6864,-0.2415946588790272
118991,2023-06-10,215.8214,-0.08815462147381503
118991,2023-06-11,221.4084,0.025887145574998494
118991,2023-06-12,211.9727,-0.04261672095548319
118991,2023-07-02,426.5106,1.0121015583610533
118991,2023-07-03,373.0556,-0.12533099997983632
118991,2023-07-04,369.8714,-0.008535456913125072
118991,2023-07-06,354.2289,-0.04229172625945121
118991,2023-07-07,315.4522,-0.1094679174962856
118991,2023-07-08,273.4444,-0.133166926716631
118991,2023-07-09,237.9426,-0.12983187807100816
118991,2023-07-11,220.0274,-0.0752921082647664
118991,2023-07-12,214.0249,-0.027280693222753172
118991,2023-08-02,433.711,1.0264511278827837
118991,2023-08-03,381.7894,-0.11971474092195034
118991,2023-08-05,334.5805,-0.1236516781241177
118991,2023-08-06,362.5266,0.08352578826321322
118991,2023-08-08,270.1501,-0.2548130261338064
118991,2023-08-09,248.2172,-0.0811878285442057
118991,2023-08-11,214.7347,-0.13489194141260152
118991,2023-08-12,211.2911,-0.016036532521292557
118991,2023-09-01,412.4166,0.9518881770221275
118991,2023-09-02,435.1473,0.05511587069967594
118991,2023-09-03,383.5366,-0.11860512520702748
118991,2023-09-05,336.197,-0.12342915904244867
118991,2023-09-06,370.0121,0.10058120685193495
118991,2023-09-08,266.1087,-0.28081081672734487
118991,2023-09-10,219.5171,-0.17508484314868322
118991,2023-09-11,214.8749,-0.02114732747471615
118991,2023-10-01,401.4068,0.8680953429181351
118991,2023-10-02,425.9904,0.06124360623686509
118991,2023-10-03,382.9231,-0.1010992266492391
118991,2023-10-04,361.499,-0.0559488315016774
118991,2023-10-05,339.3107,-0.061378593025153694
118991,2023-10-07,307.6014,-0.09345210746374921
118991,2023-10-08,256.1851,-0.16715236016481083
118991,2023-10-10,221.6651,-0.13474632209289295
118991,2023-10-11,215.9113,-0.025957175937935117
118991,2023-11-01,403.4516,0.8685988181257764
118991,2023-11-04,359.7447,-0.10833244929503305
118991,2023-11-05,340.2556,-0.05417480785679407
118991,2023-11-07,317.6144,-0.06654174097355059
118991,2023-11-08,256.9696,-0.19093844611579314
118991,2023-11-09,249.7533,-0.02808231012540008
118991,2023-11-10,217.1888,-0.1303866655615762
118991,2023-11-12,209.1075,-0.03720864059288509
118991,2023-12-01,404.0281,0.932154992049544
118991,2023-12-04,357.257,-0.11576199774223617
118991,2023-12-05,335.2866,-0.06149746541005485
118991,2023-12-06,371.8513,0.10905505916430891
118991,2023-12-07,324.6747,-0.1268695309119533
118991,2023-12-09,246.2441,-0.24156671277435526
118991,2023-12-10,214.477,-0.12900654269483003
118991,2023-12-12,215.4814,0.00468301962448181
118991,2024-01-01,191.0609,-0.11332996722686972
118991,2024-01-02,159.9787,-0.1626821605048443
118991,2024-01-03,160.6228,0.0040261609826808265
118991,2024-01-04,158.0681,-0.01590496492403337
118991,2024-01-05,167.5554,0.060020333008367954
118991,2024-01-07,137.6772,-0.17831833530879937
118991,2024-01-08,153.8605,0.11754524351163442
118991,2024-01-10,169.9684,0.10469158750946472
118991,2024-01-11,208.4675,0.22650739784571727
118991,2024-02-01,190.9377,-0.0840888867569285
118991,2024-02-02,161.9165,-0.15199303228225747
118991,2024-02-04,159.3565,-0.015810618436045698
118991,2024-02-05,165.3211,0.0374292859092662
118991,2024-02-07,140.4241,-0.15059783657379477
118991,2024-02-08,153.1229,0.09043177061487295
118991,2024-02-09,169.2808,0.10552242675654666
118991,2024-02-10,178.4532,0.05418452653815442
118991,2024-02-12,225.0372,0.26104323150271336
118991,2024-03-01,186.5519,-0.17101750288396778
118991,2024-03-04,159.2544,-0.1463265718548028
118991,2024-03-05,166.3672,0.044663130186669786
118991,2024-03-06,152.5661,-0.08295565472040156
118991,2024-03-07,142.1104,-0.06853226240953925
118991,2024-03-09,170.2196,0.19779833143809333
118991,2024-03-10,177.4998,0.04276945780626895
118991,2024-03-12,226.5377,0.2762701704452626
118991,2024-04-01,188.3148,-0.16872644155917538
118991,2024-04-03,156.4801,-0.16905044106995304
118991,2024-04-04,164.3873,0.05053166504878259
118991,2024-04-06,154.5291,-0.059969352863633696
118991,2024-04-07,143.6587,-0.07034532654367354
118991,2024-04-09,171.3232,0.19257100335726274
118991,2024-04-10,181.793,0.06111139647169783
118991,2024-04-11,208.1551,0.14501163411132434
118991,2024-04-12,224.4337,0.0782041852445603
118991,2024-05-01,185.0128,-0.17564608167133544
118991,2024-05-02,157.124,-0.15073984070291357
118991,2024-05-03,157.7274,0.003840279015300041
118991,2024-05-04,164.6705,0.04401961865852111
118991,2024-05-06,152.0379,-0.07671440847024813
118991,2024-05-07,144.2588,-0.051165531752280224
118991,2024-05-08,159.6713,0.10683923615058477
118991,2024-05-09,168.6111,0.05598877193334051
118991,2024-05-11,208.5376,0.23679639122216756
118991,2024-05-12,224.6359,0.07719615071814379
118991,2024-06-02,155.9236,-0.3058829866463909
118991,2024-06-03,158.8835,0.018983014758509942
118991,2024-06-05,170.8289,0.07518338908697264
118991,2024-06-06,153.9309,-0.09891768898588005
118991,2024-06-08,161.1225,0.04671966447282516
118991,2024-06-09,169.9025,0.05449269965399006
118991,2024-06-11,213.2521,0.25514397963537916
118991,2024-06-12,215.4514,0.01031314580255005
118991,2024-07-02,159.0596,-0.2617379139796725
118991,2024-07-03,162.2722,0.02019746057452676
118991,2024-07-05,168.9172,0.04094971288982352
118991,2024-07-06,154.3245,-0.08638966310121177
118991,2024-07-08,159.7431,0.03511172885705127
118991,2024-07-10,186.4899,0.16743633997336982
118991,2024-07-11,221.7909,0.18929175252922548
118991,2024-08-01,187.2679,-0.1556556197752027
118991,2024-08-02,157.8728,-0.15696817233492755
118991,2024-08-03,166.4159,0.05411381821314354
118991,2024-08-04,167.8279,0.00848476617919336
118991,2024-08-05,170.4044,0.01535203622282122
118991,2024-08-07,147.6795,-0.13335864566877387
118991,2024-08-08,162.1388,0.09791000104957037
118991,2024-08-10,189.7654,0.1703885806481853
118991,2024-08-11,228.1422,0.20223286226045434
118991,2024-09-01,183.4408,-0.1959365693852343
118991,2024-09-02,151.9478,-0.17167936467786882
118991,2024-09-04,170.2975,0.12076318314579093
118991,2024-09-05,166.1863,-0.024141282167970957
118991,2024-09-07,146.92,-0.1159319390346858
118991,2024-09-08,160.57,0.09290770487340061
118991,2024-09-09,169.1788,0.053614000124556194
118991,2024-09-10,189.1933,0.1183038300307131
118991,2024-09-12,218.8509,0.15675819386838752
118991,2024-10-01,181.2717,-0.17171142544992957
118991,2024-10-04,166.4281,-0.08188592041670051
118991,2024-10-05,172.3288,0.035454950215738856
118991,2024-10-06,151.6065,-0.12024861775861018
118991,2024-10-07,146.2331,-0.03544307137226965
118991,2024-10-09,167.1402,0.14297105101375807
118991,2024-10-10,190.2737,0.13840775588398246
118991,2024-10-12,226.0932,0.18825250152806206
118991,2024-11-01,180.1922,-0.20301804742469032
118991,2024-11-03,166.0959,-0.07822924632697759
118991,2024-11-04,166.0112,-0.0005099463623123857
118991,2024-11-06,146.1696,-0.11951964686719929
118991,2024-11-07,141.2976,-0.033331144095625986
118991,2024-11-09,169.601,0.20031055021458255
118991,2024-11-10,186.0132,0.0967694765950673
118991,2024-11-11,231.8697,0.24652282741224796
118991,2024-11-12,221.8833,-0.04306901677968278
118991,2024-12-01,182.4787,-0.17759155375821434
118991,2024-12-02,155.53,-0.14768134582282755
118991,2024-12-03,167.773,0.07871793223172374
118991,2024-12-04,172.4474,0.027861455657346434
118991,2024-12-06,147.0826,-0.1470871697688685
118991,2024-12-07,144.0616,-0.020539479177006714
118991,2024-12-08,156.1353,0.08380928713827984
118991,2024-12-09,167.3223,0.07164939638890133
118991,2024-12-11,234.4567,0.4012280491004485
118991,2024-12-12,218.2498,-0.06912534382681335
118991,2025-01-01,204.4565,-0.063199599724719
118991,2025-01-04,154.1399,-0.24609929251454465
118991,2025-01-05,163.3256,0.05959326559832978
118991,2025-01-07,152.7002,-0.06505654961622676
118991,2025-01-08,160.9544,0.054054939024310356
118991,2025-01-09,171.3224,0.06441575999164972
118991,2025-01-10,163.7171,-0.04439174328634199
118991,2025-01-12,189.5675,0.15789676215862603
118991,2025-02-01,203.1634,0.07172062721721817
118991,2025-02-04,152.5976,-0.2488922709503778
118991,2025-02-05,164.7121,0.07938853559951142
118991,2025-02-06,158.5473,-0.03742772996033672
118991,2025-02-07,150.6609,-0.04974162284693595
118991,2025-02-09,170.8751,0.13417017952235777
118991,2025-02-10,165.1617,-0.03343611795984325
118991,2025-02-12,191.5539,0.15979612706820046
118991,2025-03-01,205.9091,0.0749407869012324
118991,2025-03-02,183.8995,-0.10688988490552387
118991,2025-03-03,160.4047,-0.12775891179693255
118991,2025-03-04,155.3386,-0.031583239144488795
118991,2025-03-06,159.0008,0.0235755955055601
118991,2025-03-07,156.098,-0.018256511916921125
118991,2025-03-09,176.5451,0.13098886596881432
118991,2025-03-10,170.3556,-0.03505903024213064
118991,2025-03-11,178.6541,0.048712810145366436
118991,2025-03-12,193.3384,0.08219402745305038
118991,2025-04-02,187.2485,-0.031498657276567976
118991,2025-04-03,160.6875,-0.14184893336929272
118991,2025-04-04,155.8227,-0.03027491248541425
118991,2025-04-06,161.6578,0.03744704718888836
118991,2025-04-07,151.5204,-0.06270900630838727
118991,2025-04-08,158.9399,0.048967003782989016
118991,2025-04-09,175.3831,0.1034554570627011
118991,2025-04-11,182.1227,0.03842787588998031
118991,2025-04-12,193.7668,0.0639354676819528
118991,2025-05-02,189.0498,-0.02434369561761862
118991,2025-05-03,161.0465,-0.14812657828783737
118991,2025-05-05,166.2465,0.032288810995581896
118991,2025-05-06,159.9874,-0.0376495144258675
118991,2025-05-08,158.3376,-0.01031206207488844
118991,2025-05-09,175.1909,0.10643902648518089
118991,2025-05-11,183.8967,0.049693220367039714
118991,2025-05-12,197.4512,0.07370714101993125
118991,2025-06-01,208.9152,0.05805991556394696
118991,2025-06-02,190.0831,-0.09014231611677848
118991,2025-06-03,158.1944,-0.16776188940521275
118991,2025-06-05,168.3546,0.06422604087123185
118991,2025-06-06,158.5267,-0.05837618930519273
118991,2025-06-08,159.6819,0.007287100532591628
118991,2025-06-10,162.2528,0.016100134079065853
118991,2025-06-11,184.8116,0.13903488876617232
118991,2025-07-01,206.9823,0.11996379015170056
118991,2025-07-02,185.6194,-0.10321124076793042
118991,2025-07-03,156.7722,-0.15541047972356348
118991,2025-07-04,158.0342,0.008049896601565854
118991,2025-07-05,171.0697,0.08248531014172888
118991,2025-07-07,148.1774,-0.1338185546592997
118991,2025-07-08,159.3286,0.075255740753988
118991,2025-07-10,160.7811,0.009116379607929881
118991,2025-07-11,187.556,0.16653014564522817
118991,2025-08-01,209.3843,0.11638284032502288
118991,2025-08-04,158.604,-0.24252200379875655
118991,2025-08-05,166.9694,0.052743940884214746
118991,2025-08-07,147.0328,-0.1194027169050137
118991,2025-08-08,159.9797,0.0880545021246959
118991,2025-08-09,178.4117,0.11521461785464027
118991,2025-08-10,157.2642,-0.11853202452529743
118991,2025-08-12,201.9591,0.2842026348018176
118991,2025-09-01,206.345,0.02171677334668254
118991,2025-09-04,162.614,-0.21193147398773893
118991,2025-09-05,165.5286,0.017923426027279366
118991,2025-09-06,158.6807,-0.04136989015795467
118991,2025-09-07,146.4778,-0.0769022319664584
118991,2025-09-09,177.2229,0.20989597058393827
118991,2025-09-10,157.5539,-0.1109845285231198
118991,2025-09-12,204.7505,0.2995584368270159
118991,2025-10-01,211.3752,0.0323549881441072
118991,2025-10-02,186.058,-0.1197737482921365
118991,2025-10-03,154.2343,-0.1710418256672651
118991,2025-10-04,159.7544,0.03579035272958109
118991,2025-10-06,161.2627,0.009441367499111175
118991,2025-10-07,144.2019,-0.10579507846513792
118991,2025-10-09,174.939,0.21315322474946585
118991,2025-10-10,156.7171,-0.1041614505627676
118991,2025-10-11,181.0321,0.1551521818614563
118991,2025-10-12,202.6981,0.11968043236530979
118991,2025-11-02,178.4446,-0.11965331692798309
118991,2025-11-03,150.9183,-0.1542568393775997
118991,2025-11-04,163.7026,0.0847100716082807
118991,2025-11-06,157.3783,-0.038632862275858715
118991,2025-11-07,141.2738,-0.10232986377410358
118991,2025-11-08,164.6397,0.1653944326548873
118991,2025-11-09,167.9383,0.020035264884471937
118991,2025-11-11,181.8178,0.08264642431178593
118991,2025-11-12,198.9492,0.09422289786808546
118991,2025-12-02,181.2498,-0.08896441905772934
118991,2025-12-03,149.3885,-0.17578667673012605
118991,2025-12-05,159.9627,0.07078322628582545
118991,2025-12-06,158.8964,-0.006665928994696979
118991,2025-12-08,163.5916,0.029548812937234548
118991,2025-12-09,165.1998,0.009830578098142029
118991,2025-12-11,182.0895,0.10223801723730896
118991,2025-12-12,197.1107,0.082493499076004
118991,2026-01-01,217.1318,0.10157287250260882
118991,2026-01-04,200.0082,-0.07886269998222284
118991,2026-01-05,206.3979,0.03194719016520331
118991,2026-02-01,214.2369,0.03798003758759183
118991,2026-02-02,228.2813,0.06555546686868596
118991,2026-02-03,214.9089,-0.058578604554994196
118991,2026-02-04,198.62,-0.07579444127255774
118991,2026-03-02,230.0459,0.15822122646259174
118991,2026-03-03,209.7527,-0.08821369996161632
118991,2026-03-04,191.5434,-0.0868131852414773
118991,2026-04-02,229.9168,0.20033788687054743
118991,2026-04-03,208.8206,-0.09175580035908637
118991,2026-04-05,205.0552,-0.018031745910125685
118991,2026-05-01,218.6959,0.0665220877110162
118991,2026-05-02,229.3276,0.04861408009935264
118991,2026-05-03,207.8806,-0.09352123337967166
118991,2026-05-05,203.9021,-0.019138390018116125
118991,2026-06-01,222.0244,0.08887745638715838
118991,2026-06-02,228.4989,0.02916120930852628
118991,2026-06-03,198.7762,-0.1300780879032678
118991,2026-06-04,194.1156,-0.023446468943465026
118991,2026-06-05,200.8387,0.03463451675187357
118991,2026-07-01,218.6419,0.08864427025269528
118991,2026-07-04,193.793,-0.11365113457210163
118991,2026-07-05,204.1047,0.05320986826149543
118991,2026-08-01,215.2115,0.05441716922736228
118991,2026-08-04,192.9496,-0.10344196290625729
118991,2026-08-05,205.6014,0.06557049094685863
118991,2026-09-01,219.0197,0.06526366065600708
118991,2026-09-02,223.7878,0.02177018779589246
118991,2026-09-03,200.7841,-0.10279246679220233
118991,2026-09-04,192.1226,-0.043138375996904066
118991,2026-10-02,221.1414,0.15104313599753483
118991,2026-10-03,200.2343,-0.09454177282046694
118991,2026-10-04,192.277,-0.03973994465483688
118991,2026-11-02,219.6047,0.14212672342505872
118991,2026-11-03,204.6042,-0.06830682585573089
118991,2026-11-05,203.083,-0.007434842491014337
118991,2026-12-01,220.6509,0.08650600985803836
118991,2026-12-02,220.1741,-0.002160879470693322
118991,2026-12-03,205.5105,-0.06660002243678975
118991,2026-12-05,205.4081,-0.0004982713778615144
119000,2022-01-02,4317.553,
119000,2022-01-03,4334.7485,0.003982695753821597
119000,2022-01-04,4351.3446,0.003828618892191882
119000,2022-01-06,4384.9289,0.00771814303100693
119000,2022-01-07,4399.1289,0.003238364936772431
119000,2022-01-08,4418.9076,0.004496049206468955
119000,2022-01-09,4435.0109,0.0036441811998966234
119000,2022-01-11,4469.5236,0.007781874899112529
119000,2022-01-12,4487.4741,0.004016199847339363
119000,2022-02-02,4318.092,-0.03774553261488478
119000,2022-02-03,4335.1365,0.003947229470794067
119000,2022-02-05,4369.3953,0.007902588534409505
119000,2022-02-06,4385.2438,0.003627160948335373
119000,2022-02-08,4419.3186,0.007770331948248721
119000,2022-02-09,4436.5436,0.0038976596980357936
119000,2022-02-11,4470.3855,0.007627987697449878
119000,2022-02-12,4487.8867,0.00391491964171764
119000,2022-03-01,4299.3587,-0.042008190625668074
119000,2022-03-02,4318.9404,0.0045545629863357195
119000,2022-03-03,4336.5747,0.004083015361823428
119000,2022-03-05,4369.9222,0.007689824874917983
119000,2022-03-06,4385.6479,0.0035986224194106686
119000,2022-03-08,4419.8396,0.007796271105120045
119000,2022-03-10,4454.009,0.007730914035884773
119000,2022-03-11,4470.9844,0.00381126306659918
119000,2022-04-01,4299.5882,-0.03833522657784272
119000,2022-04-02,4320.1198,0.004775248010960631
119000,2022-04-03,4337.5246,0.004028777164929442
119000,2022-04-04,4352.606,0.0034769601076152234
119000,2022-04-05,4370.4319,0.004095454539188692
119000,2022-04-07,4399.9489,0.006753794745091524
119000,2022-04-08,4420.9563,0.004774464539804013
119000,2022-04-10,4454.1348,0.007504824239045194
119000,2022-04-11,4472.6469,0.004156160698145062
119000,2022-05-01,4300.532,-0.03848166507398554
119000,2022-05-04,4353.3859,0.012290084110524013
119000,2022-05-05,4371.084,0.004065364386832693
119000,2022-05-07,4401.2953,0.0069116264981410325
119000,2022-05-08,4421.7411,0.00464540518333334
119000,2022-05-09,4436.8057,0.0034069385021207044
119000,2022-05-10,4455.3801,0.004186435299612157
119000,2022-05-12,4489.3609,0.007626913806972224
119000,2022-06-01,4300.7579,-0.042011102292979
119000,2022-06-04,4354.5333,0.01250370312637239
119000,2022-06-05,4371.8425,0.003974983955226552
119000,2022-06-06,4386.0216,0.0032432778628233017
119000,2022-06-07,4401.2596,0.0034742190964129893
119000,2022-06-09,4437.8165,0.008306008579907376
119000,2022-06-10,4455.7962,0.004051474413148792
119000,2022-06-12,4489.9651,0.0076684162529696565
119000,2022-07-01,4301.4738,-0.041980571296645675
119000,2022-07-02,4319.7531,0.004249543493674235
119000,2022-07-03,4339.1928,0.0045001877537862445
119000,2022-07-04,4355.0635,0.003657523583649125
119000,2022-07-06,4386.2028,0.007150136846454602
119000,2022-07-07,4402.1616,0.0036384090585142026
119000,2022-07-09,4437.8264,0.008101656240879329
119000,2022-07-10,4456.9367,0.004306229734448497
119000,2022-07-11,4473.1764,0.0036436909682833196
119000,2022-07-12,4491.3066,0.004053093010148112
119000,2022-08-02,4320.9309,-0.03793455116157063
119000,2022-08-03,4339.8357,0.004375168323103473
119000,2022-08-04,4355.8045,0.00367958630323284
119000,2022-08-06,4386.5732,0.007063838608918127
119000,2022-08-07,4403.0904,0.0037653993782664763
119000,2022-08-08,4422.5533,0.004420281718494623
119000,2022-08-09,4438.4919,0.003603936214855885
119000,2022-08-11,4473.5097,0.007889571680867569
119000,2022-08-12,4493.5249,0.004474160411455097
119000,2022-09-02,4321.4691,-0.038289717722494454
119000,2022-09-03,4339.9192,0.00426940458743541
119000,2022-09-05,4372.9633,0.007613989679807975
119000,2022-09-06,4387.276,0.0032729979691343836
119000,2022-09-08,4423.3665,0.00822617496596978
119000,2022-09-09,4439.5506,0.003658774374675877
119000,2022-09-11,4474.6767,0.007912084615050885
119000,2022-09-12,4493.9413,0.004305249583729909
119000,2022-10-01,4302.8379,-0.042524676501671244
119000,2022-10-02,4322.0685,0.004469282935338992
119000,2022-10-03,4340.7014,0.0043111070544115115
119000,2022-10-05,4373.6434,0.007589096084793967
119000,2022-10-06,4387.4769,0.003162923616497837
119000,2022-10-08,4424.6557,0.008473845184233442
119000,2022-10-10,4457.0188,0.0073142640228480715
119000,2022-10-11,4475.8992,0.004236105084411967
119000,2022-11-01,4303.5904,-0.03849702424040291
119000,2022-11-02,4323.5878,0.004646678271240656
119000,2022-11-03,4340.8375,0.003989672651032894
119000,2022-11-04,4357.2912,0.003790443664384968
119000,2022-11-05,4374.5732,0.003966225622010322
119000,2022-11-07,4404.0248,0.006732451065169176
119000,2022-11-08,4424.4237,0.004631876732392737
119000,2022-11-10,4458.5337,0.007709478637861755
119000,2022-11-11,4476.7183,0.004078605484130415
119000,2022-12-01,4304.0303,-0.03857468538951847
119000,2022-12-04,4358.7521,0.012714083355779282
119000,2022-12-05,4375.3639,0.0038111366783168954
119000,2022-12-07,4404.1084,0.006569624985935496
119000,2022-12-08,4425.3459,0.004822201924003622
119000,2022-12-09,4440.3364,0.0033874188230123004
119000,2022-12-10,4459.2137,0.0042513220394744256
119000,2022-12-12,4494.904,0.008003720476549514
119000,2023-01-02,4526.5961,0.007050673384793038
119000,2023-01-03,4543.0255,0.0036295263895977925
119000,2023-01-05,4574.644,0.0069597892417729845
119000,2023-01-06,4592.4588,0.0038942483830435304
119000,2023-01-08,4629.3095,0.008024176504316083
119000,2023-01-09,4645.1746,0.0034270985770123996
119000,2023-01-11,4676.1337,0.006664787153533469
119000,2023-01-12,4696.184,0.004287794422986657
119000,2023-02-01,4509.3165,-0.03979134974268472
119000,2023-02-02,4527.9202,0.004125614159041557
119000,2023-02-03,4544.2888,0.0036150372084740034
119000,2023-02-05,4575.5595,0.006881318810547432
119000,2023-02-06,4593.5889,0.003940370571074325
119000,2023-02-08,4629.4222,0.007800719824971658
119000,2023-02-10,4658.6092,0.006304674479679084
119000,2023-02-11,4676.5252,0.003845782986046542
119000,2023-03-01,4510.9666,-0.03540205449978118
119000,2023-03-02,4528.9896,0.00399537429516772
119000,2023-03-03,4545.2612,0.0035927660332892852
119000,2023-03-04,4557.721,0.0027412726027713497
119000,2023-03-05,4575.8377,0.003974947128181139
119000,2023-03-07,4610.6842,0.007615326915987319
119000,2023-03-08,4630.5977,0.004318990227090591
119000,2023-03-10,4660.3726,0.006430033859343709
119000,2023-03-11,4677.6008,0.0036967430458243467
119000,2023-04-01,4511.5435,-0.03550052839053741
119000,2023-04-04,4558.7719,0.01046834636527394
119000,2023-04-05,4576.56,0.003901949996664822
119000,2023-04-07,4610.9321,0.00751046637649222
119000,2023-04-08,4631.2503,0.004406527695343776
119000,2023-04-09,4646.1777,0.0032231900746113595
119000,2023-04-10,4661.2563,0.0032453773776237593
119000,2023-04-12,4697.4586,0.007766640079413856
119000,2023-05-01,4512.4164,-0.0393919810171397
119000,2023-05-04,4559.3395,0.010398663563052413
119000,2023-05-05,4577.1974,0.003916773471245083
119000,2023-05-06,4594.1908,0.003712621177317077
119000,2023-05-07,4612.1177,0.003902079991975782
119000,2023-05-09,4647.2099,0.007608695675741295
119000,2023-05-10,4662.2766,0.0032420958648757825
119000,2023-05-12,4699.0672,0.007891123405248113
119000,2023-06-01,4513.1414,-0.03956653354521089
119000,2023-06-02,4530.6735,0.003884677754612209
119000,2023-06-03,4545.3241,0.0032336472712060083
119000,2023-06-04,4560.4264,0.0033226013520137876
119000,2023-06-06,4595.2061,0.007626414056369768
119000,2023-06-07,4613.0071,0.0038738197183363354
119000,2023-06-09,4646.5351,0.00726814402691911
119000,2023-06-10,4663.2671,0.003600962790531792
119000,2023-06-11,4679.2186,0.0034206704565560297
119000,2023-06-12,4700.0754,0.004457325417538627
119000,2023-07-02,4531.4477,-0.035877658473308705
119000,2023-07-03,4546.218,0.0032595102002390686
119000,2023-07-04,4561.6948,0.0034043242097057114
119000,2023-07-06,4595.4723,0.007404594450290736
119000,2023-07-07,4613.6276,0.003950692946185219
119000,2023-07-08,4631.6748,0.003911715804717275
119000,2023-07-09,4646.6212,0.0032269968521969616
119000,2023-07-11,4680.7596,0.007346929850877704
119000,2023-07-12,4700.8015,0.004281762301998837
119000,2023-08-02,4531.5917,-0.03599594664867245
119000,2023-08-03,4547.222,0.0034491854153584356
119000,2023-08-05,4577.5393,0.006667213520694659
119000,2023-08-06,4596.8441,0.0042172876593324915
119000,2023-08-08,4632.6917,0.007798306668699073
119000,2023-08-09,4647.2435,0.0031411112464054813
119000,2023-08-11,4681.8934,0.007456011289272979
119000,2023-08-12,4701.1462,0.004112182477285842
119000,2023-09-01,4513.454,-0.039924774090199566
119000,2023-09-02,4532.5618,0.004233520492288312
119000,2023-09-03,4547.5502,0.003306827498744669
119000,2023-09-05,4578.5912,0.006825872972221481
119000,2023-09-06,4597.112,0.004045087056472774
119000,2023-09-08,4634.2487,0.008078267399184602
119000,2023-09-10,4663.7276,0.006361095812574824
119000,2023-09-11,4682.7219,0.004072772174772643
119000,2023-10-01,4514.5212,-0.03591942968041717
119000,2023-10-02,4533.3452,0.004169655909468162
119000,2023-10-03,4548.3112,0.003301314887734552
119000,2023-10-04,4562.8197,0.0031898652845037123
119000,2023-10-05,4579.6786,0.0036948424676961356
119000,2023-10-07,4613.948,0.007482926858666472
119000,2023-10-08,4635.2407,0.004614854783798972
119000,2023-10-10,4664.5908,0.006331947335550314
119000,2023-10-11,4683.4639,0.0040460355064799725
119000,2023-11-01,4515.685,-0.035823677428152956
119000,2023-11-04,4563.6881,0.010630303043724254
119000,2023-11-05,4580.8355,0.0037573558105339355
119000,2023-11-07,4614.9305,0.007442965371710075
119000,2023-11-08,4635.9533,0.004555388212238443
119000,2023-11-09,4646.8791,0.0023567536799820044
119000,2023-11-10,4665.2801,0.003959862007169468
119000,2023-11-12,4701.9396,0.007857941905781818
119000,2023-12-01,4516.0115,-0.03954285163509974
119000,2023-12-04,4564.5532,0.01074879902320891
119000,2023-12-05,4581.2061,0.0036483088859606827
119000,2023-12-06,4598.2727,0.0037253508415611147
119000,2023-12-07,4615.3585,0.003715699593023203
119000,2023-12-09,4647.0937,0.00687599890669377
119000,2023-12-10,4665.9611,0.004060042946842257
119000,2023-12-12,4702.8814,0.007912689199230494
119000,2024-01-01,4714.9403,0.0025641514157681566
119000,2024-01-02,4732.2462,0.0036704388388542064
119000,2024-01-03,4750.9649,0.003955563427786135
119000,2024-01-04,4768.4999,0.003690829203979229
119000,2024-01-05,4785.9939,0.0036686589843486495
119000,2024-01-07,4820.819,0.007276461426329872
119000,2024-01-08,4837.9209,0.003547509251021319
119000,2024-01-10,4870.397,0.00671282161723652
119000,2024-01-11,4890.1911,0.0040641656111402025
119000,2024-02-01,4716.3324,-0.03555253699594685
119000,2024-02-02,4732.9568,0.0035248575778925595
119000,2024-02-04,4769.4948,0.007719909888042942
119000,2024-02-05,4786.081,0.003477559090744764
119000,2024-02-07,4821.7085,0.007443981829810209
119000,2024-02-08,4838.4719,0.0034766514815236516
119000,2024-02-09,4853.4362,0.003092773980975405
119000,2024-02-10,4871.7785,0.003779239953746627
119000,2024-02-12,4908.4093,0.007518978951937205
119000,2024-03-01,4717.1508,-0.038965475026705665
119000,2024-03-04,4770.3581,0.011279541879390509
119000,2024-03-05,4786.5438,0.003392973789535736
119000,2024-03-06,4803.1267,0.0034644830785837133
119000,2024-03-07,4821.9161,0.003911910131373597
119000,2024-03-09,4853.3341,0.006515667080976284
119000,2024-03-10,4872.8868,0.004028715022936558
119000,2024-03-12,4908.509,0.007310286789342202
119000,2024-04-01,4717.7417,-0.03886461245156125
119000,2024-04-03,4751.7396,0.007206392838336351
119000,2024-04-04,4771.6225,0.004184341246309176
119000,2024-04-06,4804.1348,0.006813678156643688
119000,2024-04-07,4823.7128,0.004075239520756169
119000,2024-04-09,4854.6163,0.006406579595700457
119000,2024-04-10,4873.1881,0.003825595856051578
119000,2024-04-11,4891.3595,0.0037288525759962
119000,2024-04-12,4908.5853,0.0035216794022194797
119000,2024-05-01,4718.4832,-0.03872849067123274
119000,2024-05-02,4733.1624,0.003110999738221043
119000,2024-05-03,4752.5606,0.004098359270326313
119000,2024-05-04,4771.7667,0.004041210963201758
119000,2024-05-06,4805.5272,0.007075052516712477
119000,2024-05-07,4824.0642,0.003857433165709523
119000,2024-05-08,4838.2994,0.00295087283456974
119000,2024-05-09,4855.8613,0.003629767103705772
119000,2024-05-11,4891.8938,0.007420413758523203
119000,2024-05-12,4909.3441,0.003567187006390027
119000,2024-06-02,4733.1148,-0.03589670970507042
119000,2024-06-03,4753.467,0.004299959088251759
119000,2024-06-05,4787.7414,0.00721040032464737
119000,2024-06-06,4806.762,0.003972770960436467
119000,2024-06-08,4839.639,0.00683973951695549
119000,2024-06-09,4857.0378,0.0035950615324820134
119000,2024-06-11,4892.1766,0.007234615304002823
119000,2024-06-12,4910.3783,0.003720572965415947
119000,2024-07-02,4733.2599,-0.036070214793837874
119000,2024-07-03,4754.9252,0.004577247068135781
119000,2024-07-05,4788.397,0.007039395698590578
119000,2024-07-06,4807.0441,0.003894225980009658
119000,2024-07-08,4839.7505,0.006803848543848412
119000,2024-07-10,4875.0733,0.007298475406944949
119000,2024-07-11,4893.6363,0.003807737619042628
119000,2024-08-01,4719.0854,-0.0356689564363416
119000,2024-08-02,4733.997,0.003159849575937068
119000,2024-08-03,4756.2911,0.004709360821310238
119000,2024-08-04,4772.1457,0.0033333956367809225
119000,2024-08-05,4789.6144,0.003660554622211265
119000,2024-08-07,4824.5327,0.007290419871795795
119000,2024-08-08,4840.8375,0.0033795604701778448
119000,2024-08-10,4875.848,0.007232322919329626
119000,2024-08-11,4895.0274,0.003933551661167378
119000,2024-09-01,4720.1737,-0.03572067849916416
119000,2024-09-02,4735.1476,0.0031723196966246814
119000,2024-09-04,4773.3302,0.008063655713709927
119000,2024-09-05,4790.647,0.003627823610442782
119000,2024-09-07,4825.6594,0.007308490899037068
119000,2024-09-08,4841.18,0.0032162651180895896
119000,2024-09-09,4857.2191,0.003313055907857132
119000,2024-09-10,4876.0751,0.0038820567101862657
119000,2024-09-12,4912.1706,0.007402572614191305
119000,2024-10-01,4721.515,-0.03881290279291194
119000,2024-10-04,4773.3768,0.010984143860603979
119000,2024-10-05,4791.4784,0.003792200104546506
119000,2024-10-06,4807.8185,0.003410241815970716
119000,2024-10-07,4826.238,0.0038311554398320347
119000,2024-10-09,4858.9816,0.006784497573472326
119000,2024-10-10,4876.583,0.0036224463167342513
119000,2024-10-12,4913.0326,0.007474413949275505
119000,2024-11-01,4722.9503,-0.038689403363616814
119000,2024-11-03,4757.5054,0.007316422533601319
119000,2024-11-04,4774.6235,0.003598125185522605
119000,2024-11-06,4808.4185,0.0070780450018730345
119000,2024-11-07,4827.4446,0.003956831128571592
119000,2024-11-09,4859.4893,0.006638025426537242
119000,2024-11-10,4876.725,0.003546813036505725
119000,2024-11-11,4895.6152,0.0038735421825097927
119000,2024-11-12,4913.1184,0.0035752809983922162
119000,2024-12-01,4723.6057,-0.038572793197900634
119000,2024-12-02,4736.3084,0.002689195671010447
119000,2024-12-03,4759.3271,0.0048600509206706555
119000,2024-12-04,4775.6977,0.0034396879340357067
119000,2024-12-06,4809.8382,0.007148798383951327
119000,2024-12-07,4827.9703,0.003769794168959839
119000,2024-12-08,4842.781,0.003067686642562739
119000,2024-12-09,4860.4804,0.0036548008262196063
119000,2024-12-11,4896.4628,0.007403054233075412
119000,2024-12-12,4913.9011,0.0035614076349155255
119000,2025-01-01,4927.9279,0.0028545141048930134
119000,2025-01-04,4976.0715,0.009769542285714028
119000,2025-01-05,4993.7038,0.00354341773425082
119000,2025-01-07,5030.6626,0.007401079735646299
119000,2025-01-08,5051.7799,0.0041977174140044315
119000,2025-01-09,5068.2459,0.0032594452501779614
119000,2025-01-10,5090.7965,0.004449389482069188
119000,2025-01-12,5132.1435,0.00812191176763788
119000,2025-02-01,4928.4356,-0.03969255731060528
119000,2025-02-04,4976.8457,0.00982260983586758
119000,2025-02-05,4994.1291,0.0034727618740522104
119000,2025-02-06,5011.6646,0.0035112228075961927
119000,2025-02-07,5031.2388,0.0039057282484546985
119000,2025-02-09,5069.4698,0.007598724989956729
119000,2025-02-10,5090.8581,0.0042190408156688175
119000,2025-02-12,5132.7516,0.008229162781024923
119000,2025-03-01,4929.7874,-0.039542961712777935
119000,2025-03-02,4944.1657,0.0029166166476062294
119000,2025-03-03,4961.928,0.0035925778134824338
119000,2025-03-04,4978.3703,0.003313691774648797
119000,2025-03-06,5011.9921,0.006753575562669756
119000,2025-03-07,5031.6151,0.003915209682792575
119000,2025-03-09,5070.1417,0.007656905235060574
119000,2025-03-10,5090.9019,0.004094599565136248
119000,2025-03-11,5112.0281,0.004149795147299962
119000,2025-03-12,5134.0399,0.004305883999346394
119000,2025-04-02,4944.6856,-0.03688212473767494
119000,2025-04-03,4962.7901,0.003661405691799846
119000,2025-04-04,4978.5936,0.0031843982279242677
119000,2025-04-06,5013.2673,0.00696455721953293
119000,2025-04-07,5032.6563,0.0038675376435641784
119000,2025-04-08,5052.2374,0.003890808120554645
119000,2025-04-09,5070.8415,0.003682348735235763
119000,2025-04-11,5112.9944,0.008312801731231279
119000,2025-04-12,5135.6286,0.004426799293971495
119000,2025-05-02,4945.6346,-0.03699527648864631
119000,2025-05-03,4963.7534,0.0036635945567025097
119000,2025-05-05,4995.7635,0.00644876919147519
119000,2025-05-06,5013.8012,0.0036105992607535775
119000,2025-05-08,5053.1192,0.007841954323996703
119000,2025-05-09,5072.6987,0.0038747354307413495
119000,2025-05-11,5114.4058,0.008221876059778754
119000,2025-05-12,5136.8657,0.004391497444336423
119000,2025-06-01,4930.6641,-0.040141520538487185
119000,2025-06-02,4946.6927,0.003250799420710715
119000,2025-06-03,4965.381,0.0037779383384783927
119000,2025-06-05,4996.7499,0.006317521253655922
119000,2025-06-06,5015.1792,0.0036882574411019053
119000,2025-06-08,5054.0053,0.007741717384694979
119000,2025-06-10,5091.8599,0.007490019846239759
119000,2025-06-11,5116.1062,0.004761776733094969
119000,2025-07-01,4931.5427,-0.03607499390845326
119000,2025-07-02,4948.4983,0.003438193894174324
119000,2025-07-03,4965.7155,0.0034792777437147038
119000,2025-07-04,4978.6815,0.002611104079563109
119000,2025-07-05,4997.849,0.00384991488208275
119000,2025-07-07,5033.4021,0.007113680305267378
119000,2025-07-08,5055.2131,0.004333252056297976
119000,2025-07-10,5093.2218,0.007518713701703428
119000,2025-07-11,5117.3071,0.004728892819864994
119000,2025-08-01,4931.6569,-0.03627888582258432
119000,2025-08-04,4979.6371,0.009729022308911928
119000,2025-08-05,4998.2469,0.003737179964379278
119000,2025-08-07,5034.0965,0.0071724347990891335
119000,2025-08-08,5055.7854,0.004308399729723078
119000,2025-08-09,5073.6602,0.003535513987599437
119000,2025-08-10,5094.8169,0.004169908737680084
119000,2025-08-12,5137.4787,0.008373568832277245
119000,2025-09-01,4932.177,-0.039961567139928045
119000,2025-09-04,4980.2865,0.009754211983876493
119000,2025-09-05,4999.511,0.0038601192923339855
119000,2025-09-06,5017.0385,0.0035058428714327405
119000,2025-09-07,5034.2941,0.0034393995581258885
119000,2025-09-09,5075.4682,0.008178723606950156
119000,2025-09-10,5095.2806,0.0039035610547220045
119000,2025-09-12,5138.6791,0.008517391564264454
119000,2025-10-01,4932.3949,-0.04014342907693924
119000,2025-10-02,4949.4227,0.003452237776014222
119000,2025-10-03,4966.0626,0.003361988055697873
119000,2025-10-04,4981.3621,0.0030808109426569974
119000,2025-10-06,5017.9421,0.007343373010366028
119000,2025-10-07,5035.0503,0.003409405620682593
119000,2025-10-09,5075.4564,0.008024964517236333
119000,2025-10-10,5095.4288,0.003935094388752836
119000,2025-10-11,5118.1803,0.00446508054435002
119000,2025-10-12,5139.8169,0.004227400898713984
119000,2025-11-02,4950.3186,-0.03686868689816558
119000,2025-11-03,4966.5397,0.0032767789935783664
119000,2025-11-04,4982.6157,0.003236861269829472
119000,2025-11-06,5019.5035,0.0074033002384670255
119000,2025-11-07,5036.5334,0.0033927459160054685
119000,2025-11-08,5056.7312,0.004010258325696681
119000,2025-11-09,5076.0498,0.0038203731295820553
119000,2025-11-11,5119.0623,0.008473616630002345
119000,2025-11-12,5140.9224,0.004270332869361848
119000,2025-12-02,4951.4217,-0.036861225526376495
119000,2025-12-03,4967.4521,0.0032375347872311
119000,2025-12-05,5000.7929,0.006711851333201624
119000,2025-12-06,5020.7842,0.003997626056459813
119000,2025-12-08,5057.6862,0.007349847858428182
119000,2025-12-09,5077.171,0.003852512637102734
119000,2025-12-11,5118.47,0.008134254292400334
119000,2025-12-12,5141.7979,0.004557592405542987
119000,2026-01-01,5156.2411,0.0028089785481457685
119000,2026-01-04,5213.9151,0.011185279912531598
119000,2026-01-05,5235.7345,0.00418483991041585
119000,2026-02-01,5156.8413,-0.015068220132246846
119000,2026-02-02,5175.8751,0.0036909803681568487
119000,2026-02-03,5195.9324,0.0038751514695551936
119000,2026-02-04,5214.9454,0.0036592084993254392
119000,2026-03-02,5178.1008,-0.007065193817752946
119000,2026-03-03,5196.5922,0.003571077642984477
119000,2026-03-04,5215.4625,0.003631283593890533
119000,2026-04-02,5178.4832,-0.007090320369478209
119000,2026-04-03,5198.0923,0.0037866493416451874
119000,2026-04-05,5235.9432,0.007281690631003146
119000,2026-05-01,5157.9894,-0.01488820581552519
119000,2026-05-02,5178.7435,0.004023680234782834
119000,2026-05-03,5199.4428,0.003996973397118575
119000,2026-05-05,5236.76,0.007177153675005377
119000,2026-06-01,5159.178,-0.014814885539914058
119000,2026-06-02,5179.7289,0.00398336711778513
119000,2026-06-03,5200.1643,0.00394526439404963
119000,2026-06-04,5216.7884,0.0031968412998026885
119000,2026-06-05,5238.4711,0.004156331125103607
119000,2026-07-01,5160.5846,-0.014868174036504533
119000,2026-07-04,5218.1956,0.011163657698780804
119000,2026-07-05,5240.4423,0.0042632936182001036
119000,2026-08-01,5160.7056,-0.01521564315286894
119000,2026-08-04,5219.2724,0.01134860318325459
119000,2026-08-05,5240.92,0.004147627933732689
119000,2026-09-01,5160.9814,-0.015252780046251524
119000,2026-09-02,5179.5844,0.0036045469956547116
119000,2026-09-03,5200.962,0.00412728094555237
119000,2026-09-04,5220.4279,0.00374274989896084
119000,2026-10-02,5180.8531,-0.007580757891512913
119000,2026-10-03,5202.4068,0.004160260787938519
119000,2026-10-04,5220.6092,0.0034988421128467895
119000,2026-11-02,5181.8443,-0.007425359477204352
119000,2026-11-03,5202.3779,0.003962604588486185
119000,2026-11-05,5241.8911,0.0075952191016341875
119000,2026-12-01,5161.8713,-0.015265444946004347
119000,2026-12-02,5182.9673,0.004086889961785856
119000,2026-12-03,5203.0844,0.0038813866334830305
119000,2026-12-05,5242.916,0.007655382257493404
119001,2022-01-02,3476.6434,
119001,2022-01-03,3486.9303,0.0029588596863285854
119001,2022-01-04,3499.2051,0.00352023096073939
119001,2022-01-06,3529.5756,0.008679256897516474
119001,2022-01-07,3541.3703,0.00334167654604145
119001,2022-01-08,3554.9884,0.0038454323740164664
119001,2022-01-09,3570.4265,0.004342658333287286
119001,2022-01-11,3599.2965,0.008085868733049173
119001,2022-01-12,3614.8192,0.004312703885328784
119001,2022-02-02,3477.5429,-0.037975979545533
119001,2022-02-03,3487.1677,0.0027677012985232174
119001,2022-02-05,3514.6444,0.007879374427562036
119001,2022-02-06,3530.1769,0.004419366010399273
119001,2022-02-08,3555.5819,0.007196523211060679
119001,2022-02-09,3571.3826,0.004443913948374956
119001,2022-02-11,3600.2967,0.008096052212384075
119001,2022-02-12,3615.5145,0.004226818306391378
119001,2022-03-01,3462.5818,-0.04229901442796047
119001,2022-03-02,3478.2502,0.00452506277252418
119001,2022-03-03,3486.8856,0.0024826851156365404
119001,2022-03-05,3515.314,0.008152948866461118
119001,2022-03-06,3530.6266,0.004355969338727617
119001,2022-03-08,3555.9037,0.007159380717292496
119001,2022-03-10,3583.144,0.00766058428410199
119001,2022-03-11,3601.2447,0.005051625053305253
119001,2022-04-01,3463.651,-0.0382072620613646
119001,2022-04-02,3478.5242,0.004294081591938781
119001,2022-04-03,3487.0451,0.002449573298929364
119001,2022-04-04,3500.6747,0.003908638864464464
119001,2022-04-05,3516.1785,0.004428803396099523
119001,2022-04-07,3541.9653,0.007333757373239047
119001,2022-04-08,3556.574,0.0041244616371596265
119001,2022-04-10,3582.9109,0.0074051320174977064
119001,2022-04-11,3602.276,0.005404851122588594
119001,2022-05-01,3463.9181,-0.03840846731344294
119001,2022-05-04,3501.5325,0.010858917247494881
119001,2022-05-05,3517.0432,0.004429689000459147
119001,2022-05-07,3542.4287,0.007217852769053179
119001,2022-05-08,3557.3426,0.004210077679192237
119001,2022-05-09,3571.772,0.004056230063418598
119001,2022-05-10,3584.083,0.003446748560658408
119001,2022-05-12,3615.6256,0.008800744848821873
119001,2022-06-01,3465.1611,-0.04161506655998892
119001,2022-06-04,3502.2908,0.01071514395102735
119001,2022-06-05,3518.009,0.004487976840757968
119001,2022-06-06,3530.9484,0.00367804630403179
119001,2022-06-07,3543.2148,0.0034739675040280638
119001,2022-06-09,3572.468,0.008256118144460034
119001,2022-06-10,3584.7428,0.003435944002857516
119001,2022-06-12,3615.7605,0.008652698877029685
119001,2022-07-01,3465.3646,-0.04159454145262109
119001,2022-07-02,3478.8127,0.003880717197838335
119001,2022-07-03,3487.8747,0.002604911727498216
119001,2022-07-04,3502.4948,0.004191693010072939
119001,2022-07-06,3531.4942,0.00827964112894608
119001,2022-07-07,3543.8699,0.0035043806669710076
119001,2022-07-09,3572.9624,0.008209246056126274
119001,2022-07-10,3586.0634,0.003666705252761693
119001,2022-07-11,3603.6924,0.0049159755513523695
119001,2022-07-12,3616.0509,0.003429399246173359
119001,2022-08-02,3479.6537,-0.03771993364363324
119001,2022-08-03,3488.3081,0.0024871440511451404
119001,2022-08-04,3503.794,0.00443937277214701
119001,2022-08-06,3532.154,0.008094083156715337
119001,2022-08-07,3544.6664,0.0035424276517954656
119001,2022-08-08,3558.2569,0.0038340702527042136
119001,2022-08-09,3573.6735,0.004332627023079683
119001,2022-08-11,3604.9237,0.008744559344886937
119001,2022-08-12,3617.0814,0.003372526303400125
119001,2022-09-02,3480.0969,-0.0378715557797511
119001,2022-09-03,3488.9952,0.00255691156185911
119001,2022-09-05,3518.3759,0.00842096314721208
119001,2022-09-06,3532.7312,0.004080092749612074
119001,2022-09-08,3559.2041,0.007493607212459175
119001,2022-09-09,3574.562,0.0043149815432050875
119001,2022-09-11,3605.7407,0.00872238332976183
119001,2022-09-12,3617.9297,0.003380442747866086
119001,2022-10-01,3465.9157,-0.04201684736991995
119001,2022-10-02,3480.5091,0.004210546725069042
119001,2022-10-03,3489.628,0.0026199902767098937
119001,2022-10-05,3518.8402,0.008371150162710839
119001,2022-10-06,3533.2733,0.004101663951662227
119001,2022-10-08,3560.2188,0.007626214479361293
119001,2022-10-10,3586.6401,0.0074212573676650795
119001,2022-10-11,3606.2305,0.0054620478926781235
119001,2022-11-01,3466.9918,-0.03861059352695295
119001,2022-11-02,3481.0728,0.0040614460063044255
119001,2022-11-03,3490.2675,0.002641340910767509
119001,2022-11-04,3504.5002,0.004077824980463607
119001,2022-11-05,3519.1873,0.004190925713173144
119001,2022-11-07,3545.4612,0.007465899868415615
119001,2022-11-08,3560.2398,0.004168315253315846
119001,2022-11-10,3587.3871,0.007625132441921423
119001,2022-11-11,3607.0118,0.005470471809412514
119001,2022-12-01,3467.7915,-0.03859712906955293
119001,2022-12-04,3505.0297,0.010738304191587167
119001,2022-12-05,3520.0906,0.004296939338345629
119001,2022-12-07,3546.0357,0.0073705773368446525
119001,2022-12-08,3560.7722,0.0041557675237167135
119001,2022-12-09,3575.5347,0.004145870381710992
119001,2022-12-10,3588.3525,0.00358486242631062
119001,2022-12-12,3618.6977,0.00845658279112782
119001,2023-01-02,3642.1606,0.0064837966431956495
119001,2023-01-03,3654.4415,0.0033718721793871698
119001,2023-01-05,3683.1283,0.007849845181541415
119001,2023-01-06,3700.2396,0.004645860422511028
119001,2023-01-08,3729.1938,0.007824952740898228
119001,2023-01-09,3745.1378,0.004275454925405153
119001,2023-01-11,3775.9722,0.008233181700283643
119001,2023-01-12,3793.337,0.004598762670975143
119001,2023-02-01,3627.5148,-0.04371407022365792
119001,2023-02-02,3642.2918,0.004073587790737632
119001,2023-02-03,3654.4061,0.0033260102883574394
119001,2023-02-05,3683.6228,0.007994924264164371
119001,2023-02-06,3701.2991,0.004798618360164264
119001,2023-02-08,3729.4682,0.007610598127560042
119001,2023-02-10,3760.038,0.008196825488416826
119001,2023-02-11,3776.7225,0.0044373221759992365
119001,2023-03-01,3628.9541,-0.039126094119967814
119001,2023-03-02,3642.9305,0.0038513576129275418
119001,2023-03-03,3655.0917,0.003338301403224664
119001,2023-03-04,3669.1154,0.0038367573650752718
119001,2023-03-05,3684.4175,0.0041705147785757735
119001,2023-03-07,3716.0361,0.008581709320401254
119001,2023-03-08,3730.002,0.0037582788821670654
119001,2023-03-10,3760.6316,0.008211684604994884
119001,2023-03-11,3777.5366,0.0044952555310122655
119001,2023-04-01,3629.1118,-0.03929142605792346
119001,2023-04-04,3669.9759,0.01126008297677683
119001,2023-04-05,3685.401,0.0042030521235847385
119001,2023-04-07,3716.5915,0.008463258136631513
119001,2023-04-08,3730.8859,0.0038461046902786844
119001,2023-04-09,3745.6274,0.00395120633413093
119001,2023-04-10,3761.5945,0.00426286394637132
119001,2023-04-12,3794.1118,0.008644552197213162
119001,2023-05-01,3630.0871,-0.043231382902317206
119001,2023-05-04,3670.4807,0.011127446501214777
119001,2023-05-05,3686.0949,0.004253993216746688
119001,2023-05-06,3702.1698,0.004360956631908719
119001,2023-05-07,3717.1873,0.004056404976346517
119001,2023-05-09,3746.1044,0.007779295920870011
119001,2023-05-10,3762.1854,0.0042927260649756604
119001,2023-05-12,3794.6206,0.008621372035519714
119001,2023-06-01,3630.6454,-0.04321254145934916
119001,2023-06-02,3643.9402,0.003661828279897694
119001,2023-06-03,3655.9449,0.0032944283772824434
119001,2023-06-04,3671.8511,0.004350776730797978
119001,2023-06-06,3702.6764,0.008395029961863143
119001,2023-06-07,3717.779,0.004078833354165257
119001,2023-06-09,3746.7303,0.0077872568541594855
119001,2023-06-10,3762.8005,0.004289126441793689
119001,2023-06-11,3778.2412,0.00410351279585508
119001,2023-06-12,3795.0952,0.0044608057315134175
119001,2023-07-02,3644.6726,-0.03963605445259988
119001,2023-07-03,3657.0473,0.003395284393994835
119001,2023-07-04,3672.0552,0.004103829884836152
119001,2023-07-06,3703.1162,0.008458750837950335
119001,2023-07-07,3719.2724,0.004362866063992277
119001,2023-07-08,3732.0987,0.0034486046249262436
119001,2023-07-09,3747.9384,0.004244180358895733
119001,2023-07-11,3778.6942,0.008206058029128771
119001,2023-07-12,3795.6507,0.0044873967308600715
119001,2023-08-02,3645.3797,-0.03959031319715489
119001,2023-08-03,3657.9275,0.0034421105708137834
119001,2023-08-05,3686.9672,0.007938839684493493
119001,2023-08-06,3703.3715,0.004449266595048629
119001,2023-08-08,3732.6898,0.007916651084018955
119001,2023-08-09,3749.037,0.004379469196716945
119001,2023-08-11,3779.7749,0.008198878805410592
119001,2023-08-12,3796.5074,0.004426850921730896
119001,2023-09-01,3631.467,-0.04347163922293418
119001,2023-09-02,3646.017,0.004006645248325169
119001,2023-09-03,3659.3049,0.003644497543483727
119001,2023-09-05,3687.5717,0.00772463644666499
119001,2023-09-06,3704.1098,0.00448482127140748
119001,2023-09-08,3733.0874,0.007823094229010064
119001,2023-09-10,3763.4114,0.008123035104937504
119001,2023-09-11,3780.2558,0.004475832751104525
119001,2023-10-01,3632.3052,-0.03913772184411435
119001,2023-10-02,3646.1708,0.0038173003744288447
119001,2023-10-03,3660.4616,0.003919399497138265
119001,2023-10-04,3673.2583,0.003495925213366391
119001,2023-10-05,3688.3847,0.004117978852725912
119001,2023-10-07,3720.1931,0.008623937736212728
119001,2023-10-08,3733.7195,0.003635940295679818
119001,2023-10-10,3764.6696,0.008289347927716628
119001,2023-10-11,3781.4105,0.004446844418962925
119001,2023-11-01,3633.016,-0.03924316072005407
119001,2023-11-04,3674.497,0.01141778621398859
119001,2023-11-05,3689.1784,0.003995485640619689
119001,2023-11-07,3720.3393,0.00844656902469132
119001,2023-11-08,3734.7293,0.003867926777538777
119001,2023-11-09,3749.5638,0.003972041561352224
119001,2023-11-10,3765.1623,0.004160083900959455
119001,2023-11-12,3797.5081,0.008590811609900495
119001,2023-12-01,3633.2582,-0.04325202097659775
119001,2023-12-04,3675.6277,0.011661571423687844
119001,2023-12-05,3689.6547,0.0038162189277222147
119001,2023-12-06,3705.0073,0.004160985579490628
119001,2023-12-07,3720.918,0.004294377503655689
119001,2023-12-09,3750.6987,0.00800358943680024
119001,2023-12-10,3766.0646,0.004096810015691288
119001,2023-12-12,3797.6432,0.008385039385675919
119001,2024-01-01,3806.4779,0.0023263638880028914
119001,2024-01-02,3821.9295,0.00405929061088206
119001,2024-01-03,3836.3617,0.003776155473302012
119001,2024-01-04,3849.5876,0.0034475112187675183
119001,2024-01-05,3864.3738,0.0038409828626837506
119001,2024-01-07,3893.6094,0.0075654171964421035
119001,2024-01-08,3906.419,0.0032899037073415016
119001,2024-01-10,3938.0779,0.008104327774363318
119001,2024-01-11,3954.5365,0.004179348509078418
119001,2024-02-01,3807.2381,-0.037247955607439764
119001,2024-02-02,3823.2473,0.004204937957518418
119001,2024-02-04,3850.6701,0.007172646142979078
119001,2024-02-05,3865.4582,0.0038403965065716417
119001,2024-02-07,3893.6269,0.007287286148897065
119001,2024-02-08,3906.9916,0.003432455225743203
119001,2024-02-09,3922.7915,0.004044006646955589
119001,2024-02-10,3939.4829,0.0042549801588995795
119001,2024-02-12,3967.8704,0.007205894966570314
119001,2024-03-01,3808.7817,-0.04009422787599104
119001,2024-03-04,3851.1865,0.011133428833687065
119001,2024-03-05,3866.1973,0.003897707888205426
119001,2024-03-06,3878.4505,0.0031693157511645254
119001,2024-03-07,3894.1088,0.00403725663122434
119001,2024-03-09,3924.2055,0.007728777377766116
119001,2024-03-10,3940.7499,0.004215987159693846
119001,2024-03-12,3968.1513,0.006953346620652168
119001,2024-04-01,3809.6249,-0.039949686394266326
119001,2024-04-03,3837.8201,0.007401043604056801
119001,2024-04-04,3852.0482,0.003707338965680096
119001,2024-04-06,3879.091,0.007020369059764109
119001,2024-04-07,3894.5519,0.0039857018048816695
119001,2024-04-09,3925.46,0.007936240366959835
119001,2024-04-10,3942.1666,0.004255959811079402
119001,2024-04-11,3955.3858,0.003353282938372004
119001,2024-04-12,3969.5755,0.003587437665372617
119001,2024-05-01,3810.4136,-0.04009544597400905
119001,2024-05-02,3824.5297,0.0037046109640170855
119001,2024-05-03,3837.9905,0.003519596147991688
119001,2024-05-04,3852.8699,0.00387687254567215
119001,2024-05-06,3880.0327,0.007050017442841838
119001,2024-05-07,3894.7426,0.003791179388771493
119001,2024-05-08,3907.3502,0.0032370817008549047
119001,2024-05-09,3925.9189,0.0047522487234443744
119001,2024-05-11,3955.8308,0.007619082503207197
119001,2024-05-12,3970.0342,0.003590497348875399
119001,2024-06-02,3825.4737,-0.036412910498352935
119001,2024-06-03,3837.74,0.0032064787166095066
119001,2024-06-05,3866.9854,0.007620474550125822
119001,2024-06-06,3880.9112,0.0036012031490990637
119001,2024-06-08,3909.0221,0.007243376246279576
119001,2024-06-09,3926.187,0.004391098223773149
119001,2024-06-11,3956.7013,0.007771993539788191
119001,2024-06-12,3970.8441,0.0035743916276924637
119001,2024-07-02,3825.7408,-0.03654218003673315
119001,2024-07-03,3838.7128,0.003390715858220039
119001,2024-07-05,3868.0805,0.007650403020512675
119001,2024-07-06,3881.637,0.0035047098942226906
119001,2024-07-08,3909.546,0.007190007720969227
119001,2024-07-10,3943.4357,0.008668448970801323
119001,2024-07-11,3957.2475,0.0035024788156174935
119001,2024-08-01,3810.8455,-0.03699591698522775
119001,2024-08-02,3826.4106,0.004084421685423889
119001,2024-08-03,3839.2626,0.003358761341503591
119001,2024-08-04,3852.8564,0.003540732014527981
119001,2024-08-05,3869.3714,0.004286430192415036
119001,2024-08-07,3895.1181,0.006653974854933908
119001,2024-08-08,3910.6359,0.003983910012895331
119001,2024-08-10,3944.1367,0.008566586319119995
119001,2024-08-11,3958.9635,0.0037592003340045643
119001,2024-09-01,3811.757,-0.037183090978232025
119001,2024-09-02,3826.5452,0.003879628213445896
119001,2024-09-04,3853.5246,0.007050589654605366
119001,2024-09-05,3870.0216,0.00428101587829488
119001,2024-09-07,3895.8197,0.006666138504239916
119001,2024-09-08,3911.0819,0.0039175837629241705
119001,2024-09-09,3927.3071,0.004148519620619462
119001,2024-09-10,3944.7974,0.004453509632592834
119001,2024-09-12,3971.3706,0.006736264833271388
119001,2024-10-01,3812.5032,-0.0400031666649292
119001,2024-10-04,3853.5467,0.010765499160761305
119001,2024-10-05,3870.2006,0.004321707065338076
119001,2024-10-06,3882.5282,0.003185261249765814
119001,2024-10-07,3897.0718,0.003745909688434468
119001,2024-10-09,3927.4761,0.0078018321345785235
119001,2024-10-10,3945.6003,0.004614719361373032
119001,2024-10-12,3972.325,0.006773291253044489
119001,2024-11-01,3813.1655,-0.04006708917321711
119001,2024-11-03,3839.7057,0.00696014898907471
119001,2024-11-04,3854.3757,0.003820605313579195
119001,2024-11-06,3882.9899,0.007423822228850074
119001,2024-11-07,3897.4018,0.003711547125064607
119001,2024-11-09,3927.9206,0.007830550085957233
119001,2024-11-10,3946.2274,0.004660684841745644
119001,2024-11-11,3959.2272,0.003294234893812753
119001,2024-11-12,3973.035,0.0034874987724877737
119001,2024-12-01,3814.0406,-0.0400183738628026
119001,2024-12-02,3826.9026,0.003372276634915794
119001,2024-12-03,3841.4457,0.003800227369256781
119001,2024-12-04,3854.788,0.00347324966743634
119001,2024-12-06,3884.4393,0.007692070225392422
119001,2024-12-07,3897.6634,0.00340437807845273
119001,2024-12-08,3912.6593,0.003847407654544943
119001,2024-12-09,3928.111,0.0039491555014770086
119001,2024-12-11,3959.7984,0.008066829068730463
119001,2024-12-12,3973.8507,0.003548741269252531
119001,2025-01-01,3987.3752,0.0034033739616841086
119001,2025-01-04,4035.2168,0.01199826893641709
119001,2025-01-05,4053.0076,0.004408883309565903
119001,2025-01-07,4084.6843,0.007815603405234128
119001,2025-01-08,4100.7876,0.003942360980014881
119001,2025-01-09,4116.3071,0.003784516905972035
119001,2025-01-10,4133.9175,0.004278203635486699
119001,2025-01-12,4165.4102,0.007618124938390869
119001,2025-02-01,3988.5874,-0.042450272964713154
119001,2025-02-04,4036.4305,0.011994998530056034
119001,2025-02-05,4053.4432,0.0042147882888112775
119001,2025-02-06,4068.6586,0.0037536975971441677
119001,2025-02-07,4085.6952,0.004187276858274691
119001,2025-02-09,4117.466,0.00777610625481806
119001,2025-02-10,4134.456,0.0041263242975169145
119001,2025-02-12,4166.0368,0.00763844142977943
119001,2025-03-01,3989.332,-0.042415563875960016
119001,2025-03-02,4004.7076,0.0038541790956481137
119001,2025-03-03,4017.8867,0.0032909019375098048
119001,2025-03-04,4037.237,0.004816039237741654
119001,2025-03-06,4068.6514,0.007781163206420638
119001,2025-03-07,4086.4008,0.004362477453831337
119001,2025-03-09,4118.3609,0.00782108793635694
119001,2025-03-10,4134.4981,0.003918354994094875
119001,2025-03-11,4151.4848,0.004108527707389786
119001,2025-03-12,4166.8529,0.0037018321733948145
119001,2025-04-02,4006.0794,-0.038583915453314854
119001,2025-04-03,4019.1048,0.0032514083470238653
119001,2025-04-04,4037.9234,0.004682286463393526
119001,2025-04-06,4070.2903,0.008015729074999367
119001,2025-04-07,4087.5415,0.004238321772773723
119001,2025-04-08,4100.9495,0.0032802113446432912
119001,2025-04-09,4119.3541,0.004487887500199683
119001,2025-04-11,4152.39,0.008019679590060225
119001,2025-04-12,4167.7497,0.0036990022613483386
119001,2025-05-02,4006.8061,-0.038616426509490376
119001,2025-05-03,4020.034,0.0033013576574121295
119001,2025-05-05,4053.7538,0.008387939007481027
119001,2025-05-06,4070.4873,0.004127902390125282
119001,2025-05-08,4102.2819,0.007811005822325079
119001,2025-05-09,4119.4871,0.004194055996005641
119001,2025-05-11,4153.0178,0.008139532710273345
119001,2025-05-12,4169.01,0.0038507419833357925
119001,2025-06-01,3989.9976,-0.042938827203580776
119001,2025-06-02,4007.4611,0.00437681967528003
119001,2025-06-03,4020.7282,0.00331059982091908
119001,2025-06-05,4054.188,0.008321825882187328
119001,2025-06-06,4070.9323,0.004130124207362806
119001,2025-06-08,4102.9186,0.007857241939395632
119001,2025-06-10,4135.3667,0.007908541007856984
119001,2025-06-11,4153.2573,0.004326242700556815
119001,2025-07-01,3990.968,-0.03907518563802925
119001,2025-07-02,4007.6336,0.0041758290219315874
119001,2025-07-03,4021.6795,0.0035047864655093353
119001,2025-07-04,4039.1734,0.004349899090665854
119001,2025-07-05,4055.537,0.0040512249362703034
119001,2025-07-07,4088.4236,0.008109061759268954
119001,2025-07-08,4103.1195,0.0035945150106264645
119001,2025-07-10,4136.4278,0.008117799152571825
119001,2025-07-11,4154.0998,0.004272285376285101
119001,2025-08-01,3991.6335,-0.03910986924291038
119001,2025-08-04,4040.3406,0.012202297630782066
119001,2025-08-05,4056.4023,0.0039753331686938065
119001,2025-08-07,4088.6143,0.007941026953860009
119001,2025-08-08,4103.6478,0.0036769181186886435
119001,2025-08-09,4120.8329,0.004187761922453737
119001,2025-08-10,4137.1086,0.00394961416659223
119001,2025-08-12,4169.6199,0.007858459408099705
119001,2025-09-01,3992.3319,-0.04251898356490469
119001,2025-09-04,4040.7706,0.012132934138066043
119001,2025-09-05,4056.7631,0.003957784685921117
119001,2025-09-06,4071.9483,0.0037431813555985904
119001,2025-09-07,4089.3759,0.004279916815250306
119001,2025-09-09,4121.5337,0.007863742729055545
119001,2025-09-10,4136.9162,0.0037322271561190945
119001,2025-09-12,4170.5979,0.008141740942202436
119001,2025-10-01,3993.2354,-0.04252687606254246
119001,2025-10-02,4008.209,0.003749741375126403
119001,2025-10-03,4022.68,0.0036103406783429826
119001,2025-10-04,4041.9832,0.004798591983453893
119001,2025-10-06,4072.7815,0.007619601189831737
119001,2025-10-07,4090.3306,0.004308873432075755
119001,2025-10-09,4122.698,0.007913150100874677
119001,2025-10-10,4137.4244,0.003572029772736185
119001,2025-10-11,4155.5475,0.004380285474219203
119001,2025-10-12,4172.1008,0.003983422160377392
119001,2025-11-02,4008.6438,-0.03917858360469151
119001,2025-11-03,4023.2366,0.0036403334214929473
119001,2025-11-04,4042.0404,0.004673799199380824
119001,2025-11-06,4074.1838,0.007952270838262665
119001,2025-11-07,4091.1626,0.004167411396609033
119001,2025-11-08,4104.3019,0.003211629867754473
119001,2025-11-09,4123.7493,0.004738296663800545
119001,2025-11-11,4155.8131,0.007775399925499915
119001,2025-11-12,4173.0905,0.004157405442511308
119001,2025-12-02,4009.3762,-0.03923094886152123
119001,2025-12-03,4024.1137,0.003675758837496934
119001,2025-12-05,4057.8079,0.008373073554059918
119001,2025-12-06,4075.2105,0.004288670244838366
119001,2025-12-08,4105.3482,0.007395372582594151
119001,2025-12-09,4124.9079,0.004764443610410396
119001,2025-12-11,4156.9842,0.007776246349645799
119001,2025-12-12,4174.3275,0.0041720870625392426
119001,2026-01-01,4183.3352,0.0021578805208744
119001,2026-01-04,4232.5011,0.011752799536599357
119001,2026-01-05,4250.5795,0.004271327891680832
119001,2026-02-01,4184.1747,-0.015622528645800049
119001,2026-02-02,4201.2286,0.004075809740927028
119001,2026-02-03,4215.9812,0.0035114966131573055
119001,2026-02-04,4232.383,0.0038903873670024236
119001,2026-03-02,4202.0967,-0.007155850498407057
119001,2026-03-03,4216.3599,0.0033943055141973932
119001,2026-03-04,4233.526,0.0040713080493910425
119001,2026-04-02,4202.799,-0.007258016131234335
119001,2026-04-03,4217.6042,0.003522699991124867
119001,2026-04-05,4251.0735,0.007935618994309834
119001,2026-05-01,4185.3123,-0.015469316162141311
119001,2026-05-02,4203.846,0.0044282716967143365
119001,2026-05-03,4218.4528,0.0034746277575345985
119001,2026-05-05,4251.2889,0.0077839202088498816
119001,2026-06-01,4186.3861,-0.01526661714286226
119001,2026-06-02,4204.9571,0.0044360456862782005
119001,2026-06-03,4219.3566,0.0034244106794811824
119001,2026-06-04,4235.1547,0.0037441964492879176
119001,2026-06-05,4252.1473,0.004012273742916461
119001,2026-07-01,4187.6184,-0.015175603159372941
119001,2026-07-04,4234.9936,0.01131316072161681
119001,2026-07-05,4252.741,0.004190655683635525
119001,2026-08-01,4188.9812,-0.014992636513721291
119001,2026-08-04,4235.1515,0.011021844643275047
119001,2026-08-05,4253.3758,0.004303104623293752
119001,2026-09-01,4189.7958,-0.014948126615099477
119001,2026-09-02,4205.8272,0.003826296260070583
119001,2026-09-03,4220.407,0.0034665713322696856
119001,2026-09-04,4235.9847,0.0036910421198712573
119001,2026-10-02,4206.7473,-0.006902149575752747
119001,2026-10-03,4221.1488,0.0034234288330083906
119001,2026-10-04,4236.7394,0.00369344951781847
119001,2026-11-02,4207.7765,-0.006836129689732684
119001,2026-11-03,4222.3361,0.0034601647687324544
119001,2026-11-05,4254.6186,0.00764564905195475
119001,2026-12-01,4190.5229,-0.015064969630885328
119001,2026-12-02,4207.8422,0.004132968704215978
119001,2026-12-03,4222.5908,0.0035050268757701453
119001,2026-12-05,4255.9668,0.007904152114384333
119002,2022-01-02,4069.0629,
119002,2022-01-03,4085.2712,0.003983300430180137
119002,2022-01-04,4100.6169,0.003756347926179293
119002,2022-01-06,4131.6072,0.00755747263295925
119002,2022-01-07,4147.9083,0.003945462192049609
119002,2022-01-08,4162.0147,0.0034008466387744907
119002,2022-01-09,4177.5731,0.0037381895840011836
119002,2022-01-11,4209.6071,0.007668088441109555
119002,2022-01-12,4223.6605,0.003338411321094581
119002,2022-02-02,4069.7007,-0.03645174606244983
119002,2022-02-03,4086.4686,0.004120180140028573
119002,2022-02-05,4115.3583,0.007069600387973107
119002,2022-02-06,4131.8538,0.004008277966951246
119002,2022-02-08,4162.8904,0.007511543607859661
119002,2022-02-09,4177.8734,0.0035991819530007962
119002,2022-02-11,4210.2641,0.007752915634063884
119002,2022-02-12,4224.5115,0.0033839682408520755
119002,2022-03-01,4052.6901,-0.04067248958844116
119002,2022-03-02,4070.0729,0.0042892004004946305
119002,2022-03-03,4087.1639,0.004199187685311356
119002,2022-03-05,4116.6696,0.00721911347866433
119002,2022-03-06,4132.6064,0.0038712846909063625
119002,2022-03-08,4163.3221,0.007432524907283744
119002,2022-03-10,4194.0403,0.0073782905242905095
119002,2022-03-11,4211.5891,0.004184223027136946
119002,2022-04-01,4053.7777,-0.03747074946129003
119002,2022-04-02,4071.3254,0.004328727744493666
119002,2022-04-03,4087.54,0.003982634254682704
119002,2022-04-04,4101.3901,0.0033883705113588736
119002,2022-04-05,4117.1683,0.003847037130167319
119002,2022-04-07,4149.3013,0.007804636016458089
119002,2022-04-08,4163.754,0.0034831647439050872
119002,2022-04-10,4194.4121,0.00736309109519917
119002,2022-04-11,4211.7266,0.004127992096913946
119002,2022-05-01,4054.7133,-0.03728003142464187
119002,2022-05-04,4101.9895,0.011659566657894027
119002,2022-05-05,4117.5687,0.003797961940175565
119002,2022-05-07,4149.9048,0.007853202303582885
119002,2022-05-08,4164.7995,0.0035891666719678472
119002,2022-05-09,4178.6353,0.0033220806907992007
119002,2022-05-10,4195.5399,0.0040454834620289315
119002,2022-05-12,4225.012,0.0070246263180573365
119002,2022-06-01,4056.4588,-0.03989413521192364
119002,2022-06-04,4102.8301,0.011431473185429697
119002,2022-06-05,4118.2774,0.0037650352618792127
119002,2022-06-06,4133.431,0.003679596716821276
119002,2022-06-07,4151.2664,0.004314914171786199
119002,2022-06-09,4179.7786,0.006868313727107278
119002,2022-06-10,4196.6371,0.004033347603626725
119002,2022-06-12,4226.1758,0.0070386595972284915
119002,2022-07-01,4056.8653,-0.04006234194043701
119002,2022-07-02,4071.8537,0.003694576696938956
119002,2022-07-03,4088.5999,0.0041126723192437264
119002,2022-07-04,4103.7702,0.003710389955250859
119002,2022-07-06,4134.4075,0.00746564707741193
119002,2022-07-07,4151.9856,0.004251661211431168
119002,2022-07-09,4180.5724,0.006885091316308989
119002,2022-07-10,4196.9724,0.003922907781718887
119002,2022-07-11,4212.6639,0.003738766545140937
119002,2022-07-12,4227.1166,0.0034307745272534884
119002,2022-08-02,4073.0569,-0.0364455761641399
119002,2022-08-03,4088.8664,0.0038814827261557383
119002,2022-08-04,4105.0182,0.003950190204307091
119002,2022-08-06,4135.4641,0.007416751526217347
119002,2022-08-07,4153.1408,0.0042744174710644955
119002,2022-08-08,4165.9296,0.0030793080745059598
119002,2022-08-09,4181.1751,0.003659567362828131
119002,2022-08-11,4213.3193,0.007687838760926269
119002,2022-08-12,4227.5999,0.0033893942004348254
119002,2022-09-02,4074.3818,-0.0362423369344862
119002,2022-09-03,4089.1916,0.003634858176521316
119002,2022-09-05,4118.8094,0.007242947481355566
119002,2022-09-06,4137.0172,0.0044206464130145395
119002,2022-09-08,4166.972,0.007240675721628564
119002,2022-09-09,4182.4531,0.0037151917507485255
119002,2022-09-11,4214.722,0.0077153046856639484
119002,2022-09-12,4228.8008,0.0033403863884735596
119002,2022-10-01,4057.5482,-0.04049672900175383
119002,2022-10-02,4075.2836,0.004370964712138159
119002,2022-10-03,4089.9058,0.0035880202300522246
119002,2022-10-05,4120.4631,0.007471394573439705
119002,2022-10-06,4137.5155,0.004138466863105927
119002,2022-10-08,4167.526,0.007253265879003878
119002,2022-10-10,4197.2271,0.0071267941699704185
119002,2022-10-11,4215.1315,0.004265768702389261
119002,2022-11-01,4057.8597,-0.037311244026432044
119002,2022-11-02,4076.1366,0.004504073908715878
119002,2022-11-03,4091.2628,0.003710915870680065
119002,2022-11-04,4105.3648,0.0034468575325936612
119002,2022-11-05,4121.6417,0.003964787733357955
119002,2022-11-07,4153.5314,0.007737135423488972
119002,2022-11-08,4168.113,0.003510651201529491
119002,2022-11-10,4198.1549,0.007207554113816128
119002,2022-11-11,4216.0652,0.004266231338915016
119002,2022-12-01,4058.1953,-0.03744484312054763
119002,2022-12-04,4105.5725,0.011674450463239339
119002,2022-12-05,4122.1401,0.004035393358660544
119002,2022-12-07,4154.3681,0.007818268961794939
119002,2022-12-08,4168.4749,0.0033956548048788004
119002,2022-12-09,4183.4272,0.0035869953301146396
119002,2022-12-10,4198.8968,0.0036978293777887306
119002,2022-12-12,4229.7766,0.00735426505362069
119002,2023-01-02,4259.1177,0.006936796614743113
119002,2023-01-03,4274.1413,0.0035273972353477845
119002,2023-01-05,4304.8711,0.007189701472901655
119002,2023-01-06,4324.5584,0.004573261206357593
119002,2023-01-08,4358.2009,0.007779407025697793
119002,2023-01-09,4375.0494,0.0038659300905563576
119002,2023-01-11,4405.5039,0.006960949972359076
119002,2023-01-12,4422.1256,0.003772939572247447
119002,2023-02-01,4240.8595,-0.040990717224314244
119002,2023-02-02,4259.3794,0.004367015695756926
119002,2023-02-03,4274.1896,0.003477079313479292
119002,2023-02-05,4305.598,0.007348387165604597
119002,2023-02-06,4324.8739,0.004476939091851984
119002,2023-02-08,4358.2599,0.007719531429575488
119002,2023-02-10,4390.5803,0.007415895504533809
119002,2023-02-11,4406.5899,0.0036463517134626144
119002,2023-03-01,4241.468,-0.037471583184992996
119002,2023-03-02,4260.2926,0.004438227519339977
119002,2023-03-03,4275.2416,0.003508913918260026
119002,2023-03-04,4291.7463,0.0038605303616057185
119002,2023-03-05,4306.6935,0.0034827780943156306
119002,2023-03-07,4339.8575,0.007700571215481178
119002,2023-03-08,4358.7549,0.0043543826035761235
119002,2023-03-10,4391.3602,0.007480416024310044
119002,2023-03-11,4406.8438,0.0035259234712743392
119002,2023-04-01,4242.2716,-0.037344686462451815
119002,2023-04-04,4292.6948,0.011885896225974912
119002,2023-04-05,4307.0666,0.0033479668761915438
119002,2023-04-07,4341.4118,0.007974151131073803
119002,2023-04-08,4359.9892,0.004279114918331439
119002,2023-04-09,4375.393,0.0035329904028202908
119002,2023-04-10,4392.4238,0.00389240463656626
119002,2023-04-12,4423.1404,0.006993086596061238
119002,2023-05-01,4243.4851,-0.04061713709110393
119002,2023-05-04,4293.5644,0.011801455365072488
119002,2023-05-05,4307.7481,0.0033034790394665947
119002,2023-05-06,4326.2784,0.004301621072040129
119002,2023-05-07,4343.1551,0.0039009741028224187
119002,2023-05-09,4376.7535,0.007735942932362683
119002,2023-05-10,4393.0887,0.0037322641085453245
119002,2023-05-12,4423.805,0.0069919598937304706
119002,2023-06-01,4244.4152,-0.040551018862721055
119002,2023-06-02,4260.7537,0.0038494113393996443
119002,2023-06-03,4275.8421,0.003541251398784029
119002,2023-06-04,4294.6842,0.004406640741013268
119002,2023-06-06,4326.7248,0.0074605252698207725
119002,2023-06-07,4344.1527,0.00402796591084309
119002,2023-06-09,4376.6931,0.007490620668099579
119002,2023-06-10,4393.3487,0.0038055215706120915
119002,2023-06-11,4407.7567,0.0032795029449859125
119002,2023-06-12,4425.3434,0.003989943455817269
119002,2023-07-02,4262.9183,-0.03670338893926273
119002,2023-07-03,4276.2665,0.0031312352385453046
119002,2023-07-04,4295.0384,0.004389787212747631
119002,2023-07-06,4327.0771,0.007459467649928442
119002,2023-07-07,4344.731,0.004079867215677657
119002,2023-07-08,4361.0272,0.003750796079205143
119002,2023-07-09,4377.4887,0.003774684092775038
119002,2023-07-11,4407.7593,0.006915060683080565
119002,2023-07-12,4426.3655,0.004221237761326879
119002,2023-08-02,4263.9474,-0.036693332260971157
119002,2023-08-03,4277.5982,0.00320144662197297
119002,2023-08-05,4308.4931,0.007222487609986228
119002,2023-08-06,4327.7546,0.004470588568425526
119002,2023-08-08,4361.7576,0.007856961205702229
119002,2023-08-09,4378.384,0.003811857862069168
119002,2023-08-11,4408.4396,0.006864541803551116
119002,2023-08-12,4427.5746,0.004340538089713242
119002,2023-09-01,4244.2634,-0.04140217084089337
119002,2023-09-02,4265.3188,0.0049609079398795775
119002,2023-09-03,4278.4852,0.0030868501552567817
119002,2023-09-05,4309.7436,0.0073059502461290116
119002,2023-09-06,4328.3665,0.004321115529935637
119002,2023-09-08,4362.336,0.007848110828877486
119002,2023-09-10,4393.7925,0.007210930107171887
119002,2023-09-11,4409.0905,0.0034817301909457754
119002,2023-10-01,4245.4056,-0.03712441375381159
119002,2023-10-02,4266.2723,0.0049151251885095615
119002,2023-10-03,4278.9707,0.0029764626135093675
119002,2023-10-04,4296.1228,0.004008463998129264
119002,2023-10-05,4310.5324,0.0033540940682608156
119002,2023-10-07,4345.6299,0.008142265674653038
119002,2023-10-08,4363.4653,0.004104215133460931
119002,2023-10-10,4394.5129,0.007115353936697932
119002,2023-10-11,4409.7831,0.003474833354113027
119002,2023-11-01,4246.5156,-0.037023929816412005
119002,2023-11-04,4296.9679,0.011880870047904724
119002,2023-11-05,4311.4324,0.0033662108576608674
119002,2023-11-07,4345.88,0.007989827232360192
119002,2023-11-08,4363.3869,0.004028390107412072
119002,2023-11-09,4379.2779,0.0036418957026249643
119002,2023-11-10,4394.7524,0.0035335734231436433
119002,2023-11-12,4428.2739,0.00762761970389958
119002,2023-12-01,4247.119,-0.04090869356568039
119002,2023-12-04,4296.9648,0.011736379413903819
119002,2023-12-05,4312.2048,0.0035466895144220523
119002,2023-12-06,4329.1473,0.0039289645983418
119002,2023-12-07,4346.2834,0.003958308371720287
119002,2023-12-09,4379.9306,0.0077416028600434394
119002,2023-12-10,4395.5272,0.003560924001855259
119002,2023-12-12,4429.0166,0.007618972304391569
119002,2024-01-01,4439.4782,0.0023620593338935514
119002,2024-01-02,4459.4101,0.004489694306867076
119002,2024-01-03,4477.3198,0.004016158998249697
119002,2024-01-04,4496.1448,0.00420452432278795
119002,2024-01-05,4512.1054,0.003549841188388747
119002,2024-01-07,4545.5237,0.007406365108403534
119002,2024-01-08,4564.234,0.004116203376081984
119002,2024-01-10,4601.7389,0.008217129095484665
119002,2024-01-11,4619.5893,0.0038790553718723864
119002,2024-02-01,4439.9109,-0.03889488617527104
119002,2024-02-02,4459.6624,0.004448625309125154
119002,2024-02-04,4496.1973,0.00819230173118024
119002,2024-02-05,4512.448,0.003614320928487791
119002,2024-02-07,4546.5071,0.007547809969222774
119002,2024-02-08,4564.4854,0.003954310331990785
119002,2024-02-09,4585.1555,0.004528462288432289
119002,2024-02-10,4603.1233,0.003918689344341919
119002,2024-02-12,4638.2513,0.007631340225016325
119002,2024-03-01,4440.5027,-0.042634300560644434
119002,2024-03-04,4496.695,0.012654490672868945
119002,2024-03-05,4512.8053,0.003582697959279013
119002,2024-03-06,4529.3761,0.003671951014593944
119002,2024-03-07,4547.4395,0.003988054778670369
119002,2024-03-09,4586.409,0.008569547764186725
119002,2024-03-10,4604.3666,0.003915394374989445
119002,2024-03-12,4638.638,0.007443238772516514
119002,2024-04-01,4441.4481,-0.042510301515229276
119002,2024-04-03,4478.2333,0.008282253709100074
119002,2024-04-04,4497.1941,0.004233991114308333
119002,2024-04-06,4530.3674,0.007376443903099661
119002,2024-04-07,4548.2115,0.003938775473265155
119002,2024-04-09,4587.4603,0.008629501948183238
119002,2024-04-10,4604.5794,0.0037317162177947782
119002,2024-04-11,4619.9683,0.003342085924286753
119002,2024-04-12,4638.7662,0.004068837442023021
119002,2024-05-01,4442.439,-0.042323150496353934
119002,2024-05-02,4460.4645,0.004057568376290455
119002,2024-05-03,4478.8754,0.004127574605738982
119002,2024-05-04,4497.9062,0.004249013044658634
119002,2024-05-06,4530.6826,0.007287035020872468
119002,2024-05-07,4549.2172,0.004090906743279721
119002,2024-05-08,4566.248,0.003743677044041771
119002,2024-05-09,4588.0672,0.004778365082229508
119002,2024-05-11,4621.0676,0.007192658381289574
119002,2024-05-12,4639.2377,0.00393201345940053
119002,2024-06-02,4460.943,-0.03843189582633355
119002,2024-06-03,4480.0798,0.004289855306378154
119002,2024-06-05,4513.2926,0.007413439376682485
119002,2024-06-06,4531.6823,0.004074564099832756
119002,2024-06-08,4567.19,0.007835434536088037
119002,2024-06-09,4589.1992,0.004818980598573885
119002,2024-06-11,4622.0019,0.007147804784765066
119002,2024-06-12,4640.1802,0.0039329927579647705
119002,2024-07-02,4462.2809,-0.03833887744273379
119002,2024-07-03,4481.2907,0.004260108322629241
119002,2024-07-05,4514.5139,0.007413756933912108
119002,2024-07-06,4531.8288,0.0038353852449097836
119002,2024-07-08,4568.6294,0.00812047445393338
119002,2024-07-10,4605.0972,0.00798221891230666
119002,2024-07-11,4623.8461,0.00407133643129165
119002,2024-08-01,4444.2108,-0.03884975756437914
119002,2024-08-02,4462.8258,0.004188595194449363
119002,2024-08-03,4481.4355,0.004169936455955758
119002,2024-08-04,4498.2221,0.0037458086811692493
119002,2024-08-05,4514.5345,0.003626410532285629
119002,2024-08-07,4550.1462,0.007888232995007627
119002,2024-08-08,4569.466,0.004245973459050756
119002,2024-08-10,4606.5932,0.008125063191191328
119002,2024-08-11,4624.6821,0.003926741349767893
119002,2024-09-01,4444.7984,-0.0388964465254813
119002,2024-09-02,4463.6711,0.00424601934701907
119002,2024-09-04,4499.235,0.007967410502086603
119002,2024-09-05,4515.5428,0.0036245717327503257
119002,2024-09-07,4551.0096,0.007854382423304607
119002,2024-09-08,4570.6319,0.004311636697052812
119002,2024-09-09,4590.5253,0.00435243975783739
119002,2024-09-10,4606.8904,0.0035649732722309313
119002,2024-09-12,4641.0495,0.007414784601778246
119002,2024-10-01,4446.3411,-0.041953527968189186
119002,2024-10-04,4499.7325,0.012007940641351356
119002,2024-10-05,4516.472,0.003720110028762713
119002,2024-10-06,4533.6379,0.003800732075832647
119002,2024-10-07,4551.9044,0.004029104309367204
119002,2024-10-09,4590.562,0.008492621242221166
119002,2024-10-10,4607.9401,0.0037856149203516765
119002,2024-10-12,4642.7608,0.007556673751032639
119002,2024-11-01,4446.7588,-0.04221669141343665
119002,2024-11-03,4482.8361,0.008113167730168014
119002,2024-11-04,4500.8073,0.004008890710949675
119002,2024-11-06,4534.222,0.007424156995123887
119002,2024-11-07,4553.2622,0.004199220946835114
119002,2024-11-09,4591.4913,0.008395980358873123
119002,2024-11-10,4608.5428,0.00371371715329194
119002,2024-11-11,4625.6916,0.003721089451528936
119002,2024-11-12,4643.2398,0.003793638123215981
119002,2024-12-01,4447.7765,-0.0420963181785271
119002,2024-12-02,4464.3565,0.0037277052927457976
119002,2024-12-03,4484.7083,0.004558730916762732
119002,2024-12-04,4501.6162,0.0037701225740813804
119002,2024-12-06,4535.514,0.007530139952846238
119002,2024-12-07,4553.5331,0.00397289039345905
119002,2024-12-08,4571.479,0.00394109356534611
119002,2024-12-09,4592.4547,0.004588383759391634
119002,2024-12-11,4626.4804,0.00740904423074662
119002,2024-12-12,4644.1852,0.003826839945112459
119002,2025-01-01,4657.5398,0.002875552852629415
119002,2025-01-04,4707.6614,0.0107613895215668
119002,2025-01-05,4725.5397,0.0037977030378608667
119002,2025-01-07,4759.6318,0.00721443521043752
119002,2025-01-08,4778.5488,0.003974467100585244
119002,2025-01-09,4795.1442,0.0034728953694058706
119002,2025-01-10,4814.4484,0.004025780913950561
119002,2025-01-12,4843.506,0.006035499310782955
119002,2025-02-01,4658.4109,-0.03821510699067998
119002,2025-02-04,4708.7892,0.010814481822545963
119002,2025-02-05,4726.9267,0.0038518394495128394
119002,2025-02-06,4742.0458,0.0031985052782814716
119002,2025-02-07,4760.722,0.003938426744001466
119002,2025-02-09,4796.3008,0.00747340424414622
119002,2025-02-10,4815.3449,0.00397058082762447
119002,2025-02-12,4844.8308,0.006123320470772464
119002,2025-03-01,4659.6647,-0.0382193120139509
119002,2025-03-02,4674.1201,0.0031022403822318356
119002,2025-03-03,4688.219,0.0030163752103844477
119002,2025-03-04,4709.7612,0.004594964527041112
119002,2025-03-06,4742.9224,0.007040951460554057
119002,2025-03-07,4761.9474,0.004011239989926807
119002,2025-03-09,4797.2116,0.007405415691907891
119002,2025-03-10,4816.1214,0.003941831542306762
119002,2025-03-11,4828.7288,0.002617749627324528
119002,2025-03-12,4845.8654,0.0035488843357696087
119002,2025-04-02,4675.8082,-0.0350932570269078
119002,2025-04-03,4688.4855,0.0027112532117976595
119002,2025-04-04,4711.0927,0.004821855586415014
119002,2025-04-06,4743.1498,0.006804599705711567
119002,2025-04-07,4762.6301,0.004107038744591174
119002,2025-04-08,4779.7222,0.0035887943512555864
119002,2025-04-09,4797.2932,0.0036761550702675283
119002,2025-04-11,4829.3251,0.0066770778154647825
119002,2025-04-12,4847.2697,0.0037157573011599165
119002,2025-05-02,4676.5687,-0.035215907214735775
119002,2025-05-03,4689.0488,0.002668644641101947
119002,2025-05-05,4727.5164,0.008203710739798753
119002,2025-05-06,4743.6416,0.003410924179977348
119002,2025-05-08,4779.9314,0.0076501985310188925
119002,2025-05-09,4797.5709,0.0036903249280939576
119002,2025-05-11,4829.4259,0.00663981849648132
119002,2025-05-12,4848.2415,0.003896032445595665
119002,2025-06-01,4660.7424,-0.038673630428682215
119002,2025-06-02,4677.2237,0.0035361962935345215
119002,2025-06-03,4689.6342,0.0026533903007464055
119002,2025-06-05,4727.977,0.008176074799181476
119002,2025-06-06,4744.2,0.0034312772672118186
119002,2025-06-08,4780.1487,0.00757739977235361
119002,2025-06-10,4817.4349,0.007800217595741454
119002,2025-06-11,4829.3827,0.002480116545010347
119002,2025-07-01,4661.6309,-0.03473566093654168
119002,2025-07-02,4677.9658,0.0035041169818914586
119002,2025-07-03,4690.471,0.0026732132158810984
119002,2025-07-04,4711.4104,0.004464242503578131
119002,2025-07-05,4729.0445,0.0037428494872788765
119002,2025-07-07,4763.6514,0.007317947631915844
119002,2025-07-08,4780.7568,0.0035908169099023723
119002,2025-07-10,4817.7984,0.007748061980479726
119002,2025-07-11,4830.4294,0.002621736932786556
119002,2025-08-01,4661.4902,-0.03497395076305221
119002,2025-08-04,4712.02,0.010839838298920101
119002,2025-08-05,4729.174,0.00364047690799274
119002,2025-08-07,4764.6712,0.007506004219764328
119002,2025-08-08,4781.6189,0.0035569505824453174
119002,2025-08-09,4798.1442,0.003456005245420002
119002,2025-08-10,4818.5514,0.004253144371942907
119002,2025-08-12,4849.6489,0.00645370307765103
119002,2025-09-01,4662.6276,-0.038563884490689704
119002,2025-09-04,4713.2925,0.010866169110310242
119002,2025-09-05,4730.0417,0.0035536092869263847
119002,2025-09-06,4744.7998,0.003120078201424681
119002,2025-09-07,4765.8806,0.004442927181037337
119002,2025-09-09,4799.3208,0.0070165836718611985
119002,2025-09-10,4819.5558,0.004216221595355618
119002,2025-09-12,4850.1595,0.0063499005447762435
119002,2025-10-01,4663.8069,-0.03842195292752748
119002,2025-10-02,4678.5131,0.0031532609122391086
119002,2025-10-03,4690.6329,0.0025905238995695967
119002,2025-10-04,4713.6415,0.004905222917785723
119002,2025-10-06,4745.4076,0.006739184556143973
119002,2025-10-07,4767.2088,0.004594168054183667
119002,2025-10-09,4800.4816,0.006979513882421129
119002,2025-10-10,4820.0122,0.00406846679716466
119002,2025-10-11,4831.1889,0.002318811558194911
119002,2025-10-12,4851.5113,0.004206500805629787
119002,2025-11-02,4679.3051,-0.035495372338924636
119002,2025-11-03,4691.7493,0.0026594119712348707
119002,2025-11-04,4714.6041,0.004871274771650613
119002,2025-11-06,4746.1989,0.006701474679496666
119002,2025-11-07,4768.9304,0.0047894115857638475
119002,2025-11-08,4782.962,0.0029422949850557156
119002,2025-11-09,4801.2259,0.003818533369071231
119002,2025-11-11,4831.8829,0.006385244235227239
119002,2025-11-12,4852.1916,0.0042030612952148605
119002,2025-12-02,4680.1637,-0.03545364943956464
119002,2025-12-03,4693.3731,0.0028224226430368926
119002,2025-12-05,4730.5111,0.007912859090618563
119002,2025-12-06,4747.2001,0.0035279485973513935
119002,2025-12-08,4784.1662,0.0077869268666386215
119002,2025-12-09,4803.2231,0.003983327335074671
119002,2025-12-11,4832.0077,0.0059927676480402425
119002,2025-12-12,4853.0662,0.004358126333283696
119002,2026-01-01,4868.7095,0.0032233848365801343
119002,2026-01-04,4920.0468,0.010544334181367798
119002,2026-01-05,4935.9111,0.0032244205481948285
119002,2026-02-01,4869.165,-0.013522549058875954
119002,2026-02-02,4884.8189,0.00321490440352723
119002,2026-02-03,4905.1062,0.004153132473345034
119002,2026-02-04,4921.2615,0.0032935678334546914
119002,2026-03-02,4885.9944,-0.007166272306399546
119002,2026-03-03,4906.5991,0.004217094477226846
119002,2026-03-04,4921.0083,0.0029366980481451144
119002,2026-04-02,4886.4079,-0.007031160666808978
119002,2026-04-03,4906.9716,0.004208346994527323
119002,2026-04-05,4936.3972,0.005996692542504345
119002,2026-05-01,4870.3425,-0.013381155795161859
119002,2026-05-02,4887.1581,0.003452652457193617
119002,2026-05-03,4907.5159,0.004165570170525212
119002,2026-05-05,4937.8267,0.006176403829888599
119002,2026-06-01,4870.7504,-0.013584174592437548
119002,2026-06-02,4887.5967,0.003458666245759634
119002,2026-06-03,4908.8447,0.004347330867131349
119002,2026-06-04,4922.2444,0.0027297054233554885
119002,2026-06-05,4939.1611,0.0034367858694706044
119002,2026-07-01,4872.132,-0.013570948313469833
119002,2026-07-04,4922.2357,0.010283732049952699
119002,2026-07-05,4940.44,0.0036983803924708347
119002,2026-08-01,4873.4208,-0.013565431419063856
119002,2026-08-04,4923.0184,0.010177163441334791
119002,2026-08-05,4941.3845,0.0037306584107019702
119002,2026-09-01,4874.0052,-0.013635712825019075
119002,2026-09-02,4889.0845,0.003093821073477887
119002,2026-09-03,4909.8009,0.004237275915357941
119002,2026-09-04,4923.5555,0.002801457794347595
119002,2026-10-02,4889.7537,-0.006865323240491605
119002,2026-10-03,4909.5912,0.00405695280725471
119002,2026-10-04,4924.2641,0.0029886195005401905
119002,2026-11-02,4890.2809,-0.006901173314404652
119002,2026-11-03,4909.6568,0.003962124138922274
119002,2026-11-05,4941.484,0.0064825712461207274
119002,2026-12-01,4875.1643,-0.013421008749598284
119002,2026-12-02,4891.136,0.0032761357396713375
119002,2026-12-03,4910.8658,0.004033786833978592
119002,2026-12-05,4942.9105,0.006525264852482948
119003,2022-01-02,4543.8894,
119003,2022-01-03,4560.0992,0.003567384364592918
119003,2022-01-04,4576.0041,0.0034878407908320863
119003,2022-01-06,4609.7543,0.007375474160960627
119003,2022-01-07,4623.3699,0.002953649829015914
119003,2022-01-08,4643.2652,0.004303203167888459
119003,2022-01-09,4659.9098,0.003584675714839669
119003,2022-01-11,4698.9503,0.008377951865076838
119003,2022-01-12,4719.2973,0.004330116026125985
119003,2022-02-02,4545.5955,-0.03680670849026613
119003,2022-02-03,4560.39,0.003254689072091921
119003,2022-02-05,4593.7809,0.007321939570957614
119003,2022-02-06,4609.8639,0.0035010376746529293
119003,2022-02-08,4643.6857,0.0073368326557319286
119003,2022-02-09,4661.4515,0.00382579725410781
119003,2022-02-11,4699.7534,0.008216732492014378
119003,2022-02-12,4720.1508,0.004340100057164786
119003,2022-03-01,4531.0115,-0.040070605371337
119003,2022-03-02,4546.5466,0.003428616325515943
119003,2022-03-03,4561.0682,0.003193984638802494
119003,2022-03-05,4594.7787,0.007390922152841428
119003,2022-03-06,4610.2686,0.003371196092643247
119003,2022-03-08,4644.7003,0.007468480252972753
119003,2022-03-10,4678.453,0.007266927426943015
119003,2022-03-11,4701.2298,0.004868446899007006
119003,2022-04-01,4531.3276,-0.03613994789193253
119003,2022-04-02,4546.8751,0.0034311136541971266
119003,2022-04-03,4561.4549,0.003206553881367702
119003,2022-04-04,4576.6956,0.003341192740939025
119003,2022-04-05,4595.5255,0.004114300282500594
119003,2022-04-07,4623.5768,0.006104046207555669
119003,2022-04-08,4645.0965,0.00465434033668477
119003,2022-04-10,4679.3932,0.007383420344442948
119003,2022-04-11,4701.5103,0.004726488896038772
119003,2022-05-01,4531.8773,-0.03608053352557794
119003,2022-05-04,4577.6027,0.010089725950876982
119003,2022-05-05,4596.3033,0.00408523876482314
119003,2022-05-07,4625.3215,0.0063133779705095705
119003,2022-05-08,4645.9544,0.004460857477690983
119003,2022-05-09,4662.5937,0.003581460033271311
119003,2022-05-10,4680.4576,0.0038313224675783353
119003,2022-05-12,4720.4426,0.008542968106366455
119003,2022-06-01,4533.2327,-0.039659395498210404
119003,2022-06-04,4578.8152,0.01005518644564618
119003,2022-06-05,4596.7544,0.0039178694086627885
119003,2022-06-06,4610.7505,0.0030447787247454006
119003,2022-06-07,4626.3782,0.0033894048268281463
119003,2022-06-09,4662.9545,0.00790603327674333
119003,2022-06-10,4680.8736,0.0038428640039271933
119003,2022-06-12,4721.1872,0.008612409444254343
119003,2022-07-01,4533.2737,-0.039802170945477555
119003,2022-07-02,4547.3404,0.003102989347411489
119003,2022-07-03,4562.6051,0.003356841286832113
119003,2022-07-04,4580.0303,0.003819133941703745
119003,2022-07-06,4611.3799,0.00684484554610898
119003,2022-07-07,4627.8972,0.0035818562682290445
119003,2022-07-09,4663.5912,0.007712790163100225
119003,2022-07-10,4681.6881,0.003880464479819823
119003,2022-07-11,4702.2232,0.004386259733962117
119003,2022-07-12,4722.1415,0.004235932484021543
119003,2022-08-02,4547.9867,-0.03688047043910048
119003,2022-08-03,4563.0492,0.003311905023820838
119003,2022-08-04,4580.9635,0.003925949341067714
119003,2022-08-06,4612.0299,0.006781630109037318
119003,2022-08-07,4629.1312,0.003707976828164039
119003,2022-08-08,4646.9254,0.0038439610439211513
119003,2022-08-09,4664.5861,0.0038005129154861095
119003,2022-08-11,4703.7688,0.008400037894037204
119003,2022-08-12,4722.9818,0.004084597015057367
119003,2022-09-02,4548.9702,-0.036843588937818916
119003,2022-09-03,4564.3731,0.0033860191038401766
119003,2022-09-05,4597.4826,0.007253898678878823
119003,2022-09-06,4612.5604,0.0032795773930716088
119003,2022-09-08,4646.9016,0.007445149119348127
119003,2022-09-09,4665.3489,0.003969806462009062
119003,2022-09-11,4704.6897,0.008432552600728282
119003,2022-09-12,4723.6609,0.004032401966914012
119003,2022-10-01,4533.5384,-0.04024897299465324
119003,2022-10-02,4550.0096,0.003633188592821801
119003,2022-10-03,4565.1494,0.003327421550934684
119003,2022-10-05,4598.0613,0.007209380705043289
119003,2022-10-06,4612.4145,0.0031215764783301125
119003,2022-10-08,4647.0886,0.007517559404082164
119003,2022-10-10,4683.2758,0.007787069090957388
119003,2022-10-11,4705.2891,0.0047004064975202375
119003,2022-11-01,4534.1465,-0.03637238783053742
119003,2022-11-02,4550.9198,0.0036993290799050005
119003,2022-11-03,4566.3247,0.0033850080153028372
119003,2022-11-04,4581.9851,0.0034295414866138962
119003,2022-11-05,4599.4085,0.0038025876600951136
119003,2022-11-07,4630.1468,0.006683098489729922
119003,2022-11-08,4647.4814,0.0037438553784081563
119003,2022-11-10,4684.6123,0.007989467155264052
119003,2022-11-11,4706.1327,0.004593848673453804
119003,2022-12-01,4534.5203,-0.036465695070604376
119003,2022-12-04,4582.9528,0.010680843131301021
119003,2022-12-05,4599.4618,0.0036022627158629472
119003,2022-12-07,4630.8371,0.0068215155086188695
119003,2022-12-08,4647.7123,0.003644092771045715
119003,2022-12-09,4665.816,0.0038951851645376845
119003,2022-12-10,4685.8275,0.004288960387636598
119003,2022-12-12,4724.854,0.008328624986728483
119003,2023-01-02,4754.3262,0.006237695386989817
119003,2023-01-03,4773.6049,0.004054980493345184
119003,2023-01-05,4812.6567,0.00818077759221314
119003,2023-01-06,4831.3652,0.0038873539431973914
119003,2023-01-08,4865.9868,0.007166007653488737
119003,2023-01-09,4884.6994,0.0038455920184576886
119003,2023-01-11,4921.2438,0.007481402028546524
119003,2023-01-12,4939.6,0.003729991999177118
119003,2023-02-01,4735.6194,-0.041294963154911435
119003,2023-02-02,4755.718,0.004244133301759989
119003,2023-02-03,4774.679,0.003986989977118105
119003,2023-02-05,4813.5475,0.008140547249354313
119003,2023-02-06,4832.3392,0.0039039190950127534
119003,2023-02-08,4867.0875,0.007190782468250445
119003,2023-02-10,4902.3707,0.007249345732946111
119003,2023-02-11,4922.1912,0.004043043909347732
119003,2023-03-01,4736.6793,-0.03768888538909265
119003,2023-03-02,4756.7235,0.004231698776820281
119003,2023-03-03,4775.6978,0.003988943229515041
119003,2023-03-04,4795.7219,0.0041929160593032755
119003,2023-03-05,4814.2855,0.0038708666572180306
119003,2023-03-07,4849.7002,0.007356169466891771
119003,2023-03-08,4868.6938,0.003916448278596718
119003,2023-03-10,4903.7346,0.007197166517228792
119003,2023-03-11,4924.0418,0.004141170282747408
119003,2023-04-01,4737.6915,-0.0378449874247615
119003,2023-04-04,4797.7182,0.012670031385538794
119003,2023-04-05,4815.3191,0.0036685981265009993
119003,2023-04-07,4849.6262,0.007124574568692754
119003,2023-04-08,4869.2435,0.004045115889550477
119003,2023-04-09,4885.2094,0.0032789282359775296
119003,2023-04-10,4904.0377,0.0038541438981101184
119003,2023-04-12,4940.8328,0.007503021438844293
119003,2023-05-01,4738.1016,-0.04103178719182732
119003,2023-05-04,4798.57,0.012762157738449353
119003,2023-05-05,4815.4,0.003507294881600176
119003,2023-05-06,4833.0164,0.0036583461394694705
119003,2023-05-07,4850.7729,0.003673999533707173
119003,2023-05-09,4886.1077,0.007284364930792764
119003,2023-05-10,4904.5704,0.0037786109381092725
119003,2023-05-12,4942.3196,0.007696739351524151
119003,2023-06-01,4738.4554,-0.04124868816658478
119003,2023-06-02,4758.352,0.004198963231773822
119003,2023-06-03,4776.701,0.003856167009082201
119003,2023-06-04,4800.0157,0.004880920953603818
119003,2023-06-06,4833.5959,0.006995852117733792
119003,2023-06-07,4851.179,0.003637685144511016
119003,2023-06-09,4886.8954,0.0073624164352625865
119003,2023-06-10,4905.7104,0.0038500926375464317
119003,2023-06-11,4924.3901,0.003807746172705073
119003,2023-06-12,4943.1831,0.0038163101660042553
119003,2023-07-02,4758.3656,-0.03738835812090391
119003,2023-07-03,4777.3095,0.003981177906968725
119003,2023-07-04,4799.6729,0.0046811704370419704
119003,2023-07-06,4834.2875,0.007211866458649796
119003,2023-07-07,4852.6534,0.0037990913862693265
119003,2023-07-08,4869.809,0.0035353029746572062
119003,2023-07-09,4887.4263,0.0036176572838892973
119003,2023-07-11,4924.5969,0.007605352534932219
119003,2023-07-12,4944.4043,0.004022136309268509
119003,2023-08-02,4759.4024,-0.03741641839442622
119003,2023-08-03,4779.3643,0.004194203036919086
119003,2023-08-05,4816.3565,0.007739983327908151
119003,2023-08-06,4835.4309,0.003960338068828673
119003,2023-08-08,4870.6467,0.007282866972620816
119003,2023-08-09,4889.0484,0.00377808146092784
119003,2023-08-11,4925.7861,0.007514284374849023
119003,2023-08-12,4945.3499,0.00397171123610085
119003,2023-09-01,4739.4895,-0.041627064649156664
119003,2023-09-02,4759.9507,0.00431717382220187
119003,2023-09-03,4780.0881,0.004230590035312787
119003,2023-09-05,4816.8915,0.007699314161176085
119003,2023-09-06,4836.1335,0.003994692427678803
119003,2023-09-08,4871.2793,0.007267334534913017
119003,2023-09-10,4906.5355,0.007237564883622927
119003,2023-09-11,4926.5624,0.004081678406280709
119003,2023-10-01,4740.0772,-0.03785300679435222
119003,2023-10-02,4760.3907,0.004285478725958303
119003,2023-10-03,4780.7446,0.004275678464795041
119003,2023-10-04,4800.4095,0.004113355061887258
119003,2023-10-05,4817.8314,0.0036292528793637757
119003,2023-10-07,4853.1502,0.0073308501414142135
119003,2023-10-08,4871.4195,0.0037644208909914934
119003,2023-10-10,4907.5843,0.007423873062051056
119003,2023-10-11,4927.1871,0.003994388848297392
119003,2023-11-01,4740.8401,-0.03782015909239567
119003,2023-11-04,4800.5723,0.012599496869763582
119003,2023-11-05,4819.1347,0.0038667056425751856
119003,2023-11-07,4853.8045,0.007194196086695914
119003,2023-11-08,4872.1087,0.003771103677537857
119003,2023-11-09,4889.1821,0.003504314261297159
119003,2023-11-10,4908.9483,0.004042843894073833
119003,2023-11-12,4946.1158,0.007571377355919617
119003,2023-12-01,4742.0194,-0.0412639752591315
119003,2023-12-04,4801.0229,0.012442694772611063
119003,2023-12-05,4819.7341,0.0038973361280987273
119003,2023-12-06,4837.7901,0.003746264757634732
119003,2023-12-07,4854.0262,0.0033560984797582627
119003,2023-12-09,4889.3369,0.007274517801325375
119003,2023-12-10,4910.2364,0.004274506017370117
119003,2023-12-12,4946.5959,0.007404836964672423
119003,2024-01-01,4959.693,0.0026476996028723665
119003,2024-01-02,4983.6764,0.0048356622073180144
119003,2024-01-03,5007.9454,0.004869698201110939
119003,2024-01-04,5025.3441,0.003474219187773242
119003,2024-01-05,5045.775,0.004065572345583135
119003,2024-01-07,5086.7262,0.008115938582279325
119003,2024-01-08,5104.4175,0.0034779343932447304
119003,2024-01-10,5147.3921,0.008419099730772484
119003,2024-01-11,5168.523,0.004105166186970655
119003,2024-02-01,4960.9421,-0.040162518382911294
119003,2024-02-02,4984.8251,0.004814206559677459
119003,2024-02-04,5026.4348,0.008347273809065081
119003,2024-02-05,5046.5984,0.004011511300216153
119003,2024-02-07,5087.8954,0.008183135793012664
119003,2024-02-08,5104.8449,0.003331338140324158
119003,2024-02-09,5125.9985,0.004143828150390938
119003,2024-02-10,5148.2717,0.004345143682738195
119003,2024-02-12,5189.1171,0.007933808155463185
119003,2024-03-01,4962.3815,-0.04369444659477817
119003,2024-03-04,5027.033,0.013028321180062363
119003,2024-03-05,5048.1487,0.00420042995540304
119003,2024-03-06,5067.2265,0.003779167598608968
119003,2024-03-07,5088.6876,0.004235275450979126
119003,2024-03-09,5127.3153,0.0075908963246240635
119003,2024-03-10,5147.9872,0.004031720069955336
119003,2024-03-12,5189.8828,0.00813824867319024
119003,2024-04-01,4963.0438,-0.04370792342362717
119003,2024-04-03,5008.4496,0.009148780834857817
119003,2024-04-04,5027.5254,0.0038087235618784465
119003,2024-04-06,5068.1814,0.008086682167732118
119003,2024-04-07,5090.5891,0.004421250589017989
119003,2024-04-09,5128.2381,0.007395804151625551
119003,2024-04-10,5148.8315,0.004015687181139427
119003,2024-04-11,5169.1461,0.0039454777263538965
119003,2024-04-12,5190.4181,0.004115186452168462
119003,2024-05-01,4963.8968,-0.04364220678099118
119003,2024-05-02,4985.5734,0.004366851462342947
119003,2024-05-03,5008.0356,0.004505439635087871
119003,2024-05-04,5028.8777,0.004161731597914331
119003,2024-05-06,5068.3076,0.007840695748079218
119003,2024-05-07,5091.1528,0.004507461228280496
119003,2024-05-08,5105.3957,0.0027975785759171146
119003,2024-05-09,5128.8167,0.0045874994567023375
119003,2024-05-11,5171.1243,0.008248998253339801
119003,2024-05-12,5191.2033,0.00388290801673441
119003,2024-06-02,4986.3914,-0.03945364651775429
119003,2024-06-03,5009.275,0.004589210546127376
119003,2024-06-05,5050.033,0.00813650677992328
119003,2024-06-06,5068.4627,0.003649421696848343
119003,2024-06-08,5106.8988,0.0075833842083912195
119003,2024-06-09,5131.1291,0.004744621138762284
119003,2024-06-11,5172.4701,0.008056901160409247
119003,2024-06-12,5192.5784,0.003887562346663209
119003,2024-07-02,4987.5345,-0.03948787754461258
119003,2024-07-03,5010.6818,0.004641030553272474
119003,2024-07-05,5049.7838,0.007803728426738266
119003,2024-07-06,5068.9424,0.0037939446041233005
119003,2024-07-08,5106.9688,0.007501841015198796
119003,2024-07-10,5149.8272,0.00839214055899462
119003,2024-07-11,5174.1117,0.004715595117444016
119003,2024-08-01,4964.8299,-0.04044787050113363
119003,2024-08-02,4988.476,0.004762721075298071
119003,2024-08-03,5011.9572,0.00470708889849325
119003,2024-08-04,5028.168,0.003234425066518831
119003,2024-08-05,5051.1042,0.004561542096445548
119003,2024-08-07,5092.3282,0.008161383801981392
119003,2024-08-08,5107.2043,0.0029212767551001217
119003,2024-08-10,5151.1951,0.008613479589997919
119003,2024-08-11,5174.4172,0.004508099489378692
119003,2024-09-01,4965.1786,-0.040437133673720704
119003,2024-09-02,4989.7695,0.004952671793115426
119003,2024-09-04,5028.857,0.007833528182013216
119003,2024-09-05,5051.5616,0.004514862920142804
119003,2024-09-07,5092.8463,0.00817266090549107
119003,2024-09-08,5108.6243,0.003098071112022316
119003,2024-09-09,5131.6478,0.004506790605055766
119003,2024-09-10,5152.3821,0.004040476043581931
119003,2024-09-12,5193.8578,0.008049810591493234
119003,2024-10-01,4966.2916,-0.04381448410081623
119003,2024-10-04,5029.0912,0.012645169687579338
119003,2024-10-05,5051.1611,0.00438844696234586
119003,2024-10-06,5069.6804,0.0036663451498308852
119003,2024-10-07,5093.359,0.004670629730426423
119003,2024-10-09,5132.7348,0.007730811827715289
119003,2024-10-10,5153.7742,0.004099062355608085
119003,2024-10-12,5194.4939,0.007900947620095744
119003,2024-11-01,4967.6933,-0.04366173189653766
119003,2024-11-03,5011.6799,0.008854532142715144
119003,2024-11-04,5029.5596,0.0035676061434011253
119003,2024-11-06,5071.3435,0.008307665744730519
119003,2024-11-07,5093.3661,0.004342557351912912
119003,2024-11-09,5133.9204,0.007962180452726564
119003,2024-11-10,5154.9152,0.004089428421991226
119003,2024-11-11,5175.6183,0.004016186338041017
119003,2024-11-12,5195.2214,0.003787586113141339
119003,2024-12-01,4968.516,-0.04363729330187949
119003,2024-12-02,4991.2999,0.0045856549521023915
119003,2024-12-03,5011.9515,0.004137519366448128
119003,2024-12-04,5030.5875,0.003718312118542899
119003,2024-12-06,5072.2002,0.008271936428896343
119003,2024-12-07,5094.4925,0.004394996080793412
119003,2024-12-08,5109.3141,0.0029093378781104295
119003,2024-12-09,5135.1306,0.005052830868237379
119003,2024-12-11,5175.9892,0.007956681763848339
119003,2024-12-12,5195.4004,0.003750239664333188
119003,2025-01-01,5210.6202,0.002929475849445584
119003,2025-01-04,5274.7547,0.012308419638798584
119003,2025-01-05,5296.7515,0.004170203403013106
119003,2025-01-07,5342.2685,0.008593380301114673
119003,2025-01-08,5365.3263,0.0043161065378873875
119003,2025-01-09,5390.6816,0.004725770359949921
119003,2025-01-10,5410.8185,0.0037355016478808345
119003,2025-01-12,5448.8228,0.007023761746951962
119003,2025-02-01,5211.5257,-0.04355015912794957
119003,2025-02-04,5275.8754,0.012347574147048679
119003,2025-02-05,5297.4773,0.004094467431888127
119003,2025-02-06,5319.9787,0.00424756893248035
119003,2025-02-07,5343.1905,0.0043631377697057605
119003,2025-02-09,5391.9415,0.009123949445560608
119003,2025-02-10,5412.7861,0.0038658802214379673
119003,2025-02-12,5449.6511,0.00681072544137673
119003,2025-03-01,5212.5759,-0.043502821676051906
119003,2025-03-02,5235.1566,0.004331965698571416
119003,2025-03-03,5253.84,0.003568833069864663
119003,2025-03-04,5277.3382,0.004472576248991222
119003,2025-03-06,5320.9863,0.008270855182258341
119003,2025-03-07,5344.2846,0.004378567935797939
119003,2025-03-09,5392.8977,0.009096278293263094
119003,2025-03-10,5413.8348,0.003882346961634253
119003,2025-03-11,5432.4763,0.003443307874854362
119003,2025-03-12,5450.1969,0.0032619746541737715
119003,2025-04-02,5235.8199,-0.03933380828865096
119003,2025-04-03,5255.5746,0.0037729907401893303
119003,2025-04-04,5279.0169,0.004460463752146149
119003,2025-04-06,5321.2322,0.007996810921367059
119003,2025-04-07,5345.2753,0.0045183331785445535
119003,2025-04-08,5366.7319,0.0040141243987936726
119003,2025-04-09,5393.4298,0.004974703506243738
119003,2025-04-11,5432.1584,0.0071806997469403555
119003,2025-04-12,5451.7282,0.0036025827229189122
119003,2025-05-02,5236.7538,-0.039432340005504884
119003,2025-05-03,5257.3473,0.003932493446608065
119003,2025-05-05,5299.8211,0.008078941256173033
119003,2025-05-06,5322.8093,0.004337542638939151
119003,2025-05-08,5367.8258,0.008457282134830546
119003,2025-05-09,5394.9601,0.005054988930527582
119003,2025-05-11,5433.8006,0.0071994044960590475
119003,2025-05-12,5452.9771,0.003529113674138218
119003,2025-06-01,5213.7587,-0.043869320485501295
119003,2025-06-02,5236.7674,0.004413073432032677
119003,2025-06-03,5259.3183,0.004306263440304825
119003,2025-06-05,5300.7174,0.007871571492449991
119003,2025-06-06,5324.351,0.00445856630651531
119003,2025-06-08,5369.0433,0.00839394322425413
119003,2025-06-10,5415.2974,0.008614961253897935
119003,2025-06-11,5434.7498,0.003592120351506356
119003,2025-07-01,5215.4855,-0.040344874753939886
119003,2025-07-02,5238.1415,0.0043439867678665145
119003,2025-07-03,5260.2971,0.004229668098885808
119003,2025-07-04,5280.2269,0.003788721363285674
119003,2025-07-05,5301.3515,0.00400069928813096
119003,2025-07-07,5346.1193,0.008444601343638558
119003,2025-07-08,5370.6352,0.004585737546111135
119003,2025-07-10,5415.861,0.008420940599354054
119003,2025-07-11,5436.4826,0.0038076309565553412
119003,2025-08-01,5217.0898,-0.04035565201661839
119003,2025-08-04,5280.7201,0.012196512316119179
119003,2025-08-05,5301.906,0.004011933902726694
119003,2025-08-07,5346.6745,0.008443850192741964
119003,2025-08-08,5371.283,0.004602580538613399
119003,2025-08-09,5396.6105,0.004715353854935378
119003,2025-08-10,5416.1095,0.0036131938741919
119003,2025-08-12,5455.1681,0.007211560253720828
119003,2025-09-01,5218.1323,-0.04345160326040176
119003,2025-09-04,5280.8045,0.012010465890257338
119003,2025-09-05,5303.0382,0.004210286519790607
119003,2025-09-06,5325.502,0.004236024549097328
119003,2025-09-07,5348.4738,0.004313546403700519
119003,2025-09-09,5396.6925,0.009015412957618096
119003,2025-09-10,5417.0406,0.0037704760832677486
119003,2025-09-12,5455.9418,0.007181264249708441
119003,2025-10-01,5219.0499,-0.04341906653036509
119003,2025-10-02,5238.9985,0.003822266577677258
119003,2025-10-03,5261.5814,0.004310537596069253
119003,2025-10-04,5281.9528,0.0038717257134899263
119003,2025-10-06,5326.5245,0.008438488886155948
119003,2025-10-07,5349.1315,0.004244230923935444
119003,2025-10-09,5397.1906,0.008984467852398037
119003,2025-10-10,5417.2083,0.003708911076810928
119003,2025-10-11,5436.9449,0.003643315690851301
119003,2025-10-12,5456.7685,0.0036460917600984466
119003,2025-11-02,5240.7354,-0.03958993312617176
119003,2025-11-03,5261.976,0.004052980808762152
119003,2025-11-04,5282.6921,0.003936943079938082
119003,2025-11-06,5327.2121,0.008427521263258742
119003,2025-11-07,5349.5966,0.004201916420786045
119003,2025-11-08,5372.605,0.004300959814427907
119003,2025-11-09,5398.0761,0.00474092176886276
119003,2025-11-11,5439.244,0.007626402302850055
119003,2025-11-12,5458.3965,0.0035211694860535214
119003,2025-12-02,5241.8841,-0.03966593485834158
119003,2025-12-03,5262.7372,0.003978168842000862
119003,2025-12-05,5304.7463,0.007982367046562855
119003,2025-12-06,5327.4275,0.004275642739031582
119003,2025-12-08,5374.5093,0.008837623787465887
119003,2025-12-09,5398.7611,0.0045123747390296565
119003,2025-12-11,5440.0878,0.007654848813369419
119003,2025-12-12,5459.5924,0.0035853465453259403
119003,2026-01-01,5472.054,0.002282514716666295
119003,2026-01-04,5529.9914,0.010587870660633047
119003,2026-01-05,5552.1083,0.003999445641090782
119003,2026-02-01,5473.2014,-0.014212060668917448
119003,2026-02-02,5493.5078,0.0037101503335872366
119003,2026-02-03,5508.6639,0.002758911164192579
119003,2026-02-04,5530.4638,0.003957384294220656
119003,2026-03-02,5494.4774,-0.006506940701790809
119003,2026-03-03,5509.9264,0.0028117323769500935
119003,2026-03-04,5532.1808,0.0040389650213839
119003,2026-04-02,5495.4871,-0.006632773100980316
119003,2026-04-03,5510.6114,0.002752130925755436
119003,2026-04-05,5553.117,0.007713409078346611
119003,2026-05-01,5473.7714,-0.01428847978531711
119003,2026-05-02,5496.2611,0.004108629746576664
119003,2026-05-03,5511.3775,0.0027503060216698128
119003,2026-05-05,5553.2616,0.007599570161906044
119003,2026-06-01,5474.0986,-0.014255226153941591
119003,2026-06-02,5497.3978,0.00425626239176613
119003,2026-06-03,5512.693,0.002782261818491838
119003,2026-06-04,5532.6721,0.0036241996425339096
119003,2026-06-05,5553.6773,0.0037965741725414226
119003,2026-07-01,5475.5437,-0.0140688044658267
119003,2026-07-04,5533.7476,0.010629793713453406
119003,2026-07-05,5554.3105,0.0037159085463167596
119003,2026-08-01,5476.5719,-0.013996084662533659
119003,2026-08-04,5535.3413,0.010731056046210163
119003,2026-08-05,5556.1813,0.003764898832886887
119003,2026-09-01,5477.4379,-0.014172215726653947
119003,2026-09-02,5498.3484,0.003817569524612985
119003,2026-09-03,5513.8902,0.0028266306296631516
119003,2026-09-04,5536.1959,0.004045365284930824
119003,2026-10-02,5498.9069,-0.006735491422910078
119003,2026-10-03,5514.5354,0.0028421103110509716
119003,2026-10-04,5536.786,0.004034900202109615
119003,2026-11-02,5499.9667,-0.006649940958527223
119003,2026-11-03,5515.7771,0.0028746355864299744
119003,2026-11-05,5556.7198,0.007422834399889
119003,2026-12-01,5478.6286,-0.01405347089842457
119003,2026-12-02,5501.0396,0.004090622240755737
119003,2026-12-03,5517.6243,0.003014830142288094
119003,2026-12-05,5557.689,0.00726122291436182
119004,2022-01-02,24.0121,
119004,2022-01-03,24.1121,0.004164567030788602
119004,2022-01-04,24.3698,0.010687580094641325
119004,2022-01-06,24.6223,0.01036118474505332
119004,2022-01-07,24.8611,0.009698525320542828
119004,2022-01-08,24.9377,0.003081118695472007
119004,2022-01-09,24.9628,0.001006508218480473
119004,2022-01-11,25.3727,0.01642043360520451
119004,2022-01-12,25.567,0.007657836966503462
119004,2022-02-02,24.0784,-0.058223491219149714
119004,2022-02-03,24.0818,0.0001412053957074999
119004,2022-02-05,24.5298,0.018603260553613055
119004,2022-02-06,24.6303,0.0040970574566443485
119004,2022-02-08,24.9419,0.012651084233647358
119004,2022-02-09,24.9805,0.0015475966145321873
119004,2022-02-11,25.414,0.017353535757891336
119004,2022-02-12,25.6129,0.007826394900448452
119004,2022-03-01,23.5226,-0.08161121934650117
119004,2022-03-02,24.0906,0.024146990553765235
119004,2022-03-03,24.1268,0.0015026607888555255
119004,2022-03-05,24.5686,0.0183115871147439
119004,2022-03-06,24.6157,0.0019170811523652187
119004,2022-03-08,24.9967,0.015477926689064336
119004,2022-03-10,25.2265,0.009193213504182562
119004,2022-03-11,25.4701,0.00965651200126838
119004,2022-04-01,23.6022,-0.07333697158629138
119004,2022-04-02,24.0379,0.01846014354594061
119004,2022-04-03,24.169,0.005453887402809832
119004,2022-04-04,24.35,0.007488932103107304
119004,2022-04-05,24.6271,0.011379876796714372
119004,2022-04-07,24.7855,0.006431938799127845
119004,2022-04-08,24.9662,0.00729055294426173
119004,2022-04-10,25.2749,0.012364717097515854
119004,2022-04-11,25.4443,0.00670230149278539
119004,2022-05-01,23.5895,-0.07289648369182877
119004,2022-05-04,24.3599,0.03265859810508909
119004,2022-05-05,24.6474,0.011802183095989793
119004,2022-05-07,24.7894,0.005761256765419498
119004,2022-05-08,24.9405,0.006095347204853718
119004,2022-05-09,24.9873,0.0018764659890539992
119004,2022-05-10,25.283,0.011834011677932299
119004,2022-05-12,25.731,0.017719416208519467
119004,2022-06-01,23.64,-0.081263845167308
119004,2022-06-04,24.3967,0.0320093062605753
119004,2022-06-05,24.5899,0.007919103813220696
119004,2022-06-06,24.6454,0.0022570242253932005
119004,2022-06-07,24.7704,0.00507194040267156
119004,2022-06-09,25.0553,0.011501630978910438
119004,2022-06-10,25.2878,0.00927947380394567
119004,2022-06-12,25.7238,0.017241515671588603
119004,2022-07-01,23.6452,-0.08080454676214255
119004,2022-07-02,24.0699,0.01796136213692434
119004,2022-07-03,24.2219,0.006314941067474322
119004,2022-07-04,24.4364,0.008855622391306994
119004,2022-07-06,24.6433,0.008466877281432694
119004,2022-07-07,24.7878,0.005863662739973963
119004,2022-07-09,25.0984,0.012530357675953452
119004,2022-07-10,25.3392,0.009594237082841905
119004,2022-07-11,25.5247,0.007320673107280351
119004,2022-07-12,25.7037,0.0070128150379829
119004,2022-08-02,24.0477,-0.06442652225166035
119004,2022-08-03,24.2204,0.007181559982867514
119004,2022-08-04,24.5273,0.012671136727717025
119004,2022-08-06,24.6598,0.0054021437337170575
119004,2022-08-07,24.7834,0.005012206100617256
119004,2022-08-08,24.9064,0.00496299942703593
119004,2022-08-09,25.0938,0.00752417049433074
119004,2022-08-11,25.5526,0.018283400680646267
119004,2022-08-12,25.6437,0.0035651949312398568
119004,2022-09-02,24.0595,-0.06177735662170436
119004,2022-09-03,24.21,0.006255325339263207
119004,2022-09-05,24.6143,0.016699710863279593
119004,2022-09-06,24.6964,0.0033354594686829664
119004,2022-09-08,24.9279,0.009373835862716895
119004,2022-09-09,25.0919,0.006578973760324791
119004,2022-09-11,25.5749,0.019249239794515427
119004,2022-09-12,25.6863,0.004355833258389952
119004,2022-10-01,23.7447,-0.07558893262166977
119004,2022-10-02,24.0896,0.014525346708949671
119004,2022-10-03,24.2445,0.006430160733262413
119004,2022-10-05,24.565,0.013219493080905087
119004,2022-10-06,24.7266,0.006578465296153135
119004,2022-10-08,24.8763,0.006054208827740215
119004,2022-10-10,25.3685,0.019785900636348774
119004,2022-10-11,25.5607,0.0075763249699429824
119004,2022-11-01,23.7399,-0.07123435586662341
119004,2022-11-02,24.1146,0.015783554269394484
119004,2022-11-03,24.2545,0.005801464672853918
119004,2022-11-04,24.5361,0.011610216660825845
119004,2022-11-05,24.551,0.0006072684737996603
119004,2022-11-07,24.7511,0.008150380839884397
119004,2022-11-08,24.9096,0.006403755792671939
119004,2022-11-10,25.3435,0.017418987057198798
119004,2022-11-11,25.6053,0.010330064908161907
119004,2022-12-01,23.852,-0.06847410497045536
119004,2022-12-04,24.5328,0.02854267985913128
119004,2022-12-05,24.5535,0.0008437683427899856
119004,2022-12-07,24.8052,0.010251084366790897
119004,2022-12-08,24.8802,0.0030235595762178047
119004,2022-12-09,25.1356,0.010265190794286339
119004,2022-12-10,25.417,0.011195276818536382
119004,2022-12-12,25.7201,0.011925089507022646
119004,2023-01-02,25.8698,0.005820350620720838
119004,2023-01-03,25.7061,-0.0063278417305121515
119004,2023-01-05,25.9592,0.00984591205978358
119004,2023-01-06,26.0326,0.0028275139449598363
119004,2023-01-08,26.2562,0.008589230426465422
119004,2023-01-09,26.1693,-0.003309694472162783
119004,2023-01-11,26.3355,0.006350953216173183
119004,2023-01-12,26.5218,0.007074101497978047
119004,2023-02-01,25.6574,-0.032592056346100184
119004,2023-02-02,25.8789,0.008632986974518086
119004,2023-02-03,25.717,-0.006256061888256559
119004,2023-02-05,25.9135,0.007640860131430616
119004,2023-02-06,26.0315,0.00455361105215446
119004,2023-02-08,26.2101,0.006860918502583413
119004,2023-02-10,26.1795,-0.0011674888687948082
119004,2023-02-11,26.4314,0.009622032506350298
119004,2023-03-01,25.6621,-0.029105533569920627
119004,2023-03-02,25.7808,0.004625498302944786
119004,2023-03-03,25.7477,-0.001283901197790649
119004,2023-03-04,25.669,-0.003056583694854176
119004,2023-03-05,25.8851,0.008418715181736758
119004,2023-03-07,26.3141,0.01657324097646895
119004,2023-03-08,26.2281,-0.003268209819070278
119004,2023-03-10,26.1777,-0.0019216031660699295
119004,2023-03-11,26.4383,0.009955038066751465
119004,2023-04-01,25.6805,-0.028662962444635398
119004,2023-04-04,25.7245,0.001713362278771946
119004,2023-04-05,25.9,0.006822290034791623
119004,2023-04-07,26.3596,0.017745173745173926
119004,2023-04-08,26.2422,-0.004453785338168981
119004,2023-04-09,26.1373,-0.003997378268590257
119004,2023-04-10,26.1417,0.00016834179505909042
119004,2023-04-12,26.5163,0.014329596009440948
119004,2023-05-01,25.6381,-0.033119251177577524
119004,2023-05-04,25.7677,0.0050549767728498285
119004,2023-05-05,25.8998,0.005126573190467054
119004,2023-05-06,26.027,0.004911234835790257
119004,2023-05-07,26.3314,0.01169554693203212
119004,2023-05-09,26.1194,-0.008051224013914893
119004,2023-05-10,26.1458,0.0010107429726564643
119004,2023-05-12,26.548,0.01538296781892301
119004,2023-06-01,25.6465,-0.033957360253126345
119004,2023-06-02,25.7977,0.005895541301931928
119004,2023-06-03,25.8168,0.0007403760800381853
119004,2023-06-04,25.793,-0.0009218803259892772
119004,2023-06-06,26.0785,0.011068894661342199
119004,2023-06-07,26.3554,0.010617941982859591
119004,2023-06-09,26.0985,-0.009747528020823015
119004,2023-06-10,26.0913,-0.0002758779240186193
119004,2023-06-11,26.4562,0.013985504746792943
119004,2023-06-12,26.5101,0.002037329624057893
119004,2023-07-02,25.7395,-0.02906816647240118
119004,2023-07-03,25.8027,0.002455370150935332
119004,2023-07-04,25.7955,-0.00027904056552230383
119004,2023-07-06,26.0673,0.010536721521195558
119004,2023-07-07,26.381,0.012034234462334092
119004,2023-07-08,26.2478,-0.005049088359046272
119004,2023-07-09,26.0848,-0.006210044270376969
119004,2023-07-11,26.4515,0.014057995460958095
119004,2023-07-12,26.4834,0.0012059807572348813
119004,2023-08-02,25.7172,-0.028931330569337832
119004,2023-08-03,25.7905,0.0028502325292023567
119004,2023-08-05,25.943,0.005913029991663654
119004,2023-08-06,26.1257,0.007042362101530086
119004,2023-08-08,26.2241,0.0037664062589710667
119004,2023-08-09,26.1367,-0.0033328121842122194
119004,2023-08-11,26.4456,0.011818630508059424
119004,2023-08-12,26.4254,-0.0007638321686782579
119004,2023-09-01,25.7073,-0.027174612304827872
119004,2023-09-02,25.7612,0.002096680709370524
119004,2023-09-03,25.818,0.002204866232939473
119004,2023-09-05,25.8967,0.0030482609032456143
119004,2023-09-06,26.1386,0.009340958500503982
119004,2023-09-08,26.1255,-0.000501174508198643
119004,2023-09-10,26.1096,-0.0006086007923292724
119004,2023-09-11,26.3623,0.009678432453963381
119004,2023-10-01,25.7066,-0.024872640095894516
119004,2023-10-02,25.7729,0.0025791041989216
119004,2023-10-03,25.8317,0.00228146619123204
119004,2023-10-04,25.7432,-0.0034260230646840917
119004,2023-10-05,25.8998,0.0060831598247304
119004,2023-10-07,26.3257,0.016444142425810382
119004,2023-10-08,26.0918,-0.008884853963997186
119004,2023-10-10,26.1132,0.0008201810530510389
119004,2023-10-11,26.3992,0.010952315304137317
119004,2023-11-01,25.7313,-0.025300009091184572
119004,2023-11-04,25.7319,2.331790465293082e-05
119004,2023-11-05,25.8982,0.006462795207505145
119004,2023-11-07,26.391,0.019028349460580296
119004,2023-11-08,26.1194,-0.01029138721533851
119004,2023-11-09,26.1296,0.00039051433034442695
119004,2023-11-10,26.125,-0.0001760455575285924
119004,2023-11-12,26.4326,0.011774162679425881
119004,2023-12-01,25.7525,-0.02572959148929732
119004,2023-12-04,25.7288,-0.0009202990000971578
119004,2023-12-05,25.8622,0.005184851217312936
119004,2023-12-06,26.1299,0.010351014221527954
119004,2023-12-07,26.3509,0.008457743810730278
119004,2023-12-09,26.1235,-0.008629686272575099
119004,2023-12-10,26.1617,0.0014622849158802964
119004,2023-12-12,26.4726,0.011883784310652512
119004,2024-01-01,26.4831,0.0003966365222909385
119004,2024-01-02,26.635,0.005735733354478967
119004,2024-01-03,27.419,0.02943495400788443
119004,2024-01-04,27.7075,0.010521900871658385
119004,2024-01-05,27.778,0.0025444374266894165
119004,2024-01-07,28.1475,0.013301893584851454
119004,2024-01-08,28.3708,0.007933208988364804
119004,2024-01-10,28.8227,0.015928348865735353
119004,2024-01-11,29.0917,0.00933292162080579
119004,2024-02-01,26.4375,-0.09123564453091426
119004,2024-02-02,26.7045,0.010099290780141823
119004,2024-02-04,27.7033,0.03740193600329533
119004,2024-02-05,27.8225,0.004302736497096227
119004,2024-02-07,28.1176,0.010606523497169507
119004,2024-02-08,28.3784,0.009275329331095206
119004,2024-02-09,28.5486,0.005997519239985483
119004,2024-02-10,28.8279,0.009783316870179304
119004,2024-02-12,29.7106,0.030619642776615663
119004,2024-03-01,26.4012,-0.11138785483968683
119004,2024-03-04,27.6896,0.048800812084299094
119004,2024-03-05,27.8071,0.004243470472668376
119004,2024-03-06,27.9456,0.004980742328398069
119004,2024-03-07,28.0739,0.004591062635978416
119004,2024-03-09,28.5711,0.017710400051293318
119004,2024-03-10,28.8124,0.008445597124366877
119004,2024-03-12,29.6472,0.028973636351015575
119004,2024-04-01,26.3706,-0.11051971181089615
119004,2024-04-03,27.3999,0.03903210393392631
119004,2024-04-04,27.7045,0.011116828893536157
119004,2024-04-06,27.9647,0.00939197603277453
119004,2024-04-07,28.1062,0.005059950580553307
119004,2024-04-09,28.6167,0.018163252236161442
119004,2024-04-10,28.8262,0.007320900033896294
119004,2024-04-11,29.1279,0.010466173134162648
119004,2024-04-12,29.6856,0.019146591412357195
119004,2024-05-01,26.4792,-0.10801196539736446
119004,2024-05-02,26.762,0.010680080969213579
119004,2024-05-03,27.3976,0.023750093416037732
119004,2024-05-04,27.7488,0.012818641048850887
119004,2024-05-06,28.025,0.009953583578389047
119004,2024-05-07,28.0663,0.0014736842105262937
119004,2024-05-08,28.3906,0.011554782782197792
119004,2024-05-09,28.7052,0.011081132487513523
119004,2024-05-11,29.2111,0.017623984504549606
119004,2024-05-12,29.7103,0.01708939410018795
119004,2024-06-02,26.731,-0.10027835464468549
119004,2024-06-03,27.3618,0.023598069656952436
119004,2024-06-05,27.8216,0.016804449999634485
119004,2024-06-06,28.0781,0.009219455387181164
119004,2024-06-08,28.4769,0.01420324024773767
119004,2024-06-09,28.6885,0.00743058408745334
119004,2024-06-11,29.2214,0.01857538735033204
119004,2024-06-12,29.7906,0.01947887507100976
119004,2024-07-02,26.7202,-0.10306606782005068
119004,2024-07-03,27.3818,0.024760293710376358
119004,2024-07-05,27.8298,0.016361232643580692
119004,2024-07-06,28.096,0.009565286132131812
119004,2024-07-08,28.5074,0.014642653758542234
119004,2024-07-10,28.8593,0.012344163269887742
119004,2024-07-11,29.1995,0.011788227711690746
119004,2024-08-01,26.4825,-0.09304953851949516
119004,2024-08-02,26.6975,0.008118568866232412
119004,2024-08-03,27.4244,0.027227268470830568
119004,2024-08-04,27.7921,0.013407768264757092
119004,2024-08-05,27.8592,0.002414355158480319
119004,2024-08-07,28.0995,0.00862551688490698
119004,2024-08-08,28.5047,0.014420185412551856
119004,2024-08-10,28.7831,0.009766810385655855
119004,2024-08-11,29.2632,0.016679926762579456
119004,2024-09-01,26.5278,-0.09347576478307229
119004,2024-09-02,26.7206,0.007267847314892384
119004,2024-09-04,27.78,0.039647313308832866
119004,2024-09-05,27.7625,-0.0006299496040317321
119004,2024-09-07,28.1776,0.014951823502926676
119004,2024-09-08,28.5067,0.011679490091420108
119004,2024-09-09,28.6466,0.004907618209052611
119004,2024-09-10,28.812,0.005773809108236216
119004,2024-09-12,29.7873,0.03385047896709703
119004,2024-10-01,26.5406,-0.1089961157943149
119004,2024-10-04,27.7637,0.04608411264251755
119004,2024-10-05,27.7874,0.0008536326210124567
119004,2024-10-06,28.1273,0.012232162778813338
119004,2024-10-07,28.2238,0.003430830545413155
119004,2024-10-09,28.6813,0.016209723708359602
119004,2024-10-10,28.7777,0.0033610749861407996
119004,2024-10-12,29.8554,0.03744913596291566
119004,2024-11-01,26.4675,-0.11347695894210086
119004,2024-11-03,27.3914,0.034906961367715095
119004,2024-11-04,27.7077,0.011547419993136465
119004,2024-11-06,28.0931,0.013909490863550644
119004,2024-11-07,28.2541,0.005730944609174449
119004,2024-11-09,28.6245,0.013109601792306247
119004,2024-11-10,28.7328,0.003783472200387772
119004,2024-11-11,29.3295,0.020767206815903716
119004,2024-11-12,29.86,0.018087590992004632
119004,2024-12-01,26.5341,-0.111383121232418
119004,2024-12-02,26.7831,0.00938415096046219
119004,2024-12-03,27.444,0.024676008378417658
119004,2024-12-04,27.7407,0.01081110625273296
119004,2024-12-06,28.096,0.012807895979553452
119004,2024-12-07,28.2718,0.006257118451024946
119004,2024-12-08,28.4825,0.007452656003508862
119004,2024-12-09,28.6325,0.005266391643991897
119004,2024-12-11,29.3428,0.02480747402427319
119004,2024-12-12,29.8728,0.018062352604386822
119004,2025-01-01,30.2254,0.011803379663104963
119004,2025-01-04,30.6393,0.01369378072746752
119004,2025-01-05,31.1823,0.01772233699856085
119004,2025-01-07,31.7814,0.019212822659008477
119004,2025-01-08,32.0564,0.008652859848842231
119004,2025-01-09,32.3106,0.007929773773724058
119004,2025-01-10,32.5342,0.0069203295512927365
119004,2025-01-12,32.9457,0.012648228633253655
119004,2025-02-01,30.2236,-0.08262383254870898
119004,2025-02-04,30.6371,0.013681361584986451
119004,2025-02-05,31.2042,0.01851023758776127
119004,2025-02-06,31.4715,0.008566154556117311
119004,2025-02-07,31.7994,0.010418950479004874
119004,2025-02-09,32.4118,0.01925822499795604
119004,2025-02-10,32.6003,0.005815783140707964
119004,2025-02-12,32.9453,0.010582724698852575
119004,2025-03-01,30.2168,-0.08281909710945123
119004,2025-03-02,30.2722,0.00183341717190455
119004,2025-03-03,30.4745,0.006682698977940049
119004,2025-03-04,30.7067,0.007619485143316673
119004,2025-03-06,31.5253,0.02665867709652936
119004,2025-03-07,31.8066,0.008922992009592345
119004,2025-03-09,32.4155,0.019143825495337552
119004,2025-03-10,32.614,0.006123613703320707
119004,2025-03-11,32.5575,-0.0017323848653951757
119004,2025-03-12,32.9139,0.010946786454733903
119004,2025-04-02,30.3277,-0.07857470551955248
119004,2025-04-03,30.4542,0.00417110430398604
119004,2025-04-04,30.7741,0.010504298257711486
119004,2025-04-06,31.5398,0.024881312532291755
119004,2025-04-07,31.7932,0.008034293178777352
119004,2025-04-08,32.0295,0.0074324069297837525
119004,2025-04-09,32.4432,0.012916217861658641
119004,2025-04-11,32.593,0.004617300389604173
119004,2025-04-12,32.8852,0.008965115208787067
119004,2025-05-02,30.318,-0.07806551275345741
119004,2025-05-03,30.4233,0.003473184246981953
119004,2025-05-05,31.2801,0.028162625356223714
119004,2025-05-06,31.5184,0.007618262089954975
119004,2025-05-08,32.0237,0.01603190517285147
119004,2025-05-09,32.4504,0.01332450653734596
119004,2025-05-11,32.6062,0.00480117348322362
119004,2025-05-12,32.9597,0.01084149640252452
119004,2025-06-01,30.2509,-0.08218521406444834
119004,2025-06-02,30.2869,0.0011900472382639915
119004,2025-06-03,30.4702,0.006052121544297906
119004,2025-06-05,31.365,0.02936639733247559
119004,2025-06-06,31.4792,0.003641001115893605
119004,2025-06-08,31.9737,0.0157087854837481
119004,2025-06-10,32.6466,0.021045421705964573
119004,2025-06-11,32.6451,-4.594659168177806e-05
119004,2025-07-01,30.3078,-0.07159726880910144
119004,2025-07-02,30.2228,-0.0028045585624822955
119004,2025-07-03,30.4718,0.008238813081514751
119004,2025-07-04,30.762,0.009523559487788713
119004,2025-07-05,31.3284,0.018412326896820597
119004,2025-07-07,31.7511,0.013492549890834038
119004,2025-07-08,31.9773,0.007124162627436537
119004,2025-07-10,32.5609,0.018250446410422283
119004,2025-07-11,32.5779,0.000522098590641118
119004,2025-08-01,30.283,-0.0704434601370868
119004,2025-08-04,30.7637,0.015873592444605844
119004,2025-08-05,31.3083,0.017702682057099794
119004,2025-08-07,31.7488,0.014069751471654568
119004,2025-08-08,32.0064,0.008113692486015234
119004,2025-08-09,32.4508,0.013884723055388903
119004,2025-08-10,32.5168,0.002033848163989882
119004,2025-08-12,33.014,0.0152905574964326
119004,2025-09-01,30.3436,-0.08088689646816516
119004,2025-09-04,30.8117,0.015426646805257072
119004,2025-09-05,31.2908,0.015549288095106917
119004,2025-09-06,31.539,0.007932043923453591
119004,2025-09-07,31.8022,0.008345223374234934
119004,2025-09-09,32.4715,0.021045713818540923
119004,2025-09-10,32.5557,0.0025930431301295354
119004,2025-09-12,33.0203,0.01427092644298833
119004,2025-10-01,30.3364,-0.0812803033285584
119004,2025-10-02,30.2123,-0.004090795216307841
119004,2025-10-03,30.4164,0.006755526722560079
119004,2025-10-04,30.8639,0.014712457753054409
119004,2025-10-06,31.5585,0.022505256950676955
119004,2025-10-07,31.8084,0.007918627311183979
119004,2025-10-09,32.4208,0.019252775996277727
119004,2025-10-10,32.5707,0.004623574988896095
119004,2025-10-11,32.6274,0.0017408284132671703
119004,2025-10-12,33.0177,0.011962338402692119
119004,2025-11-02,30.1782,-0.08599932763336027
119004,2025-11-03,30.3276,0.004950593474760012
119004,2025-11-04,30.7562,0.014132341497513856
119004,2025-11-06,31.5946,0.027259544417060688
119004,2025-11-07,31.8445,0.007909579485101847
119004,2025-11-08,31.9399,0.002995807753301216
119004,2025-11-09,32.3321,0.012279312083005811
119004,2025-11-11,32.5794,0.007648745364513987
119004,2025-11-12,32.9373,0.010985469345660137
119004,2025-12-02,30.1832,-0.08361644700688886
119004,2025-12-03,30.432,0.008242996103792866
119004,2025-12-05,31.2749,0.027697818086225068
119004,2025-12-06,31.6401,0.011677095690154182
119004,2025-12-08,31.9165,0.008735749887010424
119004,2025-12-09,32.3289,0.012921216298779514
119004,2025-12-11,32.6346,0.009455935710772856
119004,2025-12-12,32.9404,0.009370422802791989
119004,2026-01-01,33.1909,0.007604643538026368
119004,2026-01-04,33.6331,0.013322928875083129
119004,2026-01-05,33.7322,0.0029465021065557817
119004,2026-02-01,33.1383,-0.017606322742068303
119004,2026-02-02,32.9062,-0.007003980288669109
119004,2026-02-03,32.9751,0.0020938303420023896
119004,2026-02-04,33.6523,0.020536708000885584
119004,2026-03-02,32.9113,-0.022019297343717992
119004,2026-03-03,32.9416,0.000920656431073974
119004,2026-03-04,33.6936,0.02282827792214115
119004,2026-04-02,32.8627,-0.024660469644086858
119004,2026-04-03,32.9523,0.002726495388388761
119004,2026-04-05,33.7237,0.0234095950813753
119004,2026-05-01,33.177,-0.016211151208200825
119004,2026-05-02,32.9219,-0.007689061699370003
119004,2026-05-03,32.9854,0.0019288072681102886
119004,2026-05-05,33.8307,0.02562648929526401
119004,2026-06-01,33.2315,-0.017711723375514077
119004,2026-06-02,32.9608,-0.008145885680754694
119004,2026-06-03,33.0099,0.0014896483095070412
119004,2026-06-04,33.8,0.023935243669323203
119004,2026-06-05,33.816,0.00047337278106529546
119004,2026-07-01,33.1772,-0.018890466051573296
119004,2026-07-04,33.7052,0.015914543722797436
119004,2026-07-05,33.7886,0.002474395642215521
119004,2026-08-01,33.0716,-0.02122017485187333
119004,2026-08-04,33.7399,0.020207670629785124
119004,2026-08-05,33.791,0.0015145273103951418
119004,2026-09-01,33.0271,-0.02260661122784169
119004,2026-09-02,33.0134,-0.00041481086743921924
119004,2026-09-03,33.0263,0.0003907504225557634
119004,2026-09-04,33.7495,0.02189769971204769
119004,2026-10-02,32.9604,-0.02338108712721665
119004,2026-10-03,33.0644,0.00315530151333121
119004,2026-10-04,33.748,0.020674804321263895
119004,2026-11-02,33.0237,-0.0214620125637075
119004,2026-11-03,33.1897,0.005026692950820255
119004,2026-11-05,33.7615,0.017228236470953284
119004,2026-12-01,33.0293,-0.02168742502554677
119004,2026-12-02,33.0815,0.0015804149648948052
119004,2026-12-03,33.2038,0.003696930308480617
119004,2026-12-05,33.7057,0.015115739764725689
119005,2022-01-02,22.8335,
119005,2022-01-03,22.8246,-0.0003897781768016362
119005,2022-01-04,23.0221,0.008652944629916837
119005,2022-01-06,23.0323,0.0004430525451630807
119005,2022-01-07,23.2186,0.008088640734967845
119005,2022-01-08,23.1095,-0.004698819050244163
119005,2022-01-09,23.5238,0.01792769207468803
119005,2022-01-11,24.4138,0.037834023414584195
119005,2022-01-12,24.6586,0.010027115811549248
119005,2022-02-02,22.8022,-0.0752840793881242
119005,2022-02-03,22.8189,0.0007323854715772793
119005,2022-02-05,23.0272,0.009128397950821432
119005,2022-02-06,23.0345,0.0003170163979988594
119005,2022-02-08,23.1526,0.005127091970739572
119005,2022-02-09,23.5799,0.018455810578509535
119005,2022-02-11,24.4503,0.03691279437147732
119005,2022-02-12,24.702,0.010294352216537295
119005,2022-03-01,22.813,-0.07647154076592999
119005,2022-03-02,22.7637,-0.0021610485249637934
119005,2022-03-03,22.8074,0.0019197230678669186
119005,2022-03-05,23.0193,0.009290844199689507
119005,2022-03-06,23.0697,0.0021894670993469756
119005,2022-03-08,23.2251,0.00673610840192973
119005,2022-03-10,23.8885,0.028563924374921834
119005,2022-03-11,24.4895,0.025158549092659577
119005,2022-04-01,22.8694,-0.06615488270483272
119005,2022-04-02,22.7444,-0.005465818954585644
119005,2022-04-03,22.7932,0.0021455830885843685
119005,2022-04-04,22.9985,0.009007072284716644
119005,2022-04-05,23.0859,0.003800247842250526
119005,2022-04-07,23.2134,0.005522851610723523
119005,2022-04-08,23.2474,0.001464671267457529
119005,2022-04-10,23.9091,0.028463398057417155
119005,2022-04-11,24.5483,0.02673459059521277
119005,2022-05-01,22.8462,-0.06933677688475381
119005,2022-05-04,22.9918,0.0063730510982134
119005,2022-05-05,23.0919,0.004353726111048228
119005,2022-05-07,23.1929,0.004373828052260942
119005,2022-05-08,23.2724,0.00342777315471543
119005,2022-05-09,23.6547,0.01642718413227673
119005,2022-05-10,23.9121,0.010881558421793613
119005,2022-05-12,24.7706,0.03590232560084661
119005,2022-06-01,22.8332,-0.07821368880850688
119005,2022-06-04,23.0235,0.00833435523711068
119005,2022-06-05,23.0896,0.002870979651226069
119005,2022-06-06,23.0537,-0.0015548125563025206
119005,2022-06-07,23.1282,0.0032315853854261167
119005,2022-06-09,23.697,0.024593353568371112
119005,2022-06-10,23.8898,0.008136050976917053
119005,2022-06-12,24.7779,0.03717486123785041
119005,2022-07-01,22.8599,-0.07740768991722458
119005,2022-07-02,22.7885,-0.003123373243102523
119005,2022-07-03,22.7822,-0.00027645522961139424
119005,2022-07-04,23.0719,0.012716067807323261
119005,2022-07-06,23.0253,-0.0020197729705832
119005,2022-07-07,23.16,0.00585008664382225
119005,2022-07-09,23.7608,0.02594127806563029
119005,2022-07-10,23.9352,0.007339820208073666
119005,2022-07-11,24.5235,0.02457886292991085
119005,2022-07-12,24.7946,0.011054702632169233
119005,2022-08-02,22.8467,-0.07856146096327432
119005,2022-08-03,22.8079,-0.001698275899801649
119005,2022-08-04,23.0829,0.012057225785802261
119005,2022-08-06,23.0196,-0.002742289746955451
119005,2022-08-07,23.1678,0.006437991972058521
119005,2022-08-08,23.2659,0.004234325227254976
119005,2022-08-09,23.7944,0.02271564822336547
119005,2022-08-11,24.5145,0.03026342332649712
119005,2022-08-12,24.759,0.009973689041179679
119005,2022-09-02,22.8506,-0.07707904196453819
119005,2022-09-03,22.8115,-0.0017111148066134563
119005,2022-09-05,23.0623,0.010994454551432442
119005,2022-09-06,23.0584,-0.00016910715756890404
119005,2022-09-08,23.2773,0.00949328661138682
119005,2022-09-09,23.7694,0.02114076804440379
119005,2022-09-11,24.5837,0.034258332141324566
119005,2022-09-12,24.7918,0.008464958488754615
119005,2022-10-01,22.8248,-0.07934074976403482
119005,2022-10-02,22.8756,0.0022256492937506867
119005,2022-10-03,22.8503,-0.0011059819195998744
119005,2022-10-05,23.0854,0.010288705181113578
119005,2022-10-06,23.0853,-4.331742140095685e-06
119005,2022-10-08,23.2947,0.009070707333237893
119005,2022-10-10,23.9605,0.02858160869210602
119005,2022-10-11,24.5169,0.023221552137893564
119005,2022-11-01,22.8208,-0.06918085076008795
119005,2022-11-02,22.8613,0.001774696767860906
119005,2022-11-03,22.8712,0.00043304623971529566
119005,2022-11-04,23.0684,0.008622197348630456
119005,2022-11-05,23.0727,0.00018640217787102564
119005,2022-11-07,23.1668,0.004078413016248561
119005,2022-11-08,23.2934,0.005464716749831622
119005,2022-11-10,24.0414,0.03211210042329582
119005,2022-11-11,24.5192,0.019874050596055293
119005,2022-12-01,22.8563,-0.06782032040197072
119005,2022-12-04,23.0609,0.008951580089515687
119005,2022-12-05,23.0699,0.00039027097814914313
119005,2022-12-07,23.2126,0.006185549135453439
119005,2022-12-08,23.3457,0.005733954834874266
119005,2022-12-09,23.7928,0.019151278393879867
119005,2022-12-10,24.0656,0.011465653475000837
119005,2022-12-12,24.8145,0.031119107772089594
119005,2023-01-02,25.134,0.012875536480686733
119005,2023-01-03,25.1606,0.0010583273653217429
119005,2023-01-05,25.4321,0.010790680667392749
119005,2023-01-06,25.7594,0.01286956248206006
119005,2023-01-08,25.9608,0.007818505089404182
119005,2023-01-09,26.3449,0.01479538380943568
119005,2023-01-11,26.3643,0.0007363854104589507
119005,2023-01-12,26.3216,-0.001619614402809888
119005,2023-02-01,24.8002,-0.05780043766336396
119005,2023-02-02,25.0705,0.01089910565237373
119005,2023-02-03,25.1557,0.0033984164655671556
119005,2023-02-05,25.4159,0.010343580182622603
119005,2023-02-06,25.7656,0.013759103553287355
119005,2023-02-08,25.8972,0.005107585307541962
119005,2023-02-10,26.3806,0.018666110621997634
119005,2023-02-11,26.3733,-0.00027671849768395873
119005,2023-03-01,24.8129,-0.059165898844664944
119005,2023-03-02,25.0772,0.010651717453421528
119005,2023-03-03,25.1658,0.0035330898186400894
119005,2023-03-04,25.1339,-0.0012675933210944956
119005,2023-03-05,25.3889,0.010145659845865573
119005,2023-03-07,25.9813,0.023333031364100032
119005,2023-03-08,25.8635,-0.004534030244830012
119005,2023-03-10,26.4065,0.02099483828561488
119005,2023-03-11,26.3722,-0.0012989226137504195
119005,2023-04-01,24.8302,-0.05847066228831865
119005,2023-04-04,25.1792,0.01405546471635355
119005,2023-04-05,25.4349,0.010155207472834604
119005,2023-04-07,25.9943,0.021993402765491554
119005,2023-04-08,25.8974,-0.003727740312299166
119005,2023-04-09,26.3751,0.018445867152687034
119005,2023-04-10,26.395,0.0007544995090065232
119005,2023-04-12,26.3794,-0.0005910210267096039
119005,2023-05-01,24.8893,-0.05648725899755114
119005,2023-05-04,25.235,0.013889502718035462
119005,2023-05-05,25.4365,0.007984941549435298
119005,2023-05-06,25.7997,0.014278694002712644
119005,2023-05-07,25.9843,0.007155121958782429
119005,2023-05-09,26.4548,0.01810708774144376
119005,2023-05-10,26.3746,-0.0030315859503756704
119005,2023-05-12,26.3621,-0.00047394083701746137
119005,2023-06-01,24.9087,-0.05513217839246498
119005,2023-06-02,25.1288,0.008836270058252715
119005,2023-06-03,25.1482,0.0007720225398746283
119005,2023-06-04,25.2566,0.0043104476662345625
119005,2023-06-06,25.8106,0.02193486059089511
119005,2023-06-07,25.9174,0.004137834843048971
119005,2023-06-09,26.3775,0.017752552339355132
119005,2023-06-10,26.3643,-0.0005004264998579311
119005,2023-06-11,26.3992,0.0013237597812192359
119005,2023-06-12,26.2739,-0.004746355950180248
119005,2023-07-02,25.1369,-0.043274884961882365
119005,2023-07-03,25.1456,0.0003461047304957887
119005,2023-07-04,25.2533,0.00428305548485608
119005,2023-07-06,25.8072,0.021933767072026322
119005,2023-07-07,25.9666,0.006176570879444343
119005,2023-07-08,25.9359,-0.0011822880161438398
119005,2023-07-09,26.3438,0.01572723522222108
119005,2023-07-11,26.4282,0.003203789886045305
119005,2023-07-12,26.2665,-0.006118464367607324
119005,2023-08-02,25.1697,-0.04175661013077503
119005,2023-08-03,25.2034,0.0013389114689488224
119005,2023-08-05,25.5248,0.012752247712610298
119005,2023-08-06,25.831,0.011996176267786707
119005,2023-08-08,25.905,0.0028647748828927178
119005,2023-08-09,26.3219,0.01609341825902333
119005,2023-08-11,26.4654,0.005451734107340345
119005,2023-08-12,26.3041,-0.006094750126580339
119005,2023-09-01,24.9028,-0.0532730638949821
119005,2023-09-02,25.1855,0.011352137109080118
119005,2023-09-03,25.1428,-0.0016954199837208028
119005,2023-09-05,25.5389,0.015754013077302398
119005,2023-09-06,25.8353,0.011605824839754142
119005,2023-09-08,25.968,0.005136383165668779
119005,2023-09-10,26.3614,0.015149414664202165
119005,2023-09-11,26.4762,0.004354852170218582
119005,2023-10-01,24.9235,-0.05864512278952405
119005,2023-10-02,25.1695,0.009870202820631002
119005,2023-10-03,25.1553,-0.0005641748942171176
119005,2023-10-04,25.2686,0.004504021021414895
119005,2023-10-05,25.5844,0.012497724448524927
119005,2023-10-07,25.8903,0.011956504745079144
119005,2023-10-08,25.9419,0.0019930244145491827
119005,2023-10-10,26.3327,0.015064432443267384
119005,2023-10-11,26.4666,0.005084932422425359
119005,2023-11-01,24.9704,-0.05653162854314486
119005,2023-11-04,25.3047,0.013387851215839408
119005,2023-11-05,25.582,0.01095843855094114
119005,2023-11-07,25.9794,0.01553436009694309
119005,2023-11-08,26.0128,0.0012856340023248425
119005,2023-11-09,26.2734,0.010018144913273463
119005,2023-11-10,26.3801,0.004061141687029535
119005,2023-11-12,26.3742,-0.0002236534357337172
119005,2023-12-01,25.0093,-0.05175133274184618
119005,2023-12-04,25.3483,0.013554957555789171
119005,2023-12-05,25.5622,0.008438435713637782
119005,2023-12-06,25.8301,0.010480318595426086
119005,2023-12-07,26.0092,0.006933771065539718
119005,2023-12-09,26.2836,0.010550113036925435
119005,2023-12-10,26.3779,0.0035877885829946887
119005,2023-12-12,26.3709,-0.0002653736650757299
119005,2024-01-01,26.3425,-0.0010769446624877554
119005,2024-01-02,26.2938,-0.001848723545601172
119005,2024-01-03,26.6248,0.012588518966448303
119005,2024-01-04,26.8312,0.007752170908325917
119005,2024-01-05,26.9538,0.004569307373505582
119005,2024-01-07,27.4876,0.01980425765569227
119005,2024-01-08,27.8305,0.01247471587188409
119005,2024-01-10,27.9314,0.0036255187653833065
119005,2024-01-11,28.0763,0.0051877098892285645
119005,2024-02-01,26.3109,-0.0628786556633174
119005,2024-02-02,26.2974,-0.0005130953331129451
119005,2024-02-04,26.898,0.022838759725296143
119005,2024-02-05,26.9628,0.0024091010484050823
119005,2024-02-07,27.4502,0.018076757606776628
119005,2024-02-08,27.8638,0.015067285484258841
119005,2024-02-09,27.7102,-0.005512528800809657
119005,2024-02-10,27.8922,0.006567978578285283
119005,2024-02-12,28.1291,0.00849341392934222
119005,2024-03-01,26.3804,-0.06216693744200841
119005,2024-03-04,26.8462,0.017657048414732035
119005,2024-03-05,27.0229,0.006581937108417479
119005,2024-03-06,27.2385,0.007978418304475099
119005,2024-03-07,27.4234,0.006788185839895933
119005,2024-03-09,27.7794,0.012981614241851736
119005,2024-03-10,27.9243,0.005216095380029762
119005,2024-03-12,28.0921,0.006009103182532671
119005,2024-04-01,26.3396,-0.06238408662933703
119005,2024-04-03,26.6645,0.012335039256480718
119005,2024-04-04,26.8932,0.008576946876933667
119005,2024-04-06,27.2369,0.012780182350928815
119005,2024-04-07,27.4548,0.008000176231509393
119005,2024-04-09,27.7448,0.010562815973891748
119005,2024-04-10,27.9445,0.007197745163057601
119005,2024-04-11,28.0783,0.004788062051566344
119005,2024-04-12,28.06,-0.0006517488594395271
119005,2024-05-01,26.3755,-0.06003207412687095
119005,2024-05-02,26.3489,-0.0010085116869821276
119005,2024-05-03,26.6623,0.011894234673933246
119005,2024-05-04,26.8362,0.0065223180295774785
119005,2024-05-06,27.3236,0.018162034863356213
119005,2024-05-07,27.4936,0.006221727737194316
119005,2024-05-08,27.8861,0.014276049698839
119005,2024-05-09,27.7557,-0.004676164827638107
119005,2024-05-11,28.0316,0.0099403005508778
119005,2024-05-12,28.0093,-0.0007955307581444249
119005,2024-06-02,26.3641,-0.05873763357170647
119005,2024-06-03,26.6748,0.011784965160957617
119005,2024-06-05,27.0491,0.014031970249073877
119005,2024-06-06,27.3498,0.011116820892377088
119005,2024-06-08,27.907,0.02037309230780493
119005,2024-06-09,27.744,-0.005840828465976333
119005,2024-06-11,28.0161,0.009807525951557095
119005,2024-06-12,27.986,-0.0010743822302176076
119005,2024-07-02,26.3592,-0.05812906453226607
119005,2024-07-03,26.6818,0.012238611186985882
119005,2024-07-05,27.045,0.013612275033918264
119005,2024-07-06,27.3374,0.010811610279164219
119005,2024-07-08,27.8511,0.018791106689004744
119005,2024-07-10,27.9183,0.002412831091052059
119005,2024-07-11,28.0181,0.003574716225558161
119005,2024-08-01,26.3058,-0.061114065550483376
119005,2024-08-02,26.4556,0.0056945616556043355
119005,2024-08-03,26.6701,0.0081079242202029
119005,2024-08-04,26.784,0.004270700147355866
119005,2024-08-05,27.0367,0.00943473715651133
119005,2024-08-07,27.5558,0.019199828381422313
119005,2024-08-08,27.7917,0.008560811154094461
119005,2024-08-10,27.9147,0.004425781798162776
119005,2024-08-11,28.0456,0.004689285573550972
119005,2024-09-01,26.2225,-0.06500484924551442
119005,2024-09-02,26.4273,0.007810086757555457
119005,2024-09-04,26.798,0.014027161306679137
119005,2024-09-05,27.094,0.011045600417941781
119005,2024-09-07,27.5814,0.01798922270613401
119005,2024-09-08,27.8304,0.009027823098174848
119005,2024-09-09,27.7269,-0.003718954812004127
119005,2024-09-10,27.9133,0.006722713321720031
119005,2024-09-12,28.059,0.005219733961946416
119005,2024-10-01,26.2064,-0.0660251612673296
119005,2024-10-04,26.7698,0.021498565235972933
119005,2024-10-05,27.0503,0.010478225463021795
119005,2024-10-06,27.3287,0.010291937612521895
119005,2024-10-07,27.6019,0.009996816533534236
119005,2024-10-09,27.7487,0.005318474452845612
119005,2024-10-10,27.9197,0.006162450853553381
119005,2024-10-12,28.0943,0.0062536488572586535
119005,2024-11-01,26.1234,-0.0701530203635613
119005,2024-11-03,26.7165,0.02270378281540686
119005,2024-11-04,26.7866,0.002623846686504505
119005,2024-11-06,27.3289,0.020245197225478462
119005,2024-11-07,27.6514,0.011800694502888787
119005,2024-11-09,27.7374,0.003110149938158724
119005,2024-11-10,27.9529,0.007769293444951586
119005,2024-11-11,28.0766,0.0044253011315462665
119005,2024-11-12,28.1543,0.0027674291046637656
119005,2024-12-01,26.1577,-0.07091634315184536
119005,2024-12-02,26.4254,0.010234080213474384
119005,2024-12-03,26.7621,0.012741528983478023
119005,2024-12-04,26.8649,0.003841253115413057
119005,2024-12-06,27.303,0.01630752394388235
119005,2024-12-07,27.6006,0.010899901109768129
119005,2024-12-08,27.7906,0.006883908320833632
119005,2024-12-09,27.8205,0.0010759033630074466
119005,2024-12-11,28.1148,0.010578530220520799
119005,2024-12-12,28.1203,0.00019562650276716553
119005,2025-01-01,27.8755,-0.008705454778220822
119005,2025-01-04,28.6889,0.029179745654786426
119005,2025-01-05,28.6299,-0.0020565445172174845
119005,2025-01-07,29.0535,0.014795720557878367
119005,2025-01-08,29.0028,-0.0017450565336362134
119005,2025-01-09,28.9447,-0.0020032548581515597
119005,2025-01-10,28.9742,0.0010191848594043318
119005,2025-01-12,29.4098,0.015034064788674195
119005,2025-02-01,27.8551,-0.05286333127052889
119005,2025-02-04,28.5952,0.026569640748013823
119005,2025-02-05,28.6053,0.0003532061324977853
119005,2025-02-06,28.7085,0.0036077230443309904
119005,2025-02-07,29.0414,0.011595868819339161
119005,2025-02-09,28.9436,-0.0033676062448779742
119005,2025-02-10,28.9631,0.0006737240702607838
119005,2025-02-12,29.3762,0.014262975993591942
119005,2025-03-01,27.9092,-0.04993838549574148
119005,2025-03-02,28.0726,0.005854700242214239
119005,2025-03-03,28.171,0.0035051972385884422
119005,2025-03-04,28.588,0.014802456426821875
119005,2025-03-06,28.7565,0.005894081432768816
119005,2025-03-07,29.0289,0.009472640968128943
119005,2025-03-09,28.93,-0.003406949626062361
119005,2025-03-10,28.9622,0.0011130314552367793
119005,2025-03-11,29.2609,0.010313443039548176
119005,2025-03-12,29.3614,0.0034346175271438018
119005,2025-04-02,28.1274,-0.04202796869359082
119005,2025-04-03,28.0994,-0.0009954706087303977
119005,2025-04-04,28.5555,0.016231663309536737
119005,2025-04-06,28.8271,0.009511302551172385
119005,2025-04-07,29.0604,0.008093079081836096
119005,2025-04-08,28.9994,-0.002099076406381184
119005,2025-04-09,28.9062,-0.003213859597095192
119005,2025-04-11,29.2698,0.012578616352201255
119005,2025-04-12,29.3691,0.0033925752823729116
119005,2025-05-02,28.1435,-0.04173093489415747
119005,2025-05-03,28.1982,0.0019436104251426833
119005,2025-05-05,28.6252,0.01514281053400568
119005,2025-05-06,28.8487,0.007807805709654447
119005,2025-05-08,28.9549,0.003681275066120815
119005,2025-05-09,28.9194,-0.0012260446418395077
119005,2025-05-11,29.2312,0.010781689799926664
119005,2025-05-12,29.3112,0.0027368017734474837
119005,2025-06-01,27.9002,-0.048138595485684554
119005,2025-06-02,28.1501,0.008956925039963703
119005,2025-06-03,28.267,0.00415273835616925
119005,2025-06-05,28.6186,0.01243853256447447
119005,2025-06-06,28.8841,0.009277183370255626
119005,2025-06-08,29.0267,0.0049369722442451636
119005,2025-06-10,28.9188,-0.0037172672057106393
119005,2025-06-11,29.2228,0.010512192760418815
119005,2025-07-01,27.92,-0.044581628043856125
119005,2025-07-02,28.1307,0.007546561604584445
119005,2025-07-03,28.2465,0.0041164990561912695
119005,2025-07-04,28.5902,0.01216787920627338
119005,2025-07-05,28.6236,0.001168232471266295
119005,2025-07-07,29.0661,0.015459271370477534
119005,2025-07-08,28.9663,-0.0034335531770687266
119005,2025-07-10,28.9445,-0.000752598709534813
119005,2025-07-11,29.1704,0.007804591545889528
119005,2025-08-01,27.947,-0.04193977456599851
119005,2025-08-04,28.6555,0.02535155830679514
119005,2025-08-05,28.6795,0.0008375355516392347
119005,2025-08-07,29.1197,0.015348942624522799
119005,2025-08-08,28.8755,-0.008386075405996674
119005,2025-08-09,28.8731,-8.311544388839298e-05
119005,2025-08-10,29.0004,0.004408948121261691
119005,2025-08-12,29.3366,0.01159294354560636
119005,2025-09-01,28.0174,-0.04496771950396439
119005,2025-09-04,28.6355,0.022061290483770923
119005,2025-09-05,28.6934,0.0020219657418238945
119005,2025-09-06,28.867,0.006050171816515348
119005,2025-09-07,29.1384,0.009401739009942123
119005,2025-09-09,28.9197,-0.007505559673832485
119005,2025-09-10,29.073,0.005300884863950861
119005,2025-09-12,29.2864,0.007340143776012109
119005,2025-10-01,27.9935,-0.04414677119755239
119005,2025-10-02,28.1534,0.0057120402950685545
119005,2025-10-03,28.3054,0.00539899266163224
119005,2025-10-04,28.5951,0.010234796187299944
119005,2025-10-06,28.842,0.008634346443971097
119005,2025-10-07,29.1228,0.009735801955481627
119005,2025-10-09,28.8792,-0.008364580328814597
119005,2025-10-10,29.0599,0.006257098534585337
119005,2025-10-11,29.2673,0.007136982577365947
119005,2025-10-12,29.245,-0.0007619425092166843
119005,2025-11-02,28.1507,-0.037418362113181725
119005,2025-11-03,28.3707,0.007815080974895805
119005,2025-11-04,28.6064,0.00830786691903973
119005,2025-11-06,28.892,0.009983779853459218
119005,2025-11-07,29.0936,0.0069777100927592706
119005,2025-11-08,28.9198,-0.005973822421425967
119005,2025-11-09,28.8306,-0.0030843920082433973
119005,2025-11-11,29.2619,0.014959799657308537
119005,2025-11-12,29.2017,-0.002057282678158301
119005,2025-12-02,28.1649,-0.03550478225582754
119005,2025-12-03,28.2952,0.004626325674864873
119005,2025-12-05,28.66,0.012892646102519167
119005,2025-12-06,28.8604,0.006992323796231714
119005,2025-12-08,28.8628,8.31589305763103e-05
119005,2025-12-09,28.826,-0.0012749975747328168
119005,2025-12-11,29.2603,0.01506625962672592
119005,2025-12-12,29.1362,-0.004241241545712149
119005,2026-01-01,29.4774,0.011710518186997643
119005,2026-01-04,29.8085,0.011232333923616
119005,2026-01-05,30.1624,0.0118724524883842
119005,2026-02-01,29.5707,-0.019617139219690882
119005,2026-02-02,29.8039,0.007886184635466975
119005,2026-02-03,29.6986,-0.0035330946621079384
119005,2026-02-04,29.8424,0.004841979083189285
119005,2026-03-02,29.7809,-0.002060826207007538
119005,2026-03-03,29.6519,-0.0043316353770368465
119005,2026-03-04,29.785,0.004488751142422531
119005,2026-04-02,29.8211,0.0012120194728890699
119005,2026-04-03,29.6536,-0.005616828353078862
119005,2026-04-05,30.1042,0.015195456875387814
119005,2026-05-01,29.6221,-0.01601437673148598
119005,2026-05-02,29.7825,0.005414876055377604
119005,2026-05-03,29.6837,-0.00331738437001583
119005,2026-05-05,30.0567,0.012565818951141505
119005,2026-06-01,29.647,-0.013630904257619814
119005,2026-06-02,29.731,0.0028333389550376786
119005,2026-06-03,29.7455,0.00048770643436135686
119005,2026-06-04,29.8026,0.0019196180934932805
119005,2026-06-05,30.1163,0.010525927268090651
119005,2026-07-01,29.6996,-0.013836361040366785
119005,2026-07-04,29.8832,0.006181901439749948
119005,2026-07-05,30.1165,0.007807062162017431
119005,2026-08-01,29.7215,-0.01311573390002152
119005,2026-08-04,29.8629,0.00475749878034426
119005,2026-08-05,30.1257,0.008800216991651899
119005,2026-09-01,29.6979,-0.014200499905396291
119005,2026-09-02,29.7026,0.00015826034837473912
119005,2026-09-03,29.7013,-4.376721229792935e-05
119005,2026-09-04,29.9438,0.008164625790790359
119005,2026-10-02,29.7485,-0.006522218288927961
119005,2026-10-03,29.6703,-0.0026287039682673097
119005,2026-10-04,29.9677,0.010023491504973059
119005,2026-11-02,29.7701,-0.006593765954677866
119005,2026-11-03,29.6993,-0.002378225131927647
119005,2026-11-05,30.0886,0.01310805305175533
119005,2026-12-01,29.7261,-0.01204775230485966
119005,2026-12-02,29.6971,-0.000975573654128814
119005,2026-12-03,29.7777,0.002714069723979806
119005,2026-12-05,30.069,0.009782488237842335
119006,2022-01-02,84.3928,
119006,2022-01-03,84.3836,-0.00010901403911223184
119006,2022-01-04,90.2661,0.06971141311818885
119006,2022-01-06,90.8637,0.006620425608284908
119006,2022-01-07,97.9589,0.07808618843388504
119006,2022-01-08,98.7568,0.008145252753961163
119006,2022-01-09,95.7464,-0.030482964211072106
119006,2022-01-11,96.3484,0.006287442661029541
119006,2022-01-12,105.2807,0.09270833765791653
119006,2022-02-02,84.439,-0.1979631594394794
119006,2022-02-03,85.4243,0.011668778644938982
119006,2022-02-05,93.2574,0.0916963908396089
119006,2022-02-06,91.4269,-0.019628469161696582
119006,2022-02-08,99.8382,0.09200027563003887
119006,2022-02-09,94.9497,-0.04896422411461743
119006,2022-02-11,96.27,0.013905257204603894
119006,2022-02-12,105.8348,0.09935390048821025
119006,2022-03-01,83.1735,-0.2141195523589594
119006,2022-03-02,85.0369,0.022403770431687953
119006,2022-03-03,85.277,0.0028234801597895043
119006,2022-03-05,93.6619,0.09832545703999918
119006,2022-03-06,91.3006,-0.025210891515119793
119006,2022-03-08,100.8124,0.1041811335303382
119006,2022-03-10,96.4609,-0.04316433295904076
119006,2022-03-11,96.274,-0.0019375726330564946
119006,2022-04-01,83.6924,-0.13068533560462836
119006,2022-04-02,84.8427,0.013744378223112141
119006,2022-04-03,85.1,0.0030326710488939312
119006,2022-04-04,89.781,0.05500587544065816
119006,2022-04-05,93.2521,0.03866185495817587
119006,2022-04-07,97.5432,0.046016121888944106
119006,2022-04-08,101.5659,0.04124018896242898
119006,2022-04-10,96.5261,-0.04962098499594847
119006,2022-04-11,97.7759,0.012947793394739726
119006,2022-05-01,84.6417,-0.13432962519393832
119006,2022-05-04,89.5388,0.05785682470933362
119006,2022-05-05,92.9303,0.03787743414028344
119006,2022-05-07,96.4227,0.03758085360748864
119006,2022-05-08,100.3253,0.0404738718164912
119006,2022-05-09,95.7377,-0.04572724925816318
119006,2022-05-10,96.6038,0.009046592930475716
119006,2022-05-12,105.7906,0.09509770837172016
119006,2022-06-01,84.6967,-0.19939295173673266
119006,2022-06-04,90.4068,0.0674182110991337
119006,2022-06-05,93.023,0.028938088727838984
119006,2022-06-06,91.9737,-0.011280006020016553
119006,2022-06-07,95.4994,0.038333784549278827
119006,2022-06-09,96.251,0.007870206514386524
119006,2022-06-10,97.99,0.018067344754859604
119006,2022-06-12,107.3267,0.09528217165016839
119006,2022-07-01,84.7714,-0.21015553445694313
119006,2022-07-02,86.0632,0.015238630009649423
119006,2022-07-03,85.4641,-0.006961163424088257
119006,2022-07-04,91.5105,0.07074783447084787
119006,2022-07-06,92.5986,0.01189043880210483
119006,2022-07-07,95.9285,0.035960586877123335
119006,2022-07-09,97.4254,0.015604330308510939
119006,2022-07-10,96.7203,-0.0072373323589125516
119006,2022-07-11,97.8379,0.011554968295176993
119006,2022-07-12,106.9964,0.09360891842527264
119006,2022-08-02,85.8229,-0.1978898355458687
119006,2022-08-03,85.232,-0.006885108753025171
119006,2022-08-04,93.1241,0.09259550403604289
119006,2022-08-06,94.0443,0.009881437780338453
119006,2022-08-07,97.4859,0.03659551934566996
119006,2022-08-08,101.3371,0.03950520023921422
119006,2022-08-09,97.6121,-0.036758502068837684
119006,2022-08-11,98.6113,0.010236435851702863
119006,2022-08-12,105.5607,0.07047265374252243
119006,2022-09-02,85.6529,-0.18859101919559074
119006,2022-09-03,84.2309,-0.01660188972002108
119006,2022-09-05,92.7372,0.10098787974484424
119006,2022-09-06,94.6353,0.0204675146543134
119006,2022-09-08,101.67,0.07433484122732215
119006,2022-09-09,98.2927,-0.03321825513917587
119006,2022-09-11,98.3169,0.0002462034311805361
119006,2022-09-12,107.2114,0.090467661205754
119006,2022-10-01,85.3625,-0.20379269368742503
119006,2022-10-02,84.9534,-0.0047925025626006645
119006,2022-10-03,84.355,-0.007043861693587283
119006,2022-10-05,91.4533,0.08414794617983512
119006,2022-10-06,95.9675,0.04936071196993441
119006,2022-10-08,100.9858,0.052291661239482146
119006,2022-10-10,98.5543,-0.024077642599256488
119006,2022-10-11,99.3793,0.008371019833736337
119006,2022-11-01,85.2765,-0.1419088280959918
119006,2022-11-02,85.0937,-0.00214361518120465
119006,2022-11-03,84.1757,-0.010788107697749516
119006,2022-11-04,92.6353,0.10049931274702795
119006,2022-11-05,91.0161,-0.017479297848660313
119006,2022-11-07,99.019,0.08792839948097098
119006,2022-11-08,100.4855,0.014810288934446803
119006,2022-11-10,99.5247,-0.00956157853620676
119006,2022-11-11,98.67,-0.008587817898471406
119006,2022-12-01,85.6409,-0.13204722813418468
119006,2022-12-04,92.7781,0.0833386851375919
119006,2022-12-05,91.502,-0.013754323487978337
119006,2022-12-07,97.8124,0.06896461279534871
119006,2022-12-08,100.9956,0.03254393103532882
119006,2022-12-09,98.3676,-0.026020935565509773
119006,2022-12-10,99.3071,0.009550909039155231
119006,2022-12-12,108.1236,0.0887801577127918
119006,2023-01-02,112.3785,0.03935218583177047
119006,2023-01-03,121.8485,0.08426878806889215
119006,2023-01-05,118.4537,-0.027860827174729264
119006,2023-01-06,117.8699,-0.004928507931791004
119006,2023-01-08,129.8048,0.10125485811050994
119006,2023-01-09,127.9007,-0.014668949068139203
119006,2023-01-11,117.7416,-0.07942958873563633
119006,2023-01-12,122.1909,0.037788683014329694
119006,2023-02-01,108.5661,-0.11150421185211001
119006,2023-02-02,112.7724,0.038744138363632885
119006,2023-02-03,124.2564,0.10183342732796308
119006,2023-02-05,117.1907,-0.05686387180056718
119006,2023-02-06,118.1933,0.008555286383646443
119006,2023-02-08,130.2361,0.10189071630963853
119006,2023-02-10,123.3939,-0.052536892612724095
119006,2023-02-11,116.5402,-0.05554326429426415
119006,2023-03-01,107.1506,-0.08056962318581917
119006,2023-03-02,113.0045,0.05463245189480981
119006,2023-03-03,123.7574,0.09515461773646194
119006,2023-03-04,117.8299,-0.047896125807426526
119006,2023-03-05,116.7996,-0.008743960573674436
119006,2023-03-07,127.0717,0.08794636283000967
119006,2023-03-08,129.9872,0.022943739636756222
119006,2023-03-10,122.3161,-0.059014272174490956
119006,2023-03-11,116.423,-0.0481792666705364
119006,2023-04-01,105.9493,-0.08996246446148959
119006,2023-04-04,116.8471,0.10285863143975482
119006,2023-04-05,117.6349,0.006742144220952095
119006,2023-04-07,128.3745,0.09129603544526343
119006,2023-04-08,130.8838,0.01954671683239262
119006,2023-04-09,127.9631,-0.02231521395314018
119006,2023-04-10,122.2283,-0.04481604462536459
119006,2023-04-12,120.6326,-0.013055078079299176
119006,2023-05-01,105.5676,-0.12488332341340569
119006,2023-05-04,116.0387,0.09918857679818438
119006,2023-05-05,117.3626,0.011409124714427232
119006,2023-05-06,119.9942,0.02242281612711383
119006,2023-05-07,127.4683,0.06228717721356536
119006,2023-05-09,127.5497,0.0006385901435885799
119006,2023-05-10,120.4127,-0.05595465924263243
119006,2023-05-12,118.364,-0.017013986066253817
119006,2023-06-01,104.2501,-0.11924149234564563
119006,2023-06-02,112.6838,0.08089872335853876
119006,2023-06-03,123.5294,0.09624808535033424
119006,2023-06-04,116.0839,-0.06027310097839056
119006,2023-06-06,118.3358,0.019398900278160935
119006,2023-06-07,127.5318,0.07771105616389962
119006,2023-06-09,126.8567,-0.0052935816792361035
119006,2023-06-10,120.2343,-0.05220378584654972
119006,2023-06-11,117.6347,-0.021621118100242698
119006,2023-06-12,118.4716,0.007114397367443459
119006,2023-07-02,113.5019,-0.041948450092680334
119006,2023-07-03,124.2465,0.09466449460317405
119006,2023-07-04,115.6073,-0.06953274337707704
119006,2023-07-06,118.8419,0.02797920200540971
119006,2023-07-07,127.699,0.07452842810490234
119006,2023-07-08,130.6122,0.02281302124527218
119006,2023-07-09,125.6081,-0.03831265379497484
119006,2023-07-11,116.793,-0.07017939129721718
119006,2023-07-12,119.3807,0.022156293613487144
119006,2023-08-02,114.5892,-0.040136303439333165
119006,2023-08-03,123.4866,0.07764606088531889
119006,2023-08-05,116.6623,-0.05526348607865139
119006,2023-08-06,116.3506,-0.0026718142879061935
119006,2023-08-08,129.774,0.11537026882542945
119006,2023-08-09,126.5912,-0.024525713933453597
119006,2023-08-11,117.5422,-0.0714820619442742
119006,2023-08-12,119.9093,0.020138299266136084
119006,2023-09-01,105.5869,-0.11944361279733928
119006,2023-09-02,114.496,0.08437694448837862
119006,2023-09-03,124.1907,0.08467282699832324
119006,2023-09-05,115.2984,-0.07160197985839523
119006,2023-09-06,116.3455,0.009081652477397784
119006,2023-09-08,131.4757,0.13004542504866956
119006,2023-09-10,121.6748,-0.07454533423286569
119006,2023-09-11,116.5753,-0.0419108969153843
119006,2023-10-01,105.5613,-0.09447970539213701
119006,2023-10-02,115.936,0.09828128300807215
119006,2023-10-03,123.7277,0.06720690725917744
119006,2023-10-04,117.0124,-0.05427483093923191
119006,2023-10-05,114.9569,-0.017566514318140602
119006,2023-10-07,128.9493,0.12171866151575061
119006,2023-10-08,132.045,0.024007109771049473
119006,2023-10-10,120.26,-0.08924987693589292
119006,2023-10-11,115.7831,-0.03722684184267422
119006,2023-11-01,106.3819,-0.08119665132476162
119006,2023-11-04,118.1653,0.1107650831579432
119006,2023-11-05,114.3591,-0.032210809772412086
119006,2023-11-07,128.0064,0.11933724557118763
119006,2023-11-08,131.2714,0.02550653717314133
119006,2023-11-09,127.3844,-0.02961041018835786
119006,2023-11-10,119.973,-0.05818137856754835
119006,2023-11-12,119.2656,-0.005896326673501484
119006,2023-12-01,107.0965,-0.10203361237439801
119006,2023-12-04,118.9757,0.11092052494712701
119006,2023-12-05,114.3281,-0.039063439004771494
119006,2023-12-06,117.3446,0.026384589615326304
119006,2023-12-07,128.3071,0.09342142714705237
119006,2023-12-09,127.1543,-0.00898469375428157
119006,2023-12-10,117.9849,-0.07211238628972838
119006,2023-12-12,117.8978,-0.000738230061643419
119006,2024-01-01,123.0585,0.043772657335420906
119006,2024-01-02,117.7639,-0.04302506531446415
119006,2024-01-03,122.1022,0.036838963383515555
119006,2024-01-04,128.7706,0.05461326659142918
119006,2024-01-05,134.5121,0.044587040830748714
119006,2024-01-07,130.9712,-0.026324025868304735
119006,2024-01-08,135.9238,0.03781442026949433
119006,2024-01-10,135.4858,-0.0032223937235420497
119006,2024-01-11,141.5103,0.04446591450912196
119006,2024-02-01,122.1182,-0.13703666800225844
119006,2024-02-02,117.7684,-0.035619588235005106
119006,2024-02-04,128.2084,0.08864856786710207
119006,2024-02-05,133.8242,0.04380212216984214
119006,2024-02-07,129.76,-0.030369693971643352
119006,2024-02-08,136.1424,0.04918618988902601
119006,2024-02-09,139.9513,0.02797732374337447
119006,2024-02-10,136.3134,-0.02599404221325563
119006,2024-02-12,140.6362,0.03171221611374975
119006,2024-03-01,122.5076,-0.1289042223837107
119006,2024-03-04,128.142,0.045992248644165734
119006,2024-03-05,132.7473,0.03593903638151419
119006,2024-03-06,131.7448,-0.007551942676046863
119006,2024-03-07,130.1254,-0.012291946247593666
119006,2024-03-09,140.5651,0.08022799545669024
119006,2024-03-10,137.3143,-0.023126650925443082
119006,2024-03-12,142.185,0.03547117816571177
119006,2024-04-01,120.928,-0.14950240883356192
119006,2024-04-03,122.6823,0.014506979359618866
119006,2024-04-04,128.1005,0.044164480124679883
119006,2024-04-06,131.0401,0.022947607542515236
119006,2024-04-07,131.2233,0.0013980453311619456
119006,2024-04-09,141.5828,0.07894558359681558
119006,2024-04-10,138.5546,-0.021388191220967467
119006,2024-04-11,141.2545,0.019486180899082495
119006,2024-04-12,141.4024,0.0010470462887908205
119006,2024-05-01,121.9268,-0.13773174995615345
119006,2024-05-02,119.1755,-0.0225651784513331
119006,2024-05-03,123.0145,0.03221299679883871
119006,2024-05-04,128.4015,0.043791585544793454
119006,2024-05-06,131.3134,0.022678083978769692
119006,2024-05-07,131.9012,0.004476313917695984
119006,2024-05-08,135.8714,0.03009980197299189
119006,2024-05-09,139.6274,0.027643786698304362
119006,2024-05-11,142.8315,0.022947501708117546
119006,2024-05-12,141.5732,-0.008809681337800024
119006,2024-06-02,120.3722,-0.14975291933784085
119006,2024-06-03,122.4999,0.017676008247751396
119006,2024-06-05,132.6963,0.08323598631509088
119006,2024-06-06,131.1948,-0.01131531173062117
119006,2024-06-08,136.4681,0.04019442843771248
119006,2024-06-09,138.3439,0.013745336822305054
119006,2024-06-11,141.8905,0.02563611406068511
119006,2024-06-12,142.0042,0.0008013221463030185
119006,2024-07-02,119.8368,-0.15610383354858515
119006,2024-07-03,123.4148,0.029857272557344716
119006,2024-07-05,133.4082,0.08097408090439706
119006,2024-07-06,131.9962,-0.010584057051965412
119006,2024-07-08,136.965,0.037643507919167485
119006,2024-07-10,139.1464,0.0159266966013214
119006,2024-07-11,140.9378,0.012874210184381507
119006,2024-08-01,121.1282,-0.14055562099025243
119006,2024-08-02,121.2382,0.0009081287429351104
119006,2024-08-03,122.279,0.008584752990393962
119006,2024-08-04,129.2438,0.05695826756842948
119006,2024-08-05,134.6602,0.041908393284629586
119006,2024-08-07,132.0192,-0.01961232791871681
119006,2024-08-08,136.6145,0.03480781583284842
119006,2024-08-10,137.2791,0.004864783752822843
119006,2024-08-11,142.206,0.03588965836751545
119006,2024-09-01,122.908,-0.13570454129924192
119006,2024-09-02,120.9791,-0.015693852312298584
119006,2024-09-04,130.9859,0.0827151136022668
119006,2024-09-05,133.2149,0.017017098786968887
119006,2024-09-07,132.6716,-0.004078372614474746
119006,2024-09-08,137.8313,0.03889076486602994
119006,2024-09-09,139.0084,0.008540150169083383
119006,2024-09-10,135.5089,-0.02517473764175393
119006,2024-09-12,140.4117,0.03618064938908061
119006,2024-10-01,124.3074,-0.11469343366685247
119006,2024-10-04,132.9718,0.0697014015255728
119006,2024-10-05,134.9828,0.01512350739028867
119006,2024-10-06,131.8257,-0.023388905845781682
119006,2024-10-07,132.4904,0.005042264141210673
119006,2024-10-09,139.7699,0.05494360346108107
119006,2024-10-10,136.8095,-0.021180525993078625
119006,2024-10-12,139.2664,0.01795854820023446
119006,2024-11-01,124.8923,-0.1032129788664028
119006,2024-11-03,123.6237,-0.010157551746584947
119006,2024-11-04,134.8005,0.09040984859699241
119006,2024-11-06,130.7948,-0.029715765149239015
119006,2024-11-07,133.6528,0.02185102160024721
119006,2024-11-09,138.192,0.033962625549184056
119006,2024-11-10,138.0519,-0.001013806877388168
119006,2024-11-11,140.5048,0.017767955384895062
119006,2024-11-12,141.0663,0.0039963047525779505
119006,2024-12-01,123.4081,-0.12517660135695063
119006,2024-12-02,120.7123,-0.02184459528993643
119006,2024-12-03,122.7895,0.017207857028654017
119006,2024-12-04,135.5787,0.10415548560748267
119006,2024-12-06,131.2289,-0.03208321071082687
119006,2024-12-07,135.1494,0.02987527899723319
119006,2024-12-08,138.5074,0.024846577195311026
119006,2024-12-09,139.2166,0.0051203040415170875
119006,2024-12-11,140.5621,0.009664795721199715
119006,2024-12-12,141.0512,0.0034796008312341087
119006,2025-01-01,139.0185,-0.014411079097519264
119006,2025-01-04,156.9045,0.12865913529494288
119006,2025-01-05,152.7476,-0.026493185345225934
119006,2025-01-07,154.3661,0.010595911163252314
119006,2025-01-08,155.534,0.007565780310573311
119006,2025-01-09,158.2398,0.017396839276299758
119006,2025-01-10,156.0136,-0.014068521320173555
119006,2025-01-12,169.7733,0.08819551628832367
119006,2025-02-01,139.9033,-0.1759405041899993
119006,2025-02-04,155.5786,0.11204381883772574
119006,2025-02-05,154.3627,-0.007815342212875054
119006,2025-02-06,156.3198,0.01267858103026187
119006,2025-02-07,154.8871,-0.009165185728231329
119006,2025-02-09,158.183,0.021279370586704704
119006,2025-02-10,155.6209,-0.01619706289550704
119006,2025-02-12,170.7753,0.0973802362022067
119006,2025-03-01,139.8202,-0.18126216144840612
119006,2025-03-02,141.0134,0.008533817002121191
119006,2025-03-03,146.6109,0.03969480914579737
119006,2025-03-04,156.5222,0.06760274986375503
119006,2025-03-06,155.4402,-0.0069127574235475775
119006,2025-03-07,156.715,0.008201224651023242
119006,2025-03-09,157.5444,0.005292409788469454
119006,2025-03-10,154.5794,-0.018820091352025226
119006,2025-03-11,157.0406,0.015921914563001405
119006,2025-03-12,172.2183,0.09664825529194343
119006,2025-04-02,143.3583,-0.16757801000242123
119006,2025-04-03,148.9412,0.03894368167033235
119006,2025-04-04,158.8897,0.0667948156722249
119006,2025-04-06,157.2997,-0.010006941922604207
119006,2025-04-07,156.6131,-0.004364916144150244
119006,2025-04-08,157.9644,0.00862826928271021
119006,2025-04-09,159.49,0.009657872280083302
119006,2025-04-11,157.8208,-0.010465859928522225
119006,2025-04-12,170.2503,0.07875704596605781
119006,2025-05-02,143.2568,-0.1585518498352133
119006,2025-05-03,149.1151,0.040893695796639484
119006,2025-05-05,153.1423,0.027007325213878275
119006,2025-05-06,155.9705,0.018467791067523276
119006,2025-05-08,159.2111,0.020777005908168444
119006,2025-05-09,156.5507,-0.016709890202379007
119006,2025-05-11,159.0264,0.015814046184398967
119006,2025-05-12,169.0224,0.06285748781334433
119006,2025-06-01,136.8333,-0.1904428052139835
119006,2025-06-02,144.2718,0.054361767201404954
119006,2025-06-03,148.5453,0.02962117336860004
119006,2025-06-05,153.6444,0.03432690229849067
119006,2025-06-06,156.301,0.01729057485987129
119006,2025-06-08,158.3841,0.013327489907294376
119006,2025-06-10,155.4568,-0.018482284522246872
119006,2025-06-11,160.6548,0.03343694196715741
119006,2025-07-01,136.68,-0.14923176898542712
119006,2025-07-02,143.6161,0.05074700029265422
119006,2025-07-03,147.2771,0.025491570931114316
119006,2025-07-04,158.0746,0.07331418122708833
119006,2025-07-05,154.3921,-0.023295962792251323
119006,2025-07-07,157.9332,0.022935759018757995
119006,2025-07-08,157.0345,-0.005690380489979274
119006,2025-07-10,154.3033,-0.01739235645670223
119006,2025-07-11,160.3769,0.039361439450743996
119006,2025-08-01,138.0868,-0.1389857267474306
119006,2025-08-04,157.0142,0.137068858138504
119006,2025-08-05,154.4308,-0.016453288938197863
119006,2025-08-07,157.588,0.020444108299639607
119006,2025-08-08,155.7937,-0.011386019240043566
119006,2025-08-09,157.2566,0.009389981751508403
119006,2025-08-10,153.3918,-0.02457639297810077
119006,2025-08-12,166.8268,0.08758616823063559
119006,2025-09-01,136.6041,-0.18116213941644865
119006,2025-09-04,157.1179,0.15016972404195772
119006,2025-09-05,153.8803,-0.02060618172722517
119006,2025-09-06,154.8754,0.0064667147126695745
119006,2025-09-07,160.0413,0.0333552003739781
119006,2025-09-09,157.2971,-0.017146823976061265
119006,2025-09-10,152.5019,-0.030484986690790805
119006,2025-09-12,165.7315,0.08675039458524791
119006,2025-10-01,136.9024,-0.17395063702434366
119006,2025-10-02,142.9822,0.04440974007760268
119006,2025-10-03,145.8437,0.02001298063675061
119006,2025-10-04,158.039,0.08361897017149156
119006,2025-10-06,153.9059,-0.026152405418915503
119006,2025-10-07,159.9013,0.03895497183668706
119006,2025-10-09,157.1321,-0.01731818315423317
119006,2025-10-10,148.9091,-0.05233176416531071
119006,2025-10-11,161.0466,0.08150945778330554
119006,2025-10-12,164.1077,0.019007541916439052
119006,2025-11-02,143.9916,-0.1225786480463743
119006,2025-11-03,145.5061,0.01051797465963289
119006,2025-11-04,158.0107,0.08593866511438364
119006,2025-11-06,153.0739,-0.03124345376610571
119006,2025-11-07,157.8975,0.03151157708792951
119006,2025-11-08,156.5904,-0.008278155132285359
119006,2025-11-09,156.7841,0.0012369851536238041
119006,2025-11-11,162.2169,0.03465147294910653
119006,2025-11-12,164.8844,0.016444032650112295
119006,2025-12-02,141.7829,-0.14010725089820497
119006,2025-12-03,145.8908,0.028973169543012656
119006,2025-12-05,152.5428,0.04559574695594226
119006,2025-12-06,152.9768,0.0028451031448222253
119006,2025-12-08,155.3905,0.015778209506278174
119006,2025-12-09,156.7799,0.008941344548090147
119006,2025-12-11,160.5317,0.023930363522364884
119006,2025-12-12,165.2558,0.029427832633679207
119006,2026-01-01,159.056,-0.03751638369122279
119006,2026-01-04,177.8519,0.11817158736545608
119006,2026-01-05,182.9609,0.028726147991671835
119006,2026-02-01,158.3934,-0.13427732373419676
119006,2026-02-02,168.3645,0.06295148661497252
119006,2026-02-03,169.3297,0.005732799966738922
119006,2026-02-04,176.4233,0.04189223745155157
119006,2026-03-02,166.6562,-0.055361735099615506
119006,2026-03-03,168.2256,0.009416991387058982
119006,2026-03-04,179.404,0.06644886390656368
119006,2026-04-02,168.4303,-0.06116753249648843
119006,2026-04-03,169.995,0.009289896176638113
119006,2026-04-05,183.9835,0.08228771434453952
119006,2026-05-01,157.457,-0.14417868993686933
119006,2026-05-02,167.849,0.0659989711476785
119006,2026-05-03,170.5425,0.016047161436767654
119006,2026-05-05,184.8894,0.08412507146312498
119006,2026-06-01,159.771,-0.13585635520478734
119006,2026-06-02,167.9971,0.05148681550469103
119006,2026-06-03,170.3692,0.014119886593280562
119006,2026-06-04,181.1257,0.0631364119805693
119006,2026-06-05,184.5075,0.01867101134736804
119006,2026-07-01,160.6401,-0.12935734319743097
119006,2026-07-04,180.0207,0.12064609023525263
119006,2026-07-05,184.8121,0.026615828068660807
119006,2026-08-01,163.7667,-0.11387457855843852
119006,2026-08-04,181.3466,0.10734722016136367
119006,2026-08-05,187.9663,0.03650302790347326
119006,2026-09-01,164.0462,-0.12725738603143222
119006,2026-09-02,167.2602,0.019592041754091127
119006,2026-09-03,170.8302,0.021343989783582762
119006,2026-09-04,180.747,0.05805062570903763
119006,2026-10-02,166.9459,-0.0763559007895015
119006,2026-10-03,168.5217,0.009438985922984644
119006,2026-10-04,178.3666,0.05841918281147174
119006,2026-11-02,167.322,-0.06192078561793524
119006,2026-11-03,169.0955,0.010599323460154686
119006,2026-11-05,187.6219,0.10956175652220201
119006,2026-12-01,164.4125,-0.12370304319485104
119006,2026-12-02,168.3763,0.024108872500570255
119006,2026-12-03,171.1779,0.016638921273362195
119006,2026-12-05,187.3298,0.09435739076130756
119007,2022-01-02,143.6604,
119007,2022-01-03,140.0672,-0.025011763854200564
119007,2022-01-04,144.4866,0.031551997898151773
119007,2022-01-06,158.0848,0.09411391783044243
119007,2022-01-07,149.6987,-0.0530481108873212
119007,2022-01-08,150.6175,0.0061376618501030045
119007,2022-01-09,156.5826,0.039604295649575905
119007,2022-01-11,153.9853,-0.016587411372655847
119007,2022-01-12,155.0392,0.006844159799669125
119007,2022-02-02,142.159,-0.0830770540611665
119007,2022-02-03,141.8361,-0.0022714003334295407
119007,2022-02-05,155.965,0.09961427309408544
119007,2022-02-06,158.4425,0.015884974192927892
119007,2022-02-08,152.2687,-0.038965555327642565
119007,2022-02-09,153.7264,0.009573208413810708
119007,2022-02-11,155.799,0.013482394696031408
119007,2022-02-12,156.6035,0.005163704516716994
119007,2022-03-01,159.2954,0.017189270993304806
119007,2022-03-02,139.797,-0.12240403677695655
119007,2022-03-03,141.1725,0.009839266937058833
119007,2022-03-05,154.9302,0.09745311586888383
119007,2022-03-06,157.9895,0.01974631156482065
119007,2022-03-08,151.7357,-0.03958364321679597
119007,2022-03-10,153.1675,0.009436144559256565
119007,2022-03-11,156.8466,0.02402010870452287
119007,2022-04-01,158.0409,0.007614446216876791
119007,2022-04-02,137.3848,-0.13070097677246828
119007,2022-04-03,143.8725,0.04722283687860651
119007,2022-04-04,145.7033,0.012725155954056655
119007,2022-04-05,153.9127,0.05634326744830065
119007,2022-04-07,150.4836,-0.022279512996653317
119007,2022-04-08,152.6594,0.014458718425130801
119007,2022-04-10,152.8607,0.001318621716055457
119007,2022-04-11,158.2259,0.035098622471308794
119007,2022-05-01,157.1013,-0.007107559508272576
119007,2022-05-04,147.1224,-0.06351888876794787
119007,2022-05-05,153.3851,0.042567957020820835
119007,2022-05-07,150.5077,-0.018759318864739805
119007,2022-05-08,151.9733,0.00973770777176175
119007,2022-05-09,156.1863,0.027721974846897313
119007,2022-05-10,153.6642,-0.016148023226108754
119007,2022-05-12,160.6696,0.04558901813174443
119007,2022-06-01,156.5486,-0.025648909314518797
119007,2022-06-04,146.4474,-0.06452437134538413
119007,2022-06-05,151.8195,0.036682795324464834
119007,2022-06-06,160.1838,0.055093713258178134
119007,2022-06-07,152.0099,-0.05102825629058616
119007,2022-06-09,153.8697,0.012234729448542536
119007,2022-06-10,151.2695,-0.016898713651875563
119007,2022-06-12,159.808,0.05644561527604708
119007,2022-07-01,155.962,-0.024066379655586778
119007,2022-07-02,140.1474,-0.10140034110873153
119007,2022-07-03,143.8768,0.026610554316383928
119007,2022-07-04,146.0719,0.015256803042603018
119007,2022-07-06,159.443,0.09153779748192514
119007,2022-07-07,152.1743,-0.04558807849827229
119007,2022-07-09,155.1137,0.019316008025008102
119007,2022-07-10,147.7237,-0.0476424712968615
119007,2022-07-11,157.4001,0.06550336878916507
119007,2022-07-12,158.7219,0.008397707498279727
119007,2022-08-02,140.1354,-0.11710104276725519
119007,2022-08-03,143.6792,0.0252883996477693
119007,2022-08-04,145.9369,0.01571347836012449
119007,2022-08-06,159.2917,0.09151078308501814
119007,2022-08-07,152.042,-0.04551210138381345
119007,2022-08-08,154.0842,0.013431814893253291
119007,2022-08-09,153.2377,-0.005493749521365721
119007,2022-08-11,156.2638,0.019747751369278088
119007,2022-08-12,157.3055,0.006666291233158317
119007,2022-09-02,141.9034,-0.09791202469080862
119007,2022-09-03,144.3852,0.017489362481800885
119007,2022-09-05,151.1746,0.04702282505409139
119007,2022-09-06,156.9033,0.03789459340391832
119007,2022-09-08,154.1105,-0.01779949816224391
119007,2022-09-09,155.047,0.006076808523753918
119007,2022-09-11,156.8755,0.01179319819151603
119007,2022-09-12,157.9388,0.0067779863649837235
119007,2022-10-01,156.1809,-0.011130260581946771
119007,2022-10-02,141.7613,-0.09232627036980834
119007,2022-10-03,144.8049,0.021469893405322793
119007,2022-10-05,152.1012,0.05038710706612837
119007,2022-10-06,156.5863,0.029487604305554305
119007,2022-10-08,152.537,-0.02585986130331952
119007,2022-10-10,148.0979,-0.029101791696440893
119007,2022-10-11,156.9665,0.05988336093894642
119007,2022-11-01,155.6344,-0.008486524194653011
119007,2022-11-02,141.6573,-0.08980726625990143
119007,2022-11-03,145.1609,0.024732929400743897
119007,2022-11-04,146.4847,0.009119535632529097
119007,2022-11-05,153.9369,0.05087357246183388
119007,2022-11-07,152.0224,-0.01243691408622627
119007,2022-11-08,153.1747,0.007579804028879922
119007,2022-11-10,149.3504,-0.024966916860290844
119007,2022-11-11,159.5429,0.06824554872300315
119007,2022-12-01,154.2187,-0.03337158845677235
119007,2022-12-04,147.8229,-0.04147227281775823
119007,2022-12-05,156.5575,0.059088273873669106
119007,2022-12-07,152.2871,-0.02727687910192733
119007,2022-12-08,154.8335,0.01672104859833823
119007,2022-12-09,154.7673,-0.00042755605214617187
119007,2022-12-10,147.3688,-0.04780402578580889
119007,2022-12-12,158.4401,0.07512648538903766
119007,2023-01-02,167.5386,0.05742548761330002
119007,2023-01-03,168.6131,0.006413447408537554
119007,2023-01-05,157.8207,-0.06400688914443786
119007,2023-01-06,162.0537,0.026821576637285238
119007,2023-01-08,174.8262,0.07881646639354734
119007,2023-01-09,174.5317,-0.001684530121915384
119007,2023-01-11,156.1603,-0.10526110729454874
119007,2023-01-12,162.0634,0.03780154110871958
119007,2023-02-01,160.7628,-0.008025254314052432
119007,2023-02-02,166.9716,0.03862087497853972
119007,2023-02-03,168.7767,0.010810820522771492
119007,2023-02-05,156.4461,-0.07305866271825434
119007,2023-02-06,164.3986,0.05083220355125495
119007,2023-02-08,174.2904,0.060169612149981955
119007,2023-02-10,160.7314,-0.07779544943381844
119007,2023-02-11,156.9743,-0.02337502193099794
119007,2023-03-01,161.7671,0.030532386511677334
119007,2023-03-02,168.5389,0.041861416814667596
119007,2023-03-03,170.3711,0.01087108080093091
119007,2023-03-04,163.5075,-0.04028617529616241
119007,2023-03-05,158.6131,-0.029933795085852255
119007,2023-03-07,169.0305,0.06567805559565998
119007,2023-03-08,171.4042,0.014043027737597802
119007,2023-03-10,162.2354,-0.05349227148459612
119007,2023-03-11,156.4095,-0.035910165105766056
119007,2023-04-01,162.0645,0.0361550928811869
119007,2023-04-04,160.658,-0.008678643379642192
119007,2023-04-05,158.49,-0.013494503852904738
119007,2023-04-07,167.007,0.05373840620859349
119007,2023-04-08,170.8526,0.023026579724203078
119007,2023-04-09,174.8693,0.02350973880409213
119007,2023-04-10,163.082,-0.06740634290867531
119007,2023-04-12,163.961,0.005389926540023016
119007,2023-05-01,165.1847,0.007463360189313262
119007,2023-05-04,161.041,-0.0250852530530975
119007,2023-05-05,159.7145,-0.008237032805310518
119007,2023-05-06,164.9057,0.03250299753622876
119007,2023-05-07,166.5004,0.00967037525082537
119007,2023-05-09,172.8638,0.03821852680233784
119007,2023-05-10,161.4854,-0.06582291954706543
119007,2023-05-12,164.2568,0.01716192299737318
119007,2023-06-01,165.8943,0.009969145874021645
119007,2023-06-02,166.2692,0.002259872702076171
119007,2023-06-03,170.2839,0.02414578286297142
119007,2023-06-04,159.5807,-0.06285503209639887
119007,2023-06-06,166.6112,0.04405607946324319
119007,2023-06-07,167.6701,0.006355515115430421
119007,2023-06-09,171.5174,0.022945653399145227
119007,2023-06-10,162.1319,-0.054720395714953796
119007,2023-06-11,159.005,-0.019286149116861107
119007,2023-06-12,164.1955,0.03264362755888195
119007,2023-07-02,166.916,0.016568663574823894
119007,2023-07-03,172.4277,0.03302080088188064
119007,2023-07-04,159.5416,-0.07473335200782705
119007,2023-07-06,165.9956,0.04045339898810085
119007,2023-07-07,167.9927,0.012031041786649821
119007,2023-07-08,170.8463,0.016986452387514506
119007,2023-07-09,172.6114,0.01033150849623321
119007,2023-07-11,161.3528,-0.06522512418067405
119007,2023-07-12,166.0615,0.029182635814190894
119007,2023-08-02,168.1095,0.012332780325361448
119007,2023-08-03,174.34,0.03706215294198123
119007,2023-08-05,157.9775,-0.09385396351955955
119007,2023-08-06,166.4141,0.053403807504233125
119007,2023-08-08,171.6732,0.03160249041397334
119007,2023-08-09,171.7457,0.0004223140245536161
119007,2023-08-11,158.4473,-0.07743075954740053
119007,2023-08-12,165.9972,0.04764928149611869
119007,2023-09-01,165.5696,-0.0025759470641673055
119007,2023-09-02,168.0587,0.01503355688483854
119007,2023-09-03,174.1584,0.036295056429688
119007,2023-09-05,157.6862,-0.09458171411772265
119007,2023-09-06,167.5415,0.06249944510045902
119007,2023-09-08,172.3455,0.02867349283610321
119007,2023-09-10,163.5589,-0.050982474158013935
119007,2023-09-11,159.2633,-0.026263321653545058
119007,2023-10-01,165.4957,0.03913268154056837
119007,2023-10-02,167.1582,0.01004557822348251
119007,2023-10-03,173.7192,0.03925024318280523
119007,2023-10-04,159.1455,-0.08389228133677795
119007,2023-10-05,159.3953,0.0015696328202807752
119007,2023-10-07,165.2955,0.037016147903984775
119007,2023-10-08,170.6387,0.03232513891787736
119007,2023-10-10,162.8658,-0.04555180038291429
119007,2023-10-11,158.3831,-0.027523887765264377
119007,2023-11-01,164.0136,0.035549878743375896
119007,2023-11-04,157.8449,-0.0376109054371101
119007,2023-11-05,157.4671,-0.0023934887981810204
119007,2023-11-07,167.2023,0.061823707936451644
119007,2023-11-08,170.877,0.02197756849038557
119007,2023-11-09,169.2395,-0.009582916366743466
119007,2023-11-10,160.8683,-0.049463629944546006
119007,2023-11-12,167.5868,0.04176397711668489
119007,2023-12-01,165.6975,-0.011273560924846215
119007,2023-12-04,159.0359,-0.04020338267022738
119007,2023-12-05,160.3995,0.008574164701177445
119007,2023-12-06,169.6193,0.05748022905308314
119007,2023-12-07,168.3392,-0.007546900618031094
119007,2023-12-09,168.3321,-4.217674789952497e-05
119007,2023-12-10,160.3687,-0.04730767334334929
119007,2023-12-12,167.5142,0.04455669965523201
119007,2024-01-01,166.3929,-0.0066937608871366905
119007,2024-01-02,167.4849,0.00656278002246502
119007,2024-01-03,180.2465,0.07619552568619614
119007,2024-01-04,173.9806,-0.03476294962731585
119007,2024-01-05,176.8658,0.01658345815567941
119007,2024-01-07,183.4185,0.03704899420916874
119007,2024-01-08,207.5214,0.13140931803498557
119007,2024-01-10,198.0062,-0.0458516567447983
119007,2024-01-11,196.9957,-0.005103375550866596
119007,2024-02-01,165.61,-0.15932175169305718
119007,2024-02-02,168.8411,0.019510295272024525
119007,2024-02-04,175.244,0.037922638504487294
119007,2024-02-05,177.5629,0.013232407386272849
119007,2024-02-07,185.0306,0.04205664584212121
119007,2024-02-08,209.708,0.13336929134964715
119007,2024-02-09,196.5646,-0.06267476681862394
119007,2024-02-10,198.4681,0.009683839307789821
119007,2024-02-12,192.0641,-0.03226715023724214
119007,2024-03-01,165.7417,-0.13705007859355278
119007,2024-03-04,174.0493,0.050123776937246234
119007,2024-03-05,176.8804,0.01626608093224169
119007,2024-03-06,179.3767,0.014112926022329164
119007,2024-03-07,187.3996,0.04472654475191029
119007,2024-03-09,196.4913,0.048515044856018985
119007,2024-03-10,199.4354,0.014983360586448224
119007,2024-03-12,191.7728,-0.038421463792285615
119007,2024-04-01,166.9963,-0.12919715413238997
119007,2024-04-03,178.3566,0.06802725569368895
119007,2024-04-04,175.1431,-0.018017275503121155
119007,2024-04-06,179.4393,0.02452965603555035
119007,2024-04-07,187.2956,0.04378249357860842
119007,2024-04-09,195.8542,0.045695681051770576
119007,2024-04-10,198.7289,0.014677755187277208
119007,2024-04-11,195.2785,-0.017362346392497563
119007,2024-04-12,191.5317,-0.019186956065311844
119007,2024-05-01,167.1082,-0.12751675049091082
119007,2024-05-02,167.7263,0.003698801136030383
119007,2024-05-03,180.6283,0.07692293933628758
119007,2024-05-04,173.1204,-0.041565468976899056
119007,2024-05-06,180.9462,0.045204377993581346
119007,2024-05-07,188.6866,0.04277735592126275
119007,2024-05-08,209.7509,0.11163643841163062
119007,2024-05-09,194.5056,-0.072682882409563
119007,2024-05-11,196.2671,0.00905629452313983
119007,2024-05-12,192.7855,-0.01773909126898998
119007,2024-06-02,168.6554,-0.125165533714932
119007,2024-06-03,180.0081,0.06731299442531946
119007,2024-06-05,176.3523,-0.020309086091125916
119007,2024-06-06,177.9814,0.00923775873634769
119007,2024-06-08,209.63,0.17781970475566533
119007,2024-06-09,196.3023,-0.06357725516386015
119007,2024-06-11,194.6054,-0.008644320519932802
119007,2024-06-12,192.2926,-0.011884562298887902
119007,2024-07-02,168.8025,-0.12215810696823481
119007,2024-07-03,179.6582,0.06431006649783022
119007,2024-07-05,178.526,-0.006301966734610365
119007,2024-07-06,177.0527,-0.008252579456213827
119007,2024-07-08,209.5495,0.18354309197205132
119007,2024-07-10,200.3059,-0.044111773113273856
119007,2024-07-11,196.2724,-0.0201367009159491
119007,2024-08-01,169.0633,-0.13862927237859224
119007,2024-08-02,168.9373,-0.0007452829798070271
119007,2024-08-03,182.7039,0.08148940464894383
119007,2024-08-04,173.5471,-0.05011825144400317
119007,2024-08-05,177.5456,0.023039854886656164
119007,2024-08-07,190.3261,0.07198432402717936
119007,2024-08-08,207.4726,0.09009011375738796
119007,2024-08-10,202.3671,-0.02460806872811161
119007,2024-08-11,197.3669,-0.0247085618166194
119007,2024-09-01,171.209,-0.1325343813982992
119007,2024-09-02,168.5346,-0.015620674146803015
119007,2024-09-04,173.9849,0.03233935346213768
119007,2024-09-05,178.2059,0.024260726074504246
119007,2024-09-07,190.6478,0.06981755373980314
119007,2024-09-08,207.1439,0.08652656888776056
119007,2024-09-09,199.6006,-0.036415747700028867
119007,2024-09-10,199.8181,0.0010896760831380359
119007,2024-09-12,190.1588,-0.04834046565351169
119007,2024-10-01,173.3695,-0.08829094420032113
119007,2024-10-04,174.7104,0.007734347737058833
119007,2024-10-05,179.558,0.02774648790226575
119007,2024-10-06,176.388,-0.0176544626248899
119007,2024-10-07,193.7143,0.09822833752863014
119007,2024-10-09,196.9474,0.01669004301695831
119007,2024-10-10,197.83,0.004481399602127345
119007,2024-10-12,191.528,-0.03185563362482946
119007,2024-11-01,173.3649,-0.09483260933127269
119007,2024-11-03,180.9198,0.043578025309621626
119007,2024-11-04,173.3745,-0.041705219660866266
119007,2024-11-06,175.7143,0.013495640939123144
119007,2024-11-07,195.4159,0.11212291771358385
119007,2024-11-09,195.574,0.0008090436858005923
119007,2024-11-10,199.1198,0.01813022180862478
119007,2024-11-11,196.222,-0.01455304796408996
119007,2024-11-12,190.5709,-0.028799522989267357
119007,2024-12-01,172.7744,-0.0933851915481324
119007,2024-12-02,169.6482,-0.018094115794932697
119007,2024-12-03,182.181,0.07387523121377071
119007,2024-12-04,171.3008,-0.0597219248988643
119007,2024-12-06,176.5173,0.030452280433016066
119007,2024-12-07,194.5828,0.1023440761896992
119007,2024-12-08,208.136,0.0696526106110098
119007,2024-12-09,194.0847,-0.06751018564784561
119007,2024-12-11,197.8434,0.01936628698707321
119007,2024-12-12,190.7529,-0.03583895141308724
119007,2025-01-01,192.1639,0.007397004187092326
119007,2025-01-04,206.5323,0.07477158821193775
119007,2025-01-05,210.0346,0.016957638103095807
119007,2025-01-07,209.1981,-0.003982677139861668
119007,2025-01-08,215.1294,0.028352551959123895
119007,2025-01-09,215.6414,0.0023799629432332825
119007,2025-01-10,224.7011,0.04201280459132617
119007,2025-01-12,240.0765,0.06842601126563252
119007,2025-02-01,190.1037,-0.20815365102373617
119007,2025-02-04,207.2763,0.09033280257038645
119007,2025-02-05,208.0797,0.003875985821823358
119007,2025-02-06,210.6943,0.012565377593297233
119007,2025-02-07,209.8209,-0.004145342327723123
119007,2025-02-09,214.2237,0.02098361030764817
119007,2025-02-10,224.4323,0.047653924379048584
119007,2025-02-12,239.6103,0.06762841177495393
119007,2025-03-01,189.8378,-0.20772270641120194
119007,2025-03-02,203.6902,0.07296966146889616
119007,2025-03-03,204.4875,0.003914277662842913
119007,2025-03-04,211.1029,0.03235112170670584
119007,2025-03-06,210.6853,-0.001978182204034118
119007,2025-03-07,210.4968,-0.0008946993454218566
119007,2025-03-09,212.3596,0.00884954070560684
119007,2025-03-10,223.5565,0.052726130582276376
119007,2025-03-11,230.9052,0.03287177961723331
119007,2025-03-12,240.0729,0.03970330681162659
119007,2025-04-02,202.9715,-0.1545422244659852
119007,2025-04-03,203.8334,0.004246408978600513
119007,2025-04-04,211.6081,0.03814242415619806
119007,2025-04-06,209.6326,-0.009335653975438563
119007,2025-04-07,210.0336,0.0019128704218713821
119007,2025-04-08,212.7889,0.01311837725011622
119007,2025-04-09,214.9398,0.010108140039259528
119007,2025-04-11,235.1349,0.09395700563599663
119007,2025-04-12,244.6471,0.04045422436227031
119007,2025-05-02,202.311,-0.173049670321046
119007,2025-05-03,204.4065,0.010357815442561202
119007,2025-05-05,207.6202,0.015722102770704627
119007,2025-05-06,207.703,0.0003988051258980718
119007,2025-05-08,212.6285,0.023714149530820405
119007,2025-05-09,214.9318,0.010832508342014435
119007,2025-05-11,238.1771,0.10815198123311665
119007,2025-05-12,246.6786,0.03569402767940333
119007,2025-06-01,191.3138,-0.22444103379863511
119007,2025-06-02,205.679,0.07508710819606335
119007,2025-06-03,205.573,-0.0005153661773928953
119007,2025-06-05,210.2791,0.022892597763324973
119007,2025-06-06,208.0266,-0.010711953779524386
119007,2025-06-08,210.1827,0.010364539919414106
119007,2025-06-10,222.0076,0.056260101330889656
119007,2025-06-11,237.5076,0.06981742967357873
119007,2025-07-01,192.6393,-0.18891311267513122
119007,2025-07-02,205.9744,0.06922315436154514
119007,2025-07-03,203.4613,-0.012201030807712065
119007,2025-07-04,211.1518,0.03779834297726414
119007,2025-07-05,213.3817,0.010560648784428972
119007,2025-07-07,209.7989,-0.016790568263351457
119007,2025-07-08,209.7368,-0.00029599773878707936
119007,2025-07-10,223.5549,0.06588304961265745
119007,2025-07-11,239.2577,0.07024135905766316
119007,2025-08-01,192.6542,-0.1947836997513559
119007,2025-08-04,211.5592,0.09812918690586558
119007,2025-08-05,214.3469,0.013176926363873465
119007,2025-08-07,209.7075,-0.021644353149030793
119007,2025-08-08,209.2273,-0.002289856109104371
119007,2025-08-09,215.5856,0.03038943770722069
119007,2025-08-10,220.9035,0.024667231948701573
119007,2025-08-12,246.9234,0.11778853662345767
119007,2025-09-01,194.881,-0.21076333794205004
119007,2025-09-04,209.4261,0.07463580338770837
119007,2025-09-05,211.7025,0.010869705351911785
119007,2025-09-06,207.2831,-0.020875521073204117
119007,2025-09-07,210.8465,0.017190981802182703
119007,2025-09-09,217.2469,0.030355732724991924
119007,2025-09-10,218.2429,0.0045846453965510126
119007,2025-09-12,246.7297,0.13052795761053404
119007,2025-10-01,195.3269,-0.2083364913101261
119007,2025-10-02,204.7679,0.048334356404571066
119007,2025-10-03,202.4324,-0.01140559628730864
119007,2025-10-04,209.1994,0.03342844327291483
119007,2025-10-06,208.2409,-0.004581753102542274
119007,2025-10-07,209.3952,0.005543099362324888
119007,2025-10-09,215.6675,0.029954363805856143
119007,2025-10-10,219.9135,0.01968771372599032
119007,2025-10-11,240.0078,0.09137365373203554
119007,2025-10-12,245.6525,0.023518818971716815
119007,2025-11-02,204.215,-0.16868340440256058
119007,2025-11-03,203.2424,-0.004762627622848514
119007,2025-11-04,212.1392,0.04377433055307356
119007,2025-11-06,208.4483,-0.017398481751604633
119007,2025-11-07,208.6345,0.0008932670595058756
119007,2025-11-08,212.3563,0.017838852155324325
119007,2025-11-09,217.3143,0.02334755314535042
119007,2025-11-11,238.8424,0.09906435057426033
119007,2025-11-12,243.4226,0.01917666210019653
119007,2025-12-02,204.9622,-0.15799847672319656
119007,2025-12-03,202.2462,-0.013251223884208962
119007,2025-12-05,209.7478,0.037091426192432886
119007,2025-12-06,208.5607,-0.005659654117945556
119007,2025-12-08,215.1796,0.031736084506812645
119007,2025-12-09,218.5185,0.015516805496431862
119007,2025-12-11,239.7592,0.09720321162739087
119007,2025-12-12,246.8512,0.02957967827720487
119007,2026-01-01,243.8035,-0.012346304170285594
119007,2026-01-04,235.9463,-0.03222759312315038
119007,2026-01-05,245.2325,0.039357260529196525
119007,2026-02-01,245.3473,0.00046812718542610376
119007,2026-02-02,245.5346,0.0007634076266582746
119007,2026-02-03,249.5743,0.016452671028848842
119007,2026-02-04,235.3433,-0.05702109552145396
119007,2026-03-02,245.3817,0.04265428418824757
119007,2026-03-03,248.6354,0.01325975001395796
119007,2026-03-04,236.9772,-0.04688873748468636
119007,2026-04-02,247.5734,0.044714006241950655
119007,2026-04-03,245.7716,-0.007277841642114979
119007,2026-04-05,246.1645,0.0015986387361273113
119007,2026-05-01,244.6109,-0.006311226842213302
119007,2026-05-02,248.8758,0.01743544543599662
119007,2026-05-03,245.294,-0.014391917574950952
119007,2026-05-05,245.2593,-0.00014146289758421027
119007,2026-06-01,245.8159,0.002269434838964246
119007,2026-06-02,250.0022,0.017030224651863435
119007,2026-06-03,245.0544,-0.01979102583897263
119007,2026-06-04,239.1737,-0.023997528711992122
119007,2026-06-05,246.0133,0.028596789697195035
119007,2026-07-01,248.2122,0.00893813464556592
119007,2026-07-04,237.4381,-0.04340681078528774
119007,2026-07-05,246.4664,0.03802380494116142
119007,2026-08-01,247.3108,0.00342602480500398
119007,2026-08-04,235.2691,-0.04869055455726157
119007,2026-08-05,245.7272,0.04445165132182671
119007,2026-09-01,253.7912,0.03281687985701209
119007,2026-09-02,252.0657,-0.006798896100416396
119007,2026-09-03,247.5013,-0.0181079774043037
119007,2026-09-04,233.8695,-0.05507769050101963
119007,2026-10-02,249.3753,0.06630107816538722
119007,2026-10-03,245.5921,-0.015170708566566216
119007,2026-10-04,234.0589,-0.0469607939343325
119007,2026-11-02,248.4102,0.06131490834144748
119007,2026-11-03,246.6455,-0.007103975601645995
119007,2026-11-05,243.087,-0.0144275893944954
119007,2026-12-01,256.78,0.056329626841418845
119007,2026-12-02,253.2868,-0.013603863229223356
119007,2026-12-03,246.9202,-0.02513593286345761
119007,2026-12-05,241.1875,-0.023216812557255273
119008,2022-01-02,111.3682,
119008,2022-01-03,112.3587,0.008893921245023195
119008,2022-01-04,110.3021,-0.018303878560360753
119008,2022-01-06,116.8622,0.059473935673028944
119008,2022-01-07,114.0335,-0.02420543169647671
119008,2022-01-08,114.6048,0.005009931292120351
119008,2022-01-09,109.0879,-0.04813847238510072
119008,2022-01-11,103.5299,-0.05094973869695907
119008,2022-01-12,109.2597,0.05534439809175895
119008,2022-02-02,111.9322,0.024460070822087232
119008,2022-02-03,110.7889,-0.010214218964694655
119008,2022-02-05,108.8443,-0.017552299914522118
119008,2022-02-06,116.6361,0.07158666094595678
119008,2022-02-08,113.7474,-0.024766774609233377
119008,2022-02-09,108.6428,-0.04487663014715071
119008,2022-02-11,105.0641,-0.03294005677320544
119008,2022-02-12,108.8296,0.035840025279805454
119008,2022-03-01,109.301,0.0043315421539729115
119008,2022-03-02,113.4862,0.03829059203483953
119008,2022-03-03,109.9824,-0.030874238453662217
119008,2022-03-05,109.0328,-0.008634108730124157
119008,2022-03-06,116.8691,0.07187103330373978
119008,2022-03-08,113.6054,-0.027926115628510884
119008,2022-03-10,110.2848,-0.02922924438450991
119008,2022-03-11,106.101,-0.03793632486072429
119008,2022-04-01,109.3328,0.03045965636516157
119008,2022-04-02,112.6829,0.03064130800638054
119008,2022-04-03,109.7281,-0.02622225732564576
119008,2022-04-04,109.5177,-0.0019174669022793411
119008,2022-04-05,110.3695,0.007777738210353213
119008,2022-04-07,112.7097,0.021203321569817746
119008,2022-04-08,113.3252,0.005460931933986224
119008,2022-04-10,110.6098,-0.023961131328248175
119008,2022-04-11,105.5618,-0.04563790911836019
119008,2022-05-01,109.9603,0.04166753503634846
119008,2022-05-04,110.3532,0.0035731077488876384
119008,2022-05-05,110.5806,0.002060656147714779
119008,2022-05-07,112.7002,0.019167919146757972
119008,2022-05-08,113.6719,0.008621990023087722
119008,2022-05-09,109.9157,-0.03304422640951721
119008,2022-05-10,108.7575,-0.010537166210104698
119008,2022-05-12,109.6995,0.008661471622646744
119008,2022-06-01,108.931,-0.007005501392440272
119008,2022-06-04,109.3684,0.004015385886478651
119008,2022-06-05,111.6082,0.020479407214515355
119008,2022-06-06,117.4103,0.051986323585543115
119008,2022-06-07,112.2939,-0.043577096728311004
119008,2022-06-09,109.6452,-0.02358721177196621
119008,2022-06-10,109.8531,0.0018961158354400265
119008,2022-06-12,110.1692,0.0028774791061882965
119008,2022-07-01,109.2413,-0.00842249921030569
119008,2022-07-02,111.425,0.019989692543021853
119008,2022-07-03,108.8919,-0.02273367736145382
119008,2022-07-04,109.496,0.005547703731866083
119008,2022-07-06,116.7599,0.06633940965880036
119008,2022-07-07,112.3501,-0.037768103604062686
119008,2022-07-09,108.7417,-0.032117461399678304
119008,2022-07-10,110.0609,0.012131500611081147
119008,2022-07-11,105.7029,-0.03959625988884341
119008,2022-07-12,110.7609,0.047851099638704486
119008,2022-08-02,111.234,0.004271362908752074
119008,2022-08-03,108.9433,-0.02059352356293942
119008,2022-08-04,108.3602,-0.005352325475729058
119008,2022-08-06,114.3716,0.055476088084001285
119008,2022-08-07,111.0406,-0.029124363041174606
119008,2022-08-08,112.4338,0.012546762175276394
119008,2022-08-09,108.6072,-0.034034249487253865
119008,2022-08-11,107.0346,-0.014479703003115851
119008,2022-08-12,112.1677,0.04795738947966366
119008,2022-09-02,110.7315,-0.012804042518478997
119008,2022-09-03,108.6895,-0.01844100368910384
119008,2022-09-05,112.5883,0.035870990298050964
119008,2022-09-06,113.6565,0.009487664348782232
119008,2022-09-08,111.9977,-0.014594853791908058
119008,2022-09-09,109.8252,-0.019397719774602473
119008,2022-09-11,107.5285,-0.020912322490648783
119008,2022-09-12,112.8514,0.04950222499151402
119008,2022-10-01,109.5039,-0.029662901833738875
119008,2022-10-02,110.7644,0.011511005544094788
119008,2022-10-03,108.3394,-0.021893315902943522
119008,2022-10-05,112.4885,0.038297239969946384
119008,2022-10-06,111.742,-0.00663623392613466
119008,2022-10-08,112.4067,0.005948524279143053
119008,2022-10-10,109.9645,-0.021726462924363088
119008,2022-10-11,108.4425,-0.01384083044982709
119008,2022-11-01,108.7107,0.002473200082993454
119008,2022-11-02,111.2734,0.023573576474072766
119008,2022-11-03,109.1509,-0.01907463958142741
119008,2022-11-04,109.5061,0.003254210455433837
119008,2022-11-05,112.4692,0.027058766589258543
119008,2022-11-07,109.8485,-0.023301490541410397
119008,2022-11-08,111.8226,0.017971114762604712
119008,2022-11-10,109.2899,-0.022649267679342056
119008,2022-11-11,109.0531,-0.002166714399043257
119008,2022-12-01,108.2303,-0.007544948286660413
119008,2022-12-04,109.5784,0.012455846468133247
119008,2022-12-05,112.1765,0.023709964737576028
119008,2022-12-07,109.4998,-0.02386150396919151
119008,2022-12-08,111.0504,0.014160756458002632
119008,2022-12-09,109.0763,-0.017776613141420428
119008,2022-12-10,108.7824,-0.0026944441643144135
119008,2022-12-12,114.3201,0.050906212769712855
119008,2023-01-02,113.6765,-0.005629806132079973
119008,2023-01-03,121.3149,0.06719418701314694
119008,2023-01-05,140.5382,0.15845786461514622
119008,2023-01-06,142.2957,0.012505496726157084
119008,2023-01-08,154.8937,0.0885339472661506
119008,2023-01-09,154.0625,-0.005366260861481065
119008,2023-01-11,153.4854,-0.0037458823529411545
119008,2023-01-12,149.5843,-0.02541674973645691
119008,2023-02-01,119.3708,-0.201983095819548
119008,2023-02-02,112.5683,-0.056986298156668225
119008,2023-02-03,121.3459,0.07797577115404608
119008,2023-02-05,138.6183,0.1423402026768108
119008,2023-02-06,144.5341,0.04267690485311104
119008,2023-02-08,154.2278,0.06706860180400342
119008,2023-02-10,159.8122,0.03620877688717594
119008,2023-02-11,153.4474,-0.03982674664387331
119008,2023-03-01,118.2093,-0.22964286133228706
119008,2023-03-02,112.484,-0.04843358348285631
119008,2023-03-03,122.1012,0.08549838199210558
119008,2023-03-04,127.278,0.04239761771383077
119008,2023-03-05,139.3347,0.09472728986941958
119008,2023-03-07,149.9032,0.07584973448825028
119008,2023-03-08,154.9062,0.03337487125024685
119008,2023-03-10,158.5704,0.02365431467559076
119008,2023-03-11,151.8196,-0.04257288876108023
119008,2023-04-01,117.7433,-0.22445257397595564
119008,2023-04-04,128.0406,0.08745550702248028
119008,2023-04-05,140.7966,0.09962465030623102
119008,2023-04-07,149.4929,0.06176498580221379
119008,2023-04-08,153.9551,0.02984890921241079
119008,2023-04-09,154.9614,0.00653632130406856
119008,2023-04-10,156.9474,0.01281609484684565
119008,2023-04-12,150.3972,-0.0417350016629775
119008,2023-05-01,118.4927,-0.21213493336312117
119008,2023-05-04,128.9985,0.08866200196299023
119008,2023-05-05,140.6535,0.0903498877893929
119008,2023-05-06,144.0525,0.0241657690708017
119008,2023-05-07,148.2103,0.02886308811023741
119008,2023-05-09,155.2421,0.04744474574304225
119008,2023-05-10,156.8357,0.01026525665396183
119008,2023-05-12,151.0765,-0.03672123119927406
119008,2023-06-01,116.8147,-0.22678444364279027
119008,2023-06-02,113.5914,-0.02759327379174037
119008,2023-06-03,122.619,0.07947432640147056
119008,2023-06-04,128.8876,0.051122582960226426
119008,2023-06-06,143.6319,0.11439657500023293
119008,2023-06-07,148.7771,0.03582212586479727
119008,2023-06-09,154.8887,0.041078902599929856
119008,2023-06-10,155.2874,0.0025741064390105706
119008,2023-06-11,151.689,-0.023172517538448067
119008,2023-06-12,150.231,-0.009611771453434281
119008,2023-07-02,112.4857,-0.251248410780731
119008,2023-07-03,123.5389,0.09826315700573507
119008,2023-07-04,129.5035,0.04828114869081723
119008,2023-07-06,145.3546,0.12239900852100516
119008,2023-07-07,147.9205,0.01765269210606335
119008,2023-07-08,155.5497,0.05157635351421885
119008,2023-07-09,153.82,-0.01111991858550676
119008,2023-07-11,149.7572,-0.026412690157326613
119008,2023-07-12,149.3636,-0.0026282542675746257
119008,2023-08-02,113.4851,-0.2402091272572433
119008,2023-08-03,123.4604,0.08789964497541969
119008,2023-08-05,138.1648,0.11910215745291608
119008,2023-08-06,145.9327,0.05622198997139649
119008,2023-08-08,154.7419,0.06036481199895549
119008,2023-08-09,153.3846,-0.008771379955913594
119008,2023-08-11,151.9133,-0.009592227642149287
119008,2023-08-12,150.9881,-0.006090315989449202
119008,2023-09-01,115.5448,-0.23474234062154575
119008,2023-09-02,111.9937,-0.030733533659671353
119008,2023-09-03,124.4103,0.1108687363664207
119008,2023-09-05,136.5748,0.09777727406814396
119008,2023-09-06,146.8901,0.07552857481760888
119008,2023-09-08,154.5678,0.05226832849865315
119008,2023-09-10,155.7348,0.007550084817148139
119008,2023-09-11,152.172,-0.022877353038627257
119008,2023-10-01,115.2489,-0.24264056462424088
119008,2023-10-02,111.0221,-0.036675404277177526
119008,2023-10-03,125.3162,0.12875004165837245
119008,2023-10-04,130.5366,0.041657822372526354
119008,2023-10-05,137.1089,0.0503483314258224
119008,2023-10-07,146.3294,0.0672494637474299
119008,2023-10-08,153.5969,0.04966534407986378
119008,2023-10-10,154.8238,0.007987791420269508
119008,2023-10-11,152.2429,-0.016669917674156154
119008,2023-11-01,116.1517,-0.23706327191612864
119008,2023-11-04,130.7876,0.12600676529056387
119008,2023-11-05,137.1554,0.04868810193015238
119008,2023-11-07,147.2603,0.07367482432335892
119008,2023-11-08,153.8852,0.04498768507194395
119008,2023-11-09,154.1908,0.001985895979600416
119008,2023-11-10,155.1247,0.006056781597864491
119008,2023-11-12,150.6965,-0.028546066487155186
119008,2023-12-01,115.9991,-0.23024688695490603
119008,2023-12-04,133.4991,0.1508632394561682
119008,2023-12-05,138.6222,0.03837553961037932
119008,2023-12-06,145.7412,0.051355410605227636
119008,2023-12-07,148.1205,0.016325513993297625
119008,2023-12-09,155.3144,0.04856788898228137
119008,2023-12-10,154.9751,-0.0021846010415004224
119008,2023-12-12,150.8975,-0.026311323561010735
119008,2024-01-01,153.382,0.016464818833976658
119008,2024-01-02,160.0228,0.04329582349949779
119008,2024-01-03,154.5277,-0.03433948162386846
119008,2024-01-04,147.5952,-0.04486250685152249
119008,2024-01-05,144.5482,-0.02064430279575491
119008,2024-01-07,144.2186,-0.0022802082627110254
119008,2024-01-08,158.4386,0.09860031923760171
119008,2024-01-10,183.7463,0.15973190876465693
119008,2024-01-11,187.6024,0.02098600080654678
119008,2024-02-01,152.8863,-0.18505147055687976
119008,2024-02-02,160.616,0.05055848692786746
119008,2024-02-04,148.0581,-0.07818585944115164
119008,2024-02-05,143.9566,-0.027701962945627323
119008,2024-02-07,145.2961,0.009304887723105448
119008,2024-02-08,158.5176,0.09099693660050057
119008,2024-02-09,165.4768,0.04390174971107319
119008,2024-02-10,182.4148,0.10235875965694285
119008,2024-02-12,198.1414,0.08621339935136829
119008,2024-03-01,153.566,-0.22496762413104987
119008,2024-03-04,148.2084,-0.03488793092220932
119008,2024-03-05,145.204,-0.020271455599007893
119008,2024-03-06,143.1844,-0.013908707749097804
119008,2024-03-07,144.0771,0.00623461773768641
119008,2024-03-09,168.8748,0.17211409724376736
119008,2024-03-10,180.5106,0.06890193208222906
119008,2024-03-12,197.7835,0.095689117425791
119008,2024-04-01,154.0279,-0.22122977902605634
119008,2024-04-03,153.9635,-0.00041810607039360903
119008,2024-04-04,148.5631,-0.03507584589854096
119008,2024-04-06,142.2949,-0.042192172888153134
119008,2024-04-07,146.1724,0.02724974682859327
119008,2024-04-09,168.2154,0.1508013824771295
119008,2024-04-10,182.7013,0.086115183270973
119008,2024-04-11,188.2408,0.03031998130281499
119008,2024-04-12,194.1268,0.03126846039753328
119008,2024-05-01,153.6314,-0.20860283072713293
119008,2024-05-02,159.8051,0.04018514444312804
119008,2024-05-03,153.8705,-0.037136486883084574
119008,2024-05-04,148.2807,-0.03632795110173814
119008,2024-05-06,142.8056,-0.03692388827406401
119008,2024-05-07,145.9529,0.022039051689849654
119008,2024-05-08,160.1886,0.09753625998524185
119008,2024-05-09,169.3412,0.05713640046794821
119008,2024-05-11,189.2415,0.11751599728831508
119008,2024-05-12,194.2814,0.026632107650805814
119008,2024-06-02,158.9863,-0.18166999002477846
119008,2024-06-03,153.413,-0.03505522173923159
119008,2024-06-05,143.7186,-0.06319151571248849
119008,2024-06-06,143.2531,-0.0032389683729178165
119008,2024-06-08,161.582,0.12794766745012853
119008,2024-06-09,172.1036,0.06511616392915065
119008,2024-06-11,187.9088,0.09183538287403636
119008,2024-06-12,193.7706,0.03119492008889413
119008,2024-07-02,156.7223,-0.19119670373111308
119008,2024-07-03,151.2976,-0.03461345322267473
119008,2024-07-05,143.5913,-0.05093471409989314
119008,2024-07-06,143.6456,0.0003781566153382432
119008,2024-07-08,161.5413,0.1245823053403654
119008,2024-07-10,184.5014,0.1421314549282442
119008,2024-07-11,188.0826,0.019410150817283922
119008,2024-08-01,152.6303,-0.18849324711589488
119008,2024-08-02,156.2148,0.023484851959276742
119008,2024-08-03,152.2993,-0.025064846608644054
119008,2024-08-04,149.1523,-0.020663259778606946
119008,2024-08-05,144.7512,-0.029507422949562212
119008,2024-08-07,146.7003,0.013465173345713177
119008,2024-08-08,161.6809,0.10211703725213939
119008,2024-08-10,187.1085,0.15727027744155309
119008,2024-08-11,188.0339,0.004945793483460026
119008,2024-09-01,152.6295,-0.18828732478558374
119008,2024-09-02,155.6434,0.019746510340399537
119008,2024-09-04,148.706,-0.04457240075711544
119008,2024-09-05,143.9917,-0.03170215055209591
119008,2024-09-07,146.9735,0.020708138038511903
119008,2024-09-08,162.425,0.10513119712056951
119008,2024-09-09,173.3988,0.06756225950438655
119008,2024-09-10,187.068,0.07883099537021021
119008,2024-09-12,192.2917,0.027924070391515343
119008,2024-10-01,154.1052,-0.19858631443790864
119008,2024-10-04,146.8354,-0.04717426796759616
119008,2024-10-05,142.2856,-0.030985715978571915
119008,2024-10-06,143.8375,0.010906936471435147
119008,2024-10-07,147.1595,0.023095507082645295
119008,2024-10-09,173.8312,0.1812434807131038
119008,2024-10-10,189.0237,0.08739800450091817
119008,2024-10-12,192.0566,0.01604507794525234
119008,2024-11-01,154.3057,-0.19656132619238287
119008,2024-11-03,151.502,-0.018169775970686697
119008,2024-11-04,146.8064,-0.03099365024884171
119008,2024-11-06,144.2893,-0.017145710268762104
119008,2024-11-07,147.8769,0.024863936549695653
119008,2024-11-09,171.9124,0.16253721845670266
119008,2024-11-10,185.2405,0.07752843890260386
119008,2024-11-11,188.224,0.016106089111182387
119008,2024-11-12,191.4959,0.01738301173070389
119008,2024-12-01,154.4056,-0.19368717554788384
119008,2024-12-02,154.8778,0.0030581792370225624
119008,2024-12-03,152.1587,-0.017556421901654073
119008,2024-12-04,147.8092,-0.028585286283334455
119008,2024-12-06,145.3622,-0.016555126473859594
119008,2024-12-07,149.4986,0.02845581588611079
119008,2024-12-08,164.1277,0.09785442806822275
119008,2024-12-09,174.7916,0.06497318855988343
119008,2024-12-11,187.505,0.0727346165376368
119008,2024-12-12,191.8355,0.02309538412309009
119008,2025-01-01,203.4766,0.0606827203515512
119008,2025-01-04,193.4139,-0.04945384383265683
119008,2025-01-05,191.9435,-0.0076023491589798375
119008,2025-01-07,203.0388,0.057805031168026044
119008,2025-01-08,199.3965,-0.017938935809313272
119008,2025-01-09,209.3925,0.05013127111057614
119008,2025-01-10,203.8556,-0.02644268538749006
119008,2025-01-12,217.9788,0.06928041221335102
119008,2025-02-01,205.1534,-0.058837831935949714
119008,2025-02-04,194.441,-0.0522165365039039
119008,2025-02-05,193.211,-0.00632582634320944
119008,2025-02-06,193.6224,0.0021292783537167903
119008,2025-02-07,201.7125,0.041782872229659374
119008,2025-02-09,209.9244,0.04071091280907235
119008,2025-02-10,204.3536,-0.026537172429693667
119008,2025-02-12,216.949,0.06163532230408464
119008,2025-03-01,203.8849,-0.060217378277844236
119008,2025-03-02,204.1808,0.0014513090474086443
119008,2025-03-03,202.368,-0.008878405805051282
119008,2025-03-04,192.4395,-0.0490616105313092
119008,2025-03-06,191.7892,-0.0033792438662541002
119008,2025-03-07,202.2624,0.05460787155898261
119008,2025-03-09,207.9506,0.02812287404876046
119008,2025-03-10,203.6403,-0.020727518939594347
119008,2025-03-11,216.9764,0.06548851086941054
119008,2025-03-12,213.2903,-0.01698848354014537
119008,2025-04-02,202.2737,-0.05165073142097887
119008,2025-04-03,200.9229,-0.006678080244737705
119008,2025-04-04,193.4972,-0.03695795750509279
119008,2025-04-06,192.4922,-0.005193873606439747
119008,2025-04-07,200.2197,0.040144483776485496
119008,2025-04-08,200.2289,4.594952444758604e-05
119008,2025-04-09,208.485,0.04123330847844642
119008,2025-04-11,217.7676,0.04452406647960272
119008,2025-04-12,212.1087,-0.025985959343814202
119008,2025-05-02,205.1536,-0.032790262728497166
119008,2025-05-03,203.6292,-0.007430530100373645
119008,2025-05-05,195.1093,-0.041840266523661684
119008,2025-05-06,191.8736,-0.016584037767548687
119008,2025-05-08,202.5698,0.055746074499045006
119008,2025-05-09,210.8145,0.040700538777251216
119008,2025-05-11,219.0674,0.03914768671035418
119008,2025-05-12,211.7251,-0.033516168996391094
119008,2025-06-01,204.4995,-0.034127271636664624
119008,2025-06-02,202.2539,-0.010980955943657666
119008,2025-06-03,203.0341,0.0038575275927930086
119008,2025-06-05,194.5336,-0.041867351346399406
119008,2025-06-06,194.2799,-0.0013041448880810602
119008,2025-06-08,205.6022,0.05827828818112435
119008,2025-06-10,202.9459,-0.012919608836870489
119008,2025-06-11,215.7595,0.06313800870084108
119008,2025-07-01,205.9366,-0.04552707992000349
119008,2025-07-02,201.6579,-0.020776782757411683
119008,2025-07-03,201.9508,0.0014524598342042783
119008,2025-07-04,193.6455,-0.04112536320727622
119008,2025-07-05,190.9919,-0.01370339099023743
119008,2025-07-07,199.1435,0.042680344035532336
119008,2025-07-08,203.7287,0.02302460286175556
119008,2025-07-10,205.5367,0.00887454737599569
119008,2025-07-11,216.6449,0.054044849411321705
119008,2025-08-01,208.4251,-0.03794135010794175
119008,2025-08-04,191.528,-0.08107037012336804
119008,2025-08-05,192.6307,0.005757382732550775
119008,2025-08-07,198.9497,0.03280370159066037
119008,2025-08-08,203.6242,0.023495888659294195
119008,2025-08-09,208.0823,0.021893763118529197
119008,2025-08-10,207.1237,-0.004606831047138549
119008,2025-08-12,211.1365,0.019373929685497115
119008,2025-09-01,208.9088,-0.010550994262005897
119008,2025-09-04,192.6621,-0.07776934241161693
119008,2025-09-05,193.2609,0.003108032145398454
119008,2025-09-06,192.905,-0.0018415520159534848
119008,2025-09-07,200.8541,0.041207330032917655
119008,2025-09-09,206.6721,0.028966299418334174
119008,2025-09-10,206.1102,-0.002718799489626389
119008,2025-09-12,212.4427,0.030723855490897733
119008,2025-10-01,208.7726,-0.017275717169853322
119008,2025-10-02,201.322,-0.035687633338857716
119008,2025-10-03,199.9807,-0.0066624611319179294
119008,2025-10-04,191.3622,-0.04309665882757696
119008,2025-10-06,194.4686,0.016233090965718455
119008,2025-10-07,201.7868,0.037631782200314046
119008,2025-10-09,208.1886,0.03172556381289571
119008,2025-10-10,208.4202,0.0011124528432391312
119008,2025-10-11,216.866,0.04052294355345598
119008,2025-10-12,208.7342,-0.03749688747890412
119008,2025-11-02,199.8188,-0.04271173578646903
119008,2025-11-03,197.8721,-0.009742326547852453
119008,2025-11-04,191.2079,-0.03367933124477884
119008,2025-11-06,193.5401,0.012197194781177867
119008,2025-11-07,201.9362,0.04338170746010794
119008,2025-11-08,203.5404,0.00794409323340739
119008,2025-11-09,207.4442,0.01917948476076492
119008,2025-11-11,217.602,0.0489664208495586
119008,2025-11-12,207.5321,-0.04627668863337653
119008,2025-12-02,200.0648,-0.03598142166922624
119008,2025-12-03,195.7393,-0.02162049495963314
119008,2025-12-05,193.6248,-0.010802633911534354
119008,2025-12-06,194.0273,0.0020787626378440116
119008,2025-12-08,202.4649,0.04348666399006729
119008,2025-12-09,208.2203,0.02842665568204672
119008,2025-12-11,216.7723,0.041071883961361966
119008,2025-12-12,208.9403,-0.03613007750529007
119008,2026-01-01,205.7997,-0.015031087827479972
119008,2026-01-04,219.0545,0.06440631351746373
119008,2026-01-05,223.0927,0.0184346817801051
119008,2026-02-01,207.6395,-0.06926806659294549
119008,2026-02-02,214.3792,0.032458660322337574
119008,2026-02-03,220.1952,0.027129497637830458
119008,2026-02-04,223.0788,0.013095653311243849
119008,2026-03-02,215.4328,-0.03427488403201029
119008,2026-03-03,218.1391,0.012562153952415889
119008,2026-03-04,222.097,0.01814392742979143
119008,2026-04-02,217.4985,-0.02070491722085399
119008,2026-04-03,217.9305,0.0019862205946248324
119008,2026-04-05,221.3313,0.015604974980555797
119008,2026-05-01,206.4705,-0.0671427854984813
119008,2026-05-02,218.8214,0.05981919935293423
119008,2026-05-03,216.8806,-0.008869333620934783
119008,2026-05-05,220.2297,0.015442137286599378
119008,2026-06-01,206.3262,-0.06313181192182526
119008,2026-06-02,219.2713,0.06274094128617702
119008,2026-06-03,216.9703,-0.010493849400263433
119008,2026-06-04,220.1276,0.014551761231836657
119008,2026-06-05,221.9508,0.008282468895313366
119008,2026-07-01,205.4476,-0.07435521746260876
119008,2026-07-04,221.4826,0.07804909865094545
119008,2026-07-05,220.654,-0.0037411516751202356
119008,2026-08-01,205.4933,-0.0687080225148875
119008,2026-08-04,219.901,0.07011274820152291
119008,2026-08-05,221.615,0.007794416578369434
119008,2026-09-01,205.6885,-0.07186562281434017
119008,2026-09-02,218.8063,0.06377507736212773
119008,2026-09-03,216.1768,-0.012017478472969079
119008,2026-09-04,219.303,0.014461311297049528
119008,2026-10-02,218.3227,-0.004470071088858774
119008,2026-10-03,216.2053,-0.00969848760573222
119008,2026-10-04,219.6137,0.01576464591756066
119008,2026-11-02,217.855,-0.008008152496861598
119008,2026-11-03,217.3383,-0.0023717610337150585
119008,2026-11-05,223.1964,0.026953831883289814
119008,2026-12-01,205.7705,-0.07807428793654381
119008,2026-12-02,215.6845,0.04817988973152132
119008,2026-12-03,215.7638,0.00036766666125753744
119008,2026-12-05,220.359,0.021297363135057923
119009,2022-01-02,100.2358,
119009,2022-01-03,104.0914,0.038465298825369754
119009,2022-01-04,102.5908,-0.014416176552529691
119009,2022-01-06,102.0751,-0.005026766532671534
119009,2022-01-07,101.4129,-0.006487380369943452
119009,2022-01-08,98.3158,-0.030539507301339364
119009,2022-01-09,99.5717,0.012774142101269703
119009,2022-01-11,102.6228,0.030642240716990843
119009,2022-01-12,113.5272,0.10625708906792641
119009,2022-02-02,98.4231,-0.13304388727987648
119009,2022-02-03,104.094,0.05761757148474289
119009,2022-02-05,98.5667,-0.05309912194747057
119009,2022-02-06,101.6208,0.030985109575546455
119009,2022-02-08,97.7432,-0.03815754255034398
119009,2022-02-09,100.2192,0.025331685477864463
119009,2022-02-11,102.1685,0.019450364800357445
119009,2022-02-12,112.8719,0.10476223102032423
119009,2022-03-01,102.1351,-0.09512376419640323
119009,2022-03-02,100.1239,-0.019691565387413235
119009,2022-03-03,104.3743,0.04245140271203973
119009,2022-03-05,99.5918,-0.04582066658171602
119009,2022-03-06,102.3336,0.027530379007107086
119009,2022-03-08,98.7221,-0.035291438979963674
119009,2022-03-10,99.6451,0.009349476966150405
119009,2022-03-11,102.0241,0.023874731421816175
119009,2022-04-01,101.5851,-0.004302904901881122
119009,2022-04-02,99.8631,-0.016951304866560046
119009,2022-04-03,105.3144,0.05458773060319588
119009,2022-04-04,102.4328,-0.02736188023670083
119009,2022-04-05,99.2349,-0.03121949219390663
119009,2022-04-07,100.2964,0.01069684153458117
119009,2022-04-08,98.7153,-0.015764274689819446
119009,2022-04-10,100.0661,0.013683795723661962
119009,2022-04-11,103.5308,0.03462411346100214
119009,2022-05-01,101.4488,-0.02010995761647738
119009,2022-05-04,100.1974,-0.012335286371056187
119009,2022-05-05,100.758,0.005594955557729042
119009,2022-05-07,100.1343,-0.0061900791996665205
119009,2022-05-08,99.4329,-0.00700459283182675
119009,2022-05-09,101.5861,0.02165480439572809
119009,2022-05-10,99.8525,-0.017065326850819074
119009,2022-05-12,113.991,0.14159385093012178
119009,2022-06-01,101.0127,-0.1138537252941022
119009,2022-06-04,100.8633,-0.0014790219447653463
119009,2022-06-05,101.1039,0.0023854067832402848
119009,2022-06-06,101.7769,0.006656518690179025
119009,2022-06-07,99.4264,-0.02309463149300084
119009,2022-06-09,101.2211,0.01805053788531019
119009,2022-06-10,99.4302,-0.01769295137081106
119009,2022-06-12,113.7966,0.1444872885702735
119009,2022-07-01,101.6062,-0.107124465933077
119009,2022-07-02,98.2216,-0.0333109593705897
119009,2022-07-03,105.3657,0.07273451053536095
119009,2022-07-04,101.8446,-0.0334178959566539
119009,2022-07-06,102.1266,0.0027689244201458685
119009,2022-07-07,99.4134,-0.026567025632890928
119009,2022-07-09,100.9304,0.015259512299146794
119009,2022-07-10,101.0458,0.0011433621584775455
119009,2022-07-11,103.2946,0.022255254547937753
119009,2022-07-12,113.3702,0.097542369107388
119009,2022-08-02,98.0475,-0.13515632855900406
119009,2022-08-03,104.7254,0.06810882480430402
119009,2022-08-04,102.9785,-0.01668076703454935
119009,2022-08-06,102.7842,-0.0018868016139290678
119009,2022-08-07,98.8944,-0.037844337942991135
119009,2022-08-08,98.8643,-0.0003043650601045611
119009,2022-08-09,99.8863,0.010337401873072638
119009,2022-08-11,104.3422,0.04460972125306473
119009,2022-08-12,113.7802,0.090452376890654
119009,2022-09-02,99.3835,-0.1265308023715901
119009,2022-09-03,104.2643,0.049110767884005035
119009,2022-09-05,101.3552,-0.027901208755058193
119009,2022-09-06,100.6486,-0.006971521934740377
119009,2022-09-08,97.3502,-0.03277144441154667
119009,2022-09-09,100.3446,0.030759053396911318
119009,2022-09-11,104.7095,0.043499102094183506
119009,2022-09-12,113.4046,0.08304022080135987
119009,2022-10-01,101.6737,-0.1034428938508668
119009,2022-10-02,100.9415,-0.007201469013127237
119009,2022-10-03,105.0665,0.04086525363700755
119009,2022-10-05,101.9289,-0.029862991533933347
119009,2022-10-06,101.3901,-0.0052860376203411885
119009,2022-10-08,96.107,-0.05210666524640972
119009,2022-10-10,100.644,0.04720779963998467
119009,2022-10-11,104.2902,0.03622868725408357
119009,2022-11-01,101.5365,-0.026404206723162793
119009,2022-11-02,101.031,-0.0049785052665789475
119009,2022-11-03,104.4288,0.03363126169195585
119009,2022-11-04,101.9698,-0.023547144082858296
119009,2022-11-05,102.7668,0.007816039650955453
119009,2022-11-07,98.8022,-0.038578607098790685
119009,2022-11-08,98.0717,-0.00739356006242764
119009,2022-11-10,101.2246,0.03214892777427125
119009,2022-11-11,104.6188,0.03353137478439039
119009,2022-12-01,101.5206,-0.029614180242939048
119009,2022-12-04,100.449,-0.010555493170844144
119009,2022-12-05,102.4362,0.019783173550757205
119009,2022-12-07,98.0244,-0.04306875889578099
119009,2022-12-08,97.6438,-0.003882706754644749
119009,2022-12-09,99.8691,0.022789977448645082
119009,2022-12-10,101.585,0.017181490571157587
119009,2022-12-12,113.4235,0.11653787468622356
119009,2023-01-02,123.4197,0.08813164820341468
119009,2023-01-03,123.2489,-0.001383895763804266
119009,2023-01-05,130.9939,0.06284031743893848
119009,2023-01-06,129.3109,-0.01284792650650135
119009,2023-01-08,127.2341,-0.01606051771351069
119009,2023-01-09,122.2023,-0.03954757411731602
119009,2023-01-11,118.9223,-0.02684073867676784
119009,2023-01-12,122.6343,0.031213657993496513
119009,2023-02-01,117.7315,-0.03997902707480694
119009,2023-02-02,124.0376,0.053563404866157294
119009,2023-02-03,122.7217,-0.01060887988803394
119009,2023-02-05,129.5402,0.055560671014172724
119009,2023-02-06,129.9279,0.002992893325778345
119009,2023-02-08,127.4752,-0.01887739276937439
119009,2023-02-10,119.3372,-0.0638398684606889
119009,2023-02-11,118.282,-0.008842171594439896
119009,2023-03-01,117.973,-0.0026124008724911496
119009,2023-03-02,124.3723,0.05424376764174843
119009,2023-03-03,121.4515,-0.02348432890603458
119009,2023-03-04,124.1245,0.02200878539993334
119009,2023-03-05,130.7287,0.053206256621376236
119009,2023-03-07,133.4202,0.020588440028853627
119009,2023-03-08,127.3552,-0.0454578841884512
119009,2023-03-10,120.8589,-0.051009303114438964
119009,2023-03-11,118.73,-0.017614755719272623
119009,2023-04-01,119.9952,0.010656110502821559
119009,2023-04-04,124.6696,0.03895489152899456
119009,2023-04-05,130.3706,0.045728870550639344
119009,2023-04-07,134.2113,0.02945986288319613
119009,2023-04-08,127.0153,-0.05361694581603782
119009,2023-04-09,123.067,-0.031085231464240914
119009,2023-04-10,119.6012,-0.028161895552828886
119009,2023-04-12,123.3348,0.031217078089517347
119009,2023-05-01,120.3331,-0.024337818685399415
119009,2023-05-04,124.5698,0.03520810151155418
119009,2023-05-05,131.3706,0.05459429171436403
119009,2023-05-06,130.1301,-0.009442752031276425
119009,2023-05-07,134.3419,0.03236607057091345
119009,2023-05-09,122.7717,-0.08612502875126826
119009,2023-05-10,118.3137,-0.036311299753933546
119009,2023-05-12,124.5407,0.05263126755396885
119009,2023-06-01,120.1983,-0.03486731646762864
119009,2023-06-02,121.983,0.0148479637399197
119009,2023-06-03,121.5791,-0.0033111171228777936
119009,2023-06-04,125.4613,0.03193147506438199
119009,2023-06-06,130.9874,0.04404625171267962
119009,2023-06-07,132.5038,0.011576686001859793
119009,2023-06-09,122.9293,-0.07225830504483655
119009,2023-06-10,119.4663,-0.028170663950742414
119009,2023-06-11,117.3268,-0.017908816126388727
119009,2023-06-12,125.1392,0.06658666221187315
119009,2023-07-02,123.117,-0.01615960466424593
119009,2023-07-03,121.4943,-0.013180145715051661
119009,2023-07-04,126.0089,0.037158944905234303
119009,2023-07-06,131.6153,0.04449209539961063
119009,2023-07-07,132.9621,0.010232852867409825
119009,2023-07-08,128.0938,-0.03661419306704694
119009,2023-07-09,122.0843,-0.046914838969567496
119009,2023-07-11,116.3694,-0.04681109692237251
119009,2023-07-12,124.3797,0.06883510613614918
119009,2023-08-02,124.0112,-0.002962702112965343
119009,2023-08-03,122.0095,-0.016141284013056922
119009,2023-08-05,131.3464,0.07652600822067113
119009,2023-08-06,131.6913,0.0026258808768266917
119009,2023-08-08,128.7061,-0.02266816410803163
119009,2023-08-09,121.7362,-0.054153610434936605
119009,2023-08-11,116.942,-0.03938187654945702
119009,2023-08-12,126.085,0.07818405705392428
119009,2023-09-01,121.9788,-0.032566919141848616
119009,2023-09-02,123.5121,0.012570217119696192
119009,2023-09-03,120.4832,-0.024523103404443858
119009,2023-09-05,129.4637,0.07453736288544777
119009,2023-09-06,132.1514,0.020760259439518647
119009,2023-09-08,126.971,-0.03920049276814319
119009,2023-09-10,120.4736,-0.05117231493805674
119009,2023-09-11,116.9252,-0.02945375584360388
119009,2023-10-01,121.9035,0.04257679268455372
119009,2023-10-02,123.8418,0.015900281780260705
119009,2023-10-03,120.5212,-0.02681324076361946
119009,2023-10-04,126.8958,0.05289193934345171
119009,2023-10-05,129.0167,0.016713713141017994
119009,2023-10-07,133.1391,0.031952452666980546
119009,2023-10-08,126.3175,-0.051236638973825244
119009,2023-10-10,119.9296,-0.05057019019534115
119009,2023-10-11,115.9368,-0.03329286514755314
119009,2023-11-01,120.305,0.037677424251833846
119009,2023-11-04,127.0361,0.05595029300527821
119009,2023-11-05,128.5231,0.011705334153047753
119009,2023-11-07,132.2665,0.029126281578953472
119009,2023-11-08,125.9191,-0.04798947579319035
119009,2023-11-09,121.2225,-0.037298551212643694
119009,2023-11-10,116.8743,-0.03586957866732654
119009,2023-11-12,126.6585,0.08371558161203962
119009,2023-12-01,118.8859,-0.06136658810897011
119009,2023-12-04,126.8444,0.06694233714847586
119009,2023-12-05,128.5619,0.013540211471692931
119009,2023-12-06,131.5805,0.023479740109628056
119009,2023-12-07,132.492,0.006927318257644588
119009,2023-12-09,119.9798,-0.09443739999396183
119009,2023-12-10,116.999,-0.024844182103987533
119009,2023-12-12,127.3063,0.08809733416524934
119009,2024-01-01,134.6196,0.05744648929393126
119009,2024-01-02,135.3151,0.005166409646143677
119009,2024-01-03,132.0487,-0.02413921284468623
119009,2024-01-04,135.0057,0.022393253398178103
119009,2024-01-05,142.4214,0.05492879189545352
119009,2024-01-07,138.8441,-0.02511771405139962
119009,2024-01-08,134.1191,-0.03403097430859503
119009,2024-01-10,130.3257,-0.028283816399006456
119009,2024-01-11,121.2895,-0.0693355186275616
119009,2024-02-01,134.3909,0.10801759426825885
119009,2024-02-02,135.2066,0.0060696073915720294
119009,2024-02-04,137.0952,0.013968253029068123
119009,2024-02-05,143.976,0.05018994100449903
119009,2024-02-07,138.0155,-0.04139926098794244
119009,2024-02-08,132.8387,-0.03750883052990439
119009,2024-02-09,129.8103,-0.022797573297540397
119009,2024-02-10,128.8606,-0.007316060435882288
119009,2024-02-12,122.6463,-0.048224981103611286
119009,2024-03-01,134.3112,0.09511008485376249
119009,2024-03-04,134.3209,7.222033605525091e-05
119009,2024-03-05,145.3245,0.08192023728250786
119009,2024-03-06,140.3078,-0.03452067614201326
119009,2024-03-07,140.3771,0.0004939140945836584
119009,2024-03-09,129.9278,-0.07443735481072067
119009,2024-03-10,130.1683,0.0018510280324919304
119009,2024-03-12,122.4612,-0.05920873207993027
119009,2024-04-01,136.1244,0.11157166514781824
119009,2024-04-03,130.067,-0.04449900238311433
119009,2024-04-04,135.1873,0.039366634119338384
119009,2024-04-06,141.2943,0.04517436179286061
119009,2024-04-07,141.3951,0.0007134045747070328
119009,2024-04-09,129.4528,-0.08446049403409328
119009,2024-04-10,129.204,-0.0019219360261036877
119009,2024-04-11,120.9984,-0.0635088696944367
119009,2024-04-12,123.5691,0.021245735480799777
119009,2024-05-01,134.7994,0.09088275305072213
119009,2024-05-02,135.32,0.0038620349942211085
119009,2024-05-03,130.4263,-0.036163907774164894
119009,2024-05-04,135.7515,0.04082918859156481
119009,2024-05-06,141.4112,0.041691620350419845
119009,2024-05-07,140.2404,-0.008279400782964963
119009,2024-05-08,132.2267,-0.0571425922915223
119009,2024-05-09,128.2638,-0.029970497637769045
119009,2024-05-11,122.1558,-0.047620606905455776
119009,2024-05-12,123.4023,0.010204181872657703
119009,2024-06-02,136.4016,0.10534082427961233
119009,2024-06-03,129.915,-0.04755516064327703
119009,2024-06-05,144.5602,0.1127290920986801
119009,2024-06-06,139.9196,-0.032101505116899465
119009,2024-06-08,132.9048,-0.05013450581619738
119009,2024-06-09,130.3274,-0.019392828550962693
119009,2024-06-11,122.7386,-0.0582287377788554
119009,2024-06-12,123.0155,0.0022560140004854734
119009,2024-07-02,136.7214,0.11141604106799541
119009,2024-07-03,131.6348,-0.03720412459205347
119009,2024-07-05,143.3395,0.08891797609750585
119009,2024-07-06,139.5803,-0.026225848422800402
119009,2024-07-08,131.3848,-0.058715305813212715
119009,2024-07-10,129.6141,-0.013477205886830212
119009,2024-07-11,123.5969,-0.046423961590598584
119009,2024-08-01,136.191,0.1018965686032578
119009,2024-08-02,136.6773,0.0035707205321937607
119009,2024-08-03,132.071,-0.03370201196541056
119009,2024-08-04,136.2945,0.0319790112893823
119009,2024-08-05,143.5894,0.053523069529584966
119009,2024-08-07,140.5518,-0.021154764906044732
119009,2024-08-08,131.5516,-0.06403475444640327
119009,2024-08-10,128.4808,-0.02334293159490286
119009,2024-08-11,124.0763,-0.034281386790866675
119009,2024-09-01,136.2658,0.09824196885303649
119009,2024-09-02,136.5796,0.00230285221970572
119009,2024-09-04,136.614,0.00025186777527541615
119009,2024-09-05,142.2249,0.04107119328912101
119009,2024-09-07,139.4913,-0.01922026311848346
119009,2024-09-08,131.6364,-0.0563110387529544
119009,2024-09-09,130.0799,-0.011824237065127918
119009,2024-09-10,128.7432,-0.010275991909587945
119009,2024-09-12,122.792,-0.04622535403811623
119009,2024-10-01,135.4165,0.10281207244771662
119009,2024-10-04,136.9336,0.01120321378857092
119009,2024-10-05,138.9797,0.014942278593420344
119009,2024-10-06,140.6404,0.011949227117341588
119009,2024-10-07,141.1053,0.00330559355633242
119009,2024-10-09,130.8399,-0.07274992505596889
119009,2024-10-10,126.2115,-0.035374530246507385
119009,2024-10-12,122.5954,-0.028651113408841522
119009,2024-11-01,133.9024,0.09223021418421906
119009,2024-11-03,130.8832,-0.022547766134139557
119009,2024-11-04,137.3596,0.049482286496662864
119009,2024-11-06,140.4045,0.022167362164712268
119009,2024-11-07,138.6024,-0.012835058705383595
119009,2024-11-09,131.1009,-0.0541224394382781
119009,2024-11-10,125.5874,-0.04205539397517477
119009,2024-11-11,124.5794,-0.008026282891436476
119009,2024-11-12,121.6748,-0.02331525115709343
119009,2024-12-01,135.5447,0.11399155782462755
119009,2024-12-02,137.8135,0.01673838962349694
119009,2024-12-03,129.1681,-0.06273260602190633
119009,2024-12-04,138.4128,0.07157107675966423
119009,2024-12-06,141.7965,0.024446438479678312
119009,2024-12-07,138.9658,-0.01996311615589952
119009,2024-12-08,128.9675,-0.07194791812086143
119009,2024-12-09,130.6361,0.012938143330684104
119009,2024-12-11,122.3476,-0.063447240081417
119009,2024-12-12,123.3586,0.008263341495869048
119009,2025-01-01,122.5494,-0.006559737221401574
119009,2025-01-04,137.7274,0.12385209556309529
119009,2025-01-05,140.8583,0.02273258625371577
119009,2025-01-07,142.229,0.009731055961913482
119009,2025-01-08,143.965,0.012205668323618912
119009,2025-01-09,141.2395,-0.01893168478449636
119009,2025-01-10,155.1606,0.09856378704257662
119009,2025-01-12,170.8636,0.10120481617111565
119009,2025-02-01,120.6305,-0.2939953272668959
119009,2025-02-04,137.7338,0.14178255084742264
119009,2025-02-05,140.1467,0.017518575687304194
119009,2025-02-06,142.758,0.0186326185347212
119009,2025-02-07,140.658,-0.014710208884966325
119009,2025-02-09,143.7484,0.021971021911302735
119009,2025-02-10,154.855,0.07726416433156813
119009,2025-02-12,171.1007,0.10490910852087443
119009,2025-03-01,119.0572,-0.30416883157111574
119009,2025-03-02,132.5032,0.11293731080522629
119009,2025-03-03,131.3239,-0.008900162411171864
119009,2025-03-04,138.2762,0.0529400969663556
119009,2025-03-06,142.2394,0.028661476089160587
119009,2025-03-07,142.2974,0.00040776324984515
119009,2025-03-09,145.2198,0.020537269127896884
119009,2025-03-10,156.8319,0.0799622365545194
119009,2025-03-11,164.4111,0.04832690288136532
119009,2025-03-12,171.8382,0.04517395723281448
119009,2025-04-02,133.3855,-0.22377271177188773
119009,2025-04-03,131.9746,-0.010577611509496876
119009,2025-04-04,138.2145,0.047281067720606584
119009,2025-04-06,142.5634,0.03146486077799371
119009,2025-04-07,141.5176,-0.007335683632685663
119009,2025-04-08,144.1039,0.018275465383811085
119009,2025-04-09,145.968,0.012935805346003582
119009,2025-04-11,166.0997,0.13791858489531972
119009,2025-04-12,170.3354,0.02550094912874612
119009,2025-05-02,132.3365,-0.22308281191108836
119009,2025-05-03,133.0749,0.005579715346861969
119009,2025-05-05,139.0966,0.04525045669769412
119009,2025-05-06,141.4218,0.016716440229308294
119009,2025-05-08,143.6154,0.015511045680368873
119009,2025-05-09,148.142,0.03151890396155288
119009,2025-05-11,166.9937,0.1272542560516261
119009,2025-05-12,168.13,0.00680444831152327
119009,2025-06-01,120.8266,-0.2813501457205734
119009,2025-06-02,131.2577,0.08633115555680626
119009,2025-06-03,135.1612,0.029739207680768542
119009,2025-06-05,139.0969,0.0291185636114506
119009,2025-06-06,141.3686,0.01633178021940096
119009,2025-06-08,144.9546,0.025366311896701355
119009,2025-06-10,157.802,0.08863050913872339
119009,2025-06-11,168.481,0.06767341351820644
119009,2025-07-01,122.375,-0.2736569702221615
119009,2025-07-02,131.1632,0.07181368743615923
119009,2025-07-03,136.3799,0.039772588652914775
119009,2025-07-04,138.1586,0.013042244494973376
119009,2025-07-05,141.815,0.026465236329841213
119009,2025-07-07,141.8433,0.00019955575926378089
119009,2025-07-08,144.3827,0.017902854770017296
119009,2025-07-10,155.9369,0.08002482291853541
119009,2025-07-11,169.3943,0.08630029197707523
119009,2025-08-01,121.8677,-0.2805678821542401
119009,2025-08-04,137.6749,0.1297078717330351
119009,2025-08-05,141.5841,0.02839442774245704
119009,2025-08-07,141.3008,-0.002000930895488917
119009,2025-08-08,144.5829,0.023227752426030035
119009,2025-08-09,148.1182,0.024451715935978724
119009,2025-08-10,154.3304,0.04194082833844859
119009,2025-08-12,166.9475,0.08175382167090861
119009,2025-09-01,122.893,-0.2638823582263885
119009,2025-09-04,137.1159,0.11573401251495219
119009,2025-09-05,141.409,0.03131000854022026
119009,2025-09-06,141.8653,0.003226810174741246
119009,2025-09-07,141.0005,-0.006095923386480018
119009,2025-09-09,148.1064,0.050396275190513595
119009,2025-09-10,153.6576,0.037481162191505435
119009,2025-09-12,168.1919,0.09458887812903494
119009,2025-10-01,123.961,-0.26297877602904784
119009,2025-10-02,130.8204,0.0553351457313187
119009,2025-10-03,136.9262,0.046673148836114065
119009,2025-10-04,139.0339,0.01539296350880992
119009,2025-10-06,142.0677,0.02182057757136935
119009,2025-10-07,140.164,-0.013399949460714988
119009,2025-10-09,146.9179,0.04818569675522966
119009,2025-10-10,153.8185,0.04696908953912349
119009,2025-10-11,169.7214,0.10338743389124194
119009,2025-10-12,168.7646,-0.005637474119350783
119009,2025-11-02,130.7106,-0.22548567649850737
119009,2025-11-03,135.5065,0.03669097992052661
119009,2025-11-04,138.4763,0.02191629183839905
119009,2025-11-06,141.637,0.022824844395755717
119009,2025-11-07,140.5552,-0.007637834746570316
119009,2025-11-08,147.1917,0.047216324974102664
119009,2025-11-09,148.4819,0.008765439899124816
119009,2025-11-11,170.2244,0.1464319893535846
119009,2025-11-12,168.2915,-0.011355011384971747
119009,2025-12-02,130.264,-0.22596209553067148
119009,2025-12-03,132.9446,0.020578210403488395
119009,2025-12-05,140.2064,0.05462275263530825
119009,2025-12-06,142.1984,0.014207625329514029
119009,2025-12-08,146.1263,0.027622673672840214
119009,2025-12-09,150.8689,0.03245548542596377
119009,2025-12-11,171.1009,0.13410318495064266
119009,2025-12-12,171.012,-0.0005195764604394304
119009,2026-01-01,171.576,0.003298014174443864
119009,2026-01-04,182.2531,0.06222956590665363
119009,2026-01-05,194.4954,0.06717197128608521
119009,2026-02-01,171.6501,-0.11745933322844648
119009,2026-02-02,170.3007,-0.007861341181857773
119009,2026-02-03,170.7605,0.0026999301823187327
119009,2026-02-04,180.9625,0.05974449594607645
119009,2026-03-02,167.9191,-0.07207791669544805
119009,2026-03-03,170.0535,0.012710882800110568
119009,2026-03-04,180.1715,0.05949892239795118
119009,2026-04-02,167.8326,-0.06848419422605678
119009,2026-04-03,171.8472,0.023920263405321496
119009,2026-04-05,195.7278,0.1389641495468068
119009,2026-05-01,173.1647,-0.11527795233993332
119009,2026-05-02,167.458,-0.032955330965260266
119009,2026-05-03,172.2603,0.02867763857205996
119009,2026-05-05,194.5606,0.12945699038025582
119009,2026-06-01,173.4222,-0.10864686889329078
119009,2026-06-02,166.8098,-0.038128913137995046
119009,2026-06-03,171.8657,0.030309370312775474
119009,2026-06-04,178.4499,0.03831014565442681
119009,2026-06-05,193.7713,0.08585827170539173
119009,2026-07-01,171.5011,-0.11493033282018539
119009,2026-07-04,178.9326,0.04333208358430363
119009,2026-07-05,191.6416,0.07102674414835541
119009,2026-08-01,170.8916,-0.10827503005610473
119009,2026-08-04,179.4335,0.04998431754398691
119009,2026-08-05,191.5239,0.06738095171748859
119009,2026-09-01,169.3813,-0.1156127250959279
119009,2026-09-02,167.0803,-0.013584734560426748
119009,2026-09-03,170.4878,0.02039438521477388
119009,2026-09-04,181.0646,0.06203845671068553
119009,2026-10-02,168.755,-0.06798457567078275
119009,2026-10-03,171.714,0.017534295280139833
119009,2026-10-04,180.8335,0.053108657418731164
119009,2026-11-02,169.4388,-0.06301210782294209
119009,2026-11-03,171.7121,0.013416643649506454
119009,2026-11-05,188.6226,0.09848170280370461
119009,2026-12-01,170.2154,-0.09758745770655275
119009,2026-12-02,170.3891,0.001020471708200521
119009,2026-12-03,172.1521,0.010346905993399602
119009,2026-12-05,188.2504,0.09351207449691312
119092,2022-01-02,4566.4331,
119092,2022-01-03,4204.6389,-0.07922905954759307
119092,2022-01-04,4403.6954,0.047342115395450524
119092,2022-01-06,4482.4547,0.017884820099046905
119092,2022-01-07,4824.4686,0.07630058146488339
119092,2022-01-08,4874.5723,0.010385330313891883
119092,2022-01-09,4833.0676,-0.008514531623625587
119092,2022-01-11,4163.0564,-0.13863062871291099
119092,2022-01-12,4120.4725,-0.01022899905944119
119092,2022-02-02,4519.8649,0.09692878668647831
119092,2022-02-03,4195.1453,-0.07184276680482182
119092,2022-02-05,4485.8289,0.06929047248971343
119092,2022-02-06,4535.8552,0.011152074926442213
119092,2022-02-08,4861.7747,0.07185403537573243
119092,2022-02-09,4700.6716,-0.03313668566336492
119092,2022-02-11,4121.2458,-0.12326447140021435
119092,2022-02-12,4090.0051,-0.007580402023096955
119092,2022-03-01,4493.8191,0.09873190622671846
119092,2022-03-02,4563.7598,0.015563755114218925
119092,2022-03-03,4266.9591,-0.0650342509261771
119092,2022-03-05,4444.9915,0.04172348406151816
119092,2022-03-06,4535.7876,0.02042660823985809
119092,2022-03-08,4850.1989,0.0693179063322984
119092,2022-03-10,4401.7505,-0.09245979582404351
119092,2022-03-11,4154.1386,-0.056253052052813945
119092,2022-04-01,4546.3956,0.09442559282928098
119092,2022-04-02,4585.3237,0.008562409307276253
119092,2022-04-03,4301.5124,-0.0618955865645866
119092,2022-04-04,4397.341,0.02227788533168029
119092,2022-04-05,4396.3155,-0.00023320911432622715
119092,2022-04-07,4757.8062,0.08222583206323586
119092,2022-04-08,4828.6998,0.014900480814035832
119092,2022-04-10,4429.412,-0.08269054125087671
119092,2022-04-11,4142.0746,-0.06487032590330277
119092,2022-05-01,4637.6454,0.1196431372819795
119092,2022-05-04,4365.4603,-0.058690364726893596
119092,2022-05-05,4322.1354,-0.009924474631002767
119092,2022-05-07,4757.0994,0.1006363659963081
119092,2022-05-08,4799.8865,0.008994367450047225
119092,2022-05-09,4746.9335,-0.011032135864045833
119092,2022-05-10,4327.7904,-0.08829765573922621
119092,2022-05-12,4052.2686,-0.06366338813450856
119092,2022-06-01,4712.7303,0.1629856668435059
119092,2022-06-04,4454.665,-0.054759191290874476
119092,2022-06-05,4299.0339,-0.03493665629177489
119092,2022-06-06,4504.7165,0.04784391209383121
119092,2022-06-07,4699.5221,0.043244807969602395
119092,2022-06-09,4747.6893,0.010249382591476675
119092,2022-06-10,4223.2557,-0.11046080879808207
119092,2022-06-12,4057.7729,-0.03918370370044133
119092,2022-07-01,4653.0874,0.1467096643087149
119092,2022-07-02,4656.8008,0.0007980507737721521
119092,2022-07-03,4386.8785,-0.05796303333395758
119092,2022-07-04,4410.9022,0.005476262905389495
119092,2022-07-06,4538.7738,0.028989896896829848
119092,2022-07-07,4728.3343,0.04176469424407103
119092,2022-07-09,4818.3321,0.019033721875375775
119092,2022-07-10,4262.6172,-0.11533345740116174
119092,2022-07-11,4136.07,-0.029687676388111983
119092,2022-07-12,4092.9825,-0.010417497769621753
119092,2022-08-02,4621.6127,0.12915525536696038
119092,2022-08-03,4315.5355,-0.06622735825526871
119092,2022-08-04,4414.7697,0.022994643422583394
119092,2022-08-06,4563.1272,0.033604810688086406
119092,2022-08-07,4746.9704,0.040288861550911825
119092,2022-08-08,4819.0364,0.01518147237657086
119092,2022-08-09,4757.1718,-0.012837545696894881
119092,2022-08-11,4128.8061,-0.13208808225088697
119092,2022-08-12,4087.8672,-0.009915432938349844
119092,2022-09-02,4583.0425,0.1211329223219384
119092,2022-09-03,4315.6882,-0.05833554892846837
119092,2022-09-05,4296.7013,-0.004399506896721528
119092,2022-09-06,4584.7275,0.06703426184175298
119092,2022-09-08,4734.6209,0.03269406960391863
119092,2022-09-09,4577.9671,-0.03308687291098644
119092,2022-09-11,4088.7646,-0.10686020439072175
119092,2022-09-12,4146.9224,0.014223807357361729
119092,2022-10-01,4641.0168,0.1191472500184716
119092,2022-10-02,4645.3849,0.0009411946106292479
119092,2022-10-03,4233.9035,-0.0885785373780329
119092,2022-10-05,4311.1688,0.018249187776717246
119092,2022-10-06,4591.2623,0.06496927236994288
119092,2022-10-08,4809.5287,0.04753951870708839
119092,2022-10-10,4290.4701,-0.10792296550803415
119092,2022-10-11,4089.9128,-0.04674483106175231
119092,2022-11-01,4623.8823,0.1305576735034546
119092,2022-11-02,4671.1847,0.010230018181907274
119092,2022-11-03,4224.1546,-0.09569951280239464
119092,2022-11-04,4451.3137,0.053776227792420306
119092,2022-11-05,4362.3237,-0.01999185094503675
119092,2022-11-07,4803.6686,0.10117197401009004
119092,2022-11-08,4773.2885,-0.0063243538490561635
119092,2022-11-10,4289.4458,-0.10136464619727037
119092,2022-11-11,4088.6785,-0.04680495088666248
119092,2022-12-01,4653.1101,0.13804744002249136
119092,2022-12-04,4366.1778,-0.06166462727800048
119092,2022-12-05,4391.8687,0.005884070960188392
119092,2022-12-07,4760.2406,0.08387589091631997
119092,2022-12-08,4816.7868,0.011878853350395735
119092,2022-12-09,4595.3588,-0.045970064525172605
119092,2022-12-10,4219.5477,-0.08178057826518359
119092,2022-12-12,4175.2114,-0.010507358407158218
119092,2023-01-02,4255.0849,0.019130408582425318
119092,2023-01-03,4017.6547,-0.055799168660535914
119092,2023-01-05,4622.2907,0.15049476501800907
119092,2023-01-06,4627.5469,0.0011371418071997041
119092,2023-01-08,4849.233,0.047905748940113346
119092,2023-01-09,4897.7504,0.01000516988975364
119092,2023-01-11,5222.6667,0.06633990576571636
119092,2023-01-12,5234.6442,0.002293368634839421
119092,2023-02-01,4331.6401,-0.17250534429828113
119092,2023-02-02,4281.2723,-0.011627882011711943
119092,2023-02-03,4001.4666,-0.06535573549012508
119092,2023-02-05,4583.3374,0.1454143838161739
119092,2023-02-06,4710.3016,0.027701255421431537
119092,2023-02-08,4851.9262,0.030066991888587413
119092,2023-02-10,5131.7271,0.05766800410113415
119092,2023-02-11,5245.9768,0.022263401341041655
119092,2023-03-01,4290.6483,-0.1821068861760884
119092,2023-03-02,4315.6914,0.005836670416449641
119092,2023-03-03,4034.2155,-0.06522150772875002
119092,2023-03-04,4407.7124,0.09258228768393773
119092,2023-03-05,4511.9963,0.023659415709609277
119092,2023-03-07,4605.0117,0.0206151321533663
119092,2023-03-08,4840.2709,0.05108764435929669
119092,2023-03-10,5177.7188,0.06971673837511849
119092,2023-03-11,5341.3846,0.031609634729487635
119092,2023-04-01,4257.2063,-0.20297701461152984
119092,2023-04-04,4385.9713,0.03024636132855485
119092,2023-04-05,4493.1449,0.02443554521207192
119092,2023-04-07,4644.8389,0.03376120810170158
119092,2023-04-08,4846.8988,0.0435020254416143
119092,2023-04-09,5040.6783,0.03998010026534904
119092,2023-04-10,5181.2578,0.0278890045413136
119092,2023-04-12,5301.6227,0.02323082630630724
119092,2023-05-01,4190.1269,-0.20965199956609504
119092,2023-05-04,4400.5005,0.05020697583168654
119092,2023-05-05,4518.5942,0.02683642462942548
119092,2023-05-06,4798.8316,0.06201871369639722
119092,2023-05-07,4640.5302,-0.03298748803771323
119092,2023-05-09,5175.1189,0.11519991831967835
119092,2023-05-10,5174.9773,-2.7361690182803322e-05
119092,2023-05-12,5335.9253,0.03110119922651644
119092,2023-06-01,4188.1975,-0.21509442795235523
119092,2023-06-02,4293.0766,0.025041584118227433
119092,2023-06-03,4080.9678,-0.04940717805966943
119092,2023-06-04,4334.3314,0.06208419483241201
119092,2023-06-06,4796.3239,0.10658910391577359
119092,2023-06-07,4674.1799,-0.025466170039100233
119092,2023-06-09,5134.8017,0.09854601445699585
119092,2023-06-10,5150.9826,0.003151221983898722
119092,2023-06-11,5280.1025,0.025067042548347906
119092,2023-06-12,5354.227,0.014038458533712106
119092,2023-07-02,4255.2492,-0.20525424118178026
119092,2023-07-03,4058.4883,-0.04623957158607783
119092,2023-07-04,4328.8306,0.06661157554649111
119092,2023-07-06,4740.4401,0.09508561041866592
119092,2023-07-07,4639.4112,-0.02131213513276964
119092,2023-07-08,4819.3143,0.03877714051300307
119092,2023-07-09,5237.1723,0.08670486587687387
119092,2023-07-11,5291.0909,0.010295364924312267
119092,2023-07-12,5361.6555,0.01333649361419953
119092,2023-08-02,4339.351,-0.19066956092199516
119092,2023-08-03,4004.1374,-0.07724970853936441
119092,2023-08-05,4533.6523,0.13224194054879335
119092,2023-08-06,4623.9164,0.019909797670191853
119092,2023-08-08,4699.7616,0.01640280520642623
119092,2023-08-09,5263.6096,0.11997374505123837
119092,2023-08-11,5298.835,0.0066922516441949575
119092,2023-08-12,5389.8194,0.01717064222607423
119092,2023-09-01,4105.4136,-0.23830219617377169
119092,2023-09-02,4353.1499,0.06034381042631143
119092,2023-09-03,4018.8091,-0.07680433885357363
119092,2023-09-05,4603.8676,0.145580067488152
119092,2023-09-06,4544.3183,-0.012934624792424465
119092,2023-09-08,4817.0495,0.06001586640618917
119092,2023-09-10,5134.4363,0.06588821642791931
119092,2023-09-11,5233.2298,0.01924135274596739
119092,2023-10-01,4116.6665,-0.21336026558589105
119092,2023-10-02,4388.3304,0.06599123344094049
119092,2023-10-03,3980.902,-0.09284360174885642
119092,2023-10-04,4387.7398,0.10219739144545636
119092,2023-10-05,4649.5796,0.059675325323529815
119092,2023-10-07,4638.7729,-0.002324231635909668
119092,2023-10-08,4828.1956,0.040834656941278524
119092,2023-10-10,5201.2504,0.07726588375997023
119092,2023-10-11,5295.6389,0.018147270894706358
119092,2023-11-01,4116.7243,-0.22261989955546257
119092,2023-11-04,4274.3385,0.03828631419403039
119092,2023-11-05,4705.769,0.10093503357303124
119092,2023-11-07,4680.4612,-0.0053780370434673985
119092,2023-11-08,4853.4363,0.03695684946603128
119092,2023-11-09,5297.5028,0.09149527727395945
119092,2023-11-10,5182.6667,-0.02167740241685201
119092,2023-11-12,5405.2873,0.04295483635866448
119092,2023-12-01,4125.8355,-0.23670375485869177
119092,2023-12-04,4354.9687,0.05553619382062136
119092,2023-12-05,4726.3438,0.0852761812042413
119092,2023-12-06,4471.4455,-0.053931391956717145
119092,2023-12-07,4857.4057,0.08631665084590656
119092,2023-12-09,5192.309,0.06894694836793236
119092,2023-12-10,5101.5954,-0.017470763007363388
119092,2023-12-12,5340.9121,0.04691016853276908
119092,2024-01-01,5303.037,-0.0070915040897227
119092,2024-01-02,5370.4004,0.012702796529611371
119092,2024-01-03,5607.7598,0.04419771009997686
119092,2024-01-04,5270.6282,-0.06011876614258682
119092,2024-01-05,5469.5388,0.03773944821226438
119092,2024-01-07,5904.8638,0.07959080571839072
119092,2024-01-08,5928.2883,0.0039669839632880954
119092,2024-01-10,6071.169,0.024101510042957797
119092,2024-01-11,5952.5765,-0.019533717476815426
119092,2024-02-01,5277.668,-0.11338090321056782
119092,2024-02-02,5431.3306,0.029115624552359165
119092,2024-02-04,5249.6655,-0.033447623313521024
119092,2024-02-05,5404.6678,0.029526128855257516
119092,2024-02-07,5869.3585,0.08597951200626985
119092,2024-02-08,5901.8029,0.005527759123931331
119092,2024-02-09,6111.3581,0.03550698041779743
119092,2024-02-10,6057.8339,-0.008758151481910503
119092,2024-02-12,5450.5175,-0.10025306240238774
119092,2024-03-01,5263.7274,-0.03427015875098105
119092,2024-03-04,5265.497,0.00033618762248233125
119092,2024-03-05,5411.1424,0.027660332918240993
119092,2024-03-06,5725.0943,0.058019522827564174
119092,2024-03-07,5839.1248,0.01991766319028132
119092,2024-03-09,6119.9438,0.04809265251532224
119092,2024-03-10,6046.4788,-0.012004195201923307
119092,2024-03-12,5460.4332,-0.09692345237363598
119092,2024-04-01,5261.6977,-0.036395555576066885
119092,2024-04-03,5675.8014,0.07870153771852006
119092,2024-04-04,5209.8632,-0.08209205487704352
119092,2024-04-06,5762.4441,0.10606437804355395
119092,2024-04-07,5737.8405,-0.004269646624424417
119092,2024-04-09,6178.4254,0.07678583955061136
119092,2024-04-10,6088.4017,-0.014570654199369315
119092,2024-04-11,5879.9787,-0.0342327938053103
119092,2024-04-12,5466.9453,-0.07024402996561863
119092,2024-05-01,5307.5795,-0.029150794686019665
119092,2024-05-02,5441.8226,0.02529271582272119
119092,2024-05-03,5644.0576,0.03716310046564164
119092,2024-05-04,5320.4376,-0.057338181665615884
119092,2024-05-06,5692.0134,0.06983933050920466
119092,2024-05-07,5684.1217,-0.0013864514092676306
119092,2024-05-08,5959.9375,0.0485239082759259
119092,2024-05-09,6232.8318,0.045788114388783496
119092,2024-05-11,5912.8112,-0.05134433436820807
119092,2024-05-12,5408.5548,-0.08528200596021063
119092,2024-06-02,5436.1553,0.005103119228818898
119092,2024-06-03,5636.3965,0.03683507717301593
119092,2024-06-05,5420.5364,-0.038297536378074204
119092,2024-06-06,5677.0244,0.04731782633172621
119092,2024-06-08,5857.4512,0.0317819313934955
119092,2024-06-09,6256.4891,0.06812483559402072
119092,2024-06-11,5794.7156,-0.0738071293051561
119092,2024-06-12,5398.6416,-0.06835089542617079
119092,2024-07-02,5424.8122,0.004847626854874054
119092,2024-07-03,5587.115,0.029918602527844174
119092,2024-07-05,5352.8222,-0.04193448676105649
119092,2024-07-06,5700.5499,0.06496156364020478
119092,2024-07-08,5771.3277,0.012415960081324728
119092,2024-07-10,6107.4546,0.05824082732297464
119092,2024-07-11,5758.2897,-0.057170281707865644
119092,2024-08-01,5266.4266,-0.0854182623010441
119092,2024-08-02,5475.8561,0.03976690760296564
119092,2024-08-03,5513.9978,0.006965431396197541
119092,2024-08-04,5282.2638,-0.04202649482377385
119092,2024-08-05,5343.9711,0.011681979987444135
119092,2024-08-07,5609.3416,0.049657921989884946
119092,2024-08-08,5720.1908,0.01976153493664934
119092,2024-08-10,6022.3735,0.05282738121252861
119092,2024-08-11,5738.1134,-0.047200675946119874
119092,2024-09-01,5251.4976,-0.08480414486057397
119092,2024-09-02,5499.714,0.04726583136970297
119092,2024-09-04,5282.0234,-0.039582167363611975
119092,2024-09-05,5371.9832,0.01703131417403414
119092,2024-09-07,5584.101,0.03948593882423168
119092,2024-09-08,5728.1852,0.025802577711255603
119092,2024-09-09,6243.6382,0.08998539362868363
119092,2024-09-10,6103.4369,-0.022455064740939168
119092,2024-09-12,5304.0608,-0.13097146953382932
119092,2024-10-01,5252.9615,-0.009633995899896108
119092,2024-10-04,5319.6434,0.012694153574131395
119092,2024-10-05,5397.633,0.014660681954733912
119092,2024-10-06,5844.5955,0.08280713045885113
119092,2024-10-07,5537.1143,-0.0526094919656972
119092,2024-10-09,6223.0215,0.1238744881968572
119092,2024-10-10,6121.5863,-0.016299991893005683
119092,2024-10-12,5393.2154,-0.11898401236293932
119092,2024-11-01,5264.7553,-0.023818833566335962
119092,2024-11-03,5536.9842,0.05170779732155828
119092,2024-11-04,5284.2922,-0.045637117765298996
119092,2024-11-06,5749.1903,0.08797736431002057
119092,2024-11-07,5431.4991,-0.05525842482549237
119092,2024-11-09,6289.8866,0.1580387815953057
119092,2024-11-10,6138.9148,-0.02400230872206821
119092,2024-11-11,5856.022,-0.04608189056476231
119092,2024-11-12,5375.9921,-0.08197201103411145
119092,2024-12-01,5273.3049,-0.019101069735575016
119092,2024-12-02,5652.3855,0.07188672136139895
119092,2024-12-03,5454.854,-0.03494657255772804
119092,2024-12-04,5169.5761,-0.05229799001036506
119092,2024-12-06,5834.7435,0.1286696214801828
119092,2024-12-07,5565.7716,-0.04609832463072272
119092,2024-12-08,5686.6961,0.021726457478061123
119092,2024-12-09,6334.4997,0.11391563547768979
119092,2024-12-11,5839.3462,-0.07816773596184723
119092,2024-12-12,5346.8724,-0.0843371471963762
119092,2025-01-01,5212.9842,-0.02504047038788515
119092,2025-01-04,4521.2623,-0.1326921151995818
119092,2025-01-05,4579.791,0.012945212225355718
119092,2025-01-07,4697.2577,0.025648921533755642
119092,2025-01-08,4682.4288,-0.003156927072576976
119092,2025-01-09,5001.4881,0.06813970134473801
119092,2025-01-10,4928.7442,-0.01454445128040982
119092,2025-01-12,5169.258,0.04879819082515979
119092,2025-02-01,5320.7069,0.029297995959961742
119092,2025-02-04,4619.2291,-0.13183921106422913
119092,2025-02-05,4588.7079,-0.0066074228706255456
119092,2025-02-06,4787.0753,0.043229467711379144
119092,2025-02-07,4735.3114,-0.010813262118521738
119092,2025-02-09,5008.2747,0.057644213219008256
119092,2025-02-10,4851.2243,-0.031358184086827334
119092,2025-02-12,5061.2061,0.04328429011208579
119092,2025-03-01,5376.8806,0.062371397995430344
119092,2025-03-02,4986.0563,-0.07268606634114216
119092,2025-03-03,4765.5984,-0.04421488381509053
119092,2025-03-04,4639.0437,-0.026555888553261187
119092,2025-03-06,4847.9165,0.04502496926252286
119092,2025-03-07,4752.1466,-0.01975485757644546
119092,2025-03-09,5073.5644,0.06763633933347091
119092,2025-03-10,4854.3203,-0.04321303184798442
119092,2025-03-11,5098.4496,0.05029113962669496
119092,2025-03-12,5006.3952,-0.0180553711857816
119092,2025-04-02,4896.6642,-0.021918165789228894
119092,2025-04-03,4822.866,-0.015071117190351813
119092,2025-04-04,4562.8088,-0.05392171376936461
119092,2025-04-06,4828.0637,0.05813412562893272
119092,2025-04-07,4822.4611,-0.0011604237947397955
119092,2025-04-08,4825.0594,0.0005387912823184848
119092,2025-04-09,5074.0687,0.05160750974381778
119092,2025-04-11,5094.4063,0.0040081443911077486
119092,2025-04-12,5037.2837,-0.011212808055768853
119092,2025-05-02,4966.4574,-0.014060415140008886
119092,2025-05-03,4823.8731,-0.028709457973001173
119092,2025-05-05,4674.22,-0.031023432187716415
119092,2025-05-06,4950.8989,0.05919252837906641
119092,2025-05-08,4766.1084,-0.03732463613829806
119092,2025-05-09,5123.5479,0.07499609115059136
119092,2025-05-11,5083.624,-0.007792237094143228
119092,2025-05-12,5143.2726,0.01173347989544471
119092,2025-06-01,5380.7969,0.04618154985601963
119092,2025-06-02,4956.4579,-0.07886173886250936
119092,2025-06-03,4781.4018,-0.03531879086474243
119092,2025-06-05,4697.7352,-0.017498341176848897
119092,2025-06-06,4978.7247,0.059813822626698876
119092,2025-06-08,4748.0247,-0.04633716742763461
119092,2025-06-10,4967.1989,0.04616113307076941
119092,2025-06-11,5145.1043,0.03581604110920544
119092,2025-07-01,5470.4527,0.06323455872410588
119092,2025-07-02,5025.2168,-0.08138922396678427
119092,2025-07-03,4681.7687,-0.06834493190423163
119092,2025-07-04,4540.6692,-0.030138075808828213
119092,2025-07-05,4678.8013,0.030421088591963352
119092,2025-07-07,4736.7292,0.012380927567922084
119092,2025-07-08,4679.9419,-0.011988715757700441
119092,2025-07-10,5030.4148,0.07488830149793091
119092,2025-07-11,5173.2743,0.02839914911191821
119092,2025-08-01,5373.6238,0.03872779373017199
119092,2025-08-04,4548.7545,-0.15350335838545304
119092,2025-08-05,4652.8229,0.022878438482446084
119092,2025-08-07,4767.5415,0.02465569880168883
119092,2025-08-08,4735.5375,-0.006712893846860024
119092,2025-08-09,5061.5717,0.06884840422021798
119092,2025-08-10,5131.8909,0.013892759831891643
119092,2025-08-12,5139.5679,0.0014959398298977078
119092,2025-09-01,5290.2334,0.029314818469467152
119092,2025-09-04,4643.8467,-0.12218491153906363
119092,2025-09-05,4645.4331,0.0003416133439546609
119092,2025-09-06,4904.7499,0.05582187805050931
119092,2025-09-07,4805.5315,-0.020229043686814663
119092,2025-09-09,5062.2543,0.05342235296969733
119092,2025-09-10,5158.2869,0.018970323162153413
119092,2025-09-12,5162.0984,0.0007389081053246205
119092,2025-10-01,5154.3505,-0.001500920633361047
119092,2025-10-02,4995.7269,-0.03077470187562914
119092,2025-10-03,4645.3323,-0.07013886207430586
119092,2025-10-04,4584.1856,-0.013163041102570938
119092,2025-10-06,4899.3911,0.06875932335723922
119092,2025-10-07,4736.2129,-0.03330581222633955
119092,2025-10-09,5026.5952,0.0613110740862175
119092,2025-10-10,5232.8764,0.04103795746273753
119092,2025-10-11,5189.296,-0.008328192120111932
119092,2025-10-12,5223.4228,0.006576383386108553
119092,2025-11-02,4966.5873,-0.04916996188782574
119092,2025-11-03,4613.0169,-0.07118980874452774
119092,2025-11-04,4639.9407,0.005836484145549159
119092,2025-11-06,4863.2821,0.04813453758148256
119092,2025-11-07,4652.9292,-0.04325327950850322
119092,2025-11-08,4833.6591,0.03884217709566706
119092,2025-11-09,5073.9144,0.04970464301050925
119092,2025-11-11,5112.487,0.0076021384988285146
119092,2025-11-12,5174.9456,0.012216872140701662
119092,2025-12-02,4923.2775,-0.0486320281318513
119092,2025-12-03,4621.019,-0.061393756496561425
119092,2025-12-05,4738.7639,0.025480289087753016
119092,2025-12-06,4737.4078,-0.0002861716744317899
119092,2025-12-08,4932.6963,0.04122264923023922
119092,2025-12-09,5078.1151,0.029480590564637144
119092,2025-12-11,5091.5618,0.002647970700782265
119092,2025-12-12,5200.0533,0.021308098430622868
119092,2026-01-01,5239.6048,0.007605979731015511
119092,2026-01-04,5175.9378,-0.012151107274350204
119092,2026-01-05,4983.1049,-0.03725564476451004
119092,2026-02-01,5289.7796,0.061542894671954285
119092,2026-02-02,5213.7546,-0.014372054366877496
119092,2026-02-03,5346.4572,0.02545240621796796
119092,2026-02-04,5130.2267,-0.040443697931407674
119092,2026-03-02,5259.5161,0.025201498405518663
119092,2026-03-03,5429.3901,0.03229840859314037
119092,2026-03-04,5249.4266,-0.033146172348161196
119092,2026-04-02,5307.1098,0.010988476341396991
119092,2026-04-03,5399.4086,0.017391537668958623
119092,2026-04-05,4976.684,-0.0782909076375512
119092,2026-05-01,5181.5223,0.04115959542538761
119092,2026-05-02,5199.3057,0.0034320801823046754
119092,2026-05-03,5319.6721,0.023150475649085234
119092,2026-05-05,4981.4939,-0.06357124906251255
119092,2026-06-01,5146.0764,0.03303878380740355
119092,2026-06-02,5284.8687,0.026970509027032685
119092,2026-06-03,5311.3249,0.005006027869717933
119092,2026-06-04,5257.2702,-0.010177253513525386
119092,2026-06-05,5044.8789,-0.04039954043069738
119092,2026-07-01,5245.232,0.039714154486443665
119092,2026-07-04,5194.2686,-0.009716138390065465
119092,2026-07-05,5035.6198,-0.03054304892896753
119092,2026-08-01,5338.7207,0.06019137902349159
119092,2026-08-04,5250.0075,-0.01661693970991962
119092,2026-08-05,5003.1954,-0.04701176141176944
119092,2026-09-01,5401.2568,0.07956143387883685
119092,2026-09-02,5445.6291,0.008215180585377846
119092,2026-09-03,5318.0728,-0.02342361142443583
119092,2026-09-04,5277.4471,-0.0076391771094219685
119092,2026-10-02,5451.086,0.032902063575398044
119092,2026-10-03,5209.0118,-0.04440843530995475
119092,2026-10-04,5304.8104,0.018390935493753258
119092,2026-11-02,5411.6018,0.020131049358521835
119092,2026-11-03,5232.0866,-0.03317228551442952
119092,2026-11-05,4988.5686,-0.046543189862339074
119092,2026-12-01,5392.2726,0.0809258190816502
119092,2026-12-02,5597.4468,0.03804967130185499
119092,2026-12-03,5168.6952,-0.07659770879823269
119092,2026-12-05,5025.4948,-0.02770532880329246
119551,2022-01-02,58.125,
119551,2022-01-03,53.9517,-0.0717987096774193
119551,2022-01-04,53.2033,-0.013871666694469376
119551,2022-01-06,57.6295,0.08319408758479274
119551,2022-01-07,59.5258,0.03290502260127193
119551,2022-01-08,59.4165,-0.0018361785981876322
119551,2022-01-09,61.1161,0.02860484882145542
119551,2022-01-11,56.1368,-0.08147280340204954
119551,2022-01-12,59.9552,0.06801955223667888
119551,2022-02-02,58.2238,-0.028878229077711426
119551,2022-02-03,53.5867,-0.07964268907216632
119551,2022-02-05,57.9416,0.08126829978334182
119551,2022-02-06,57.1679,-0.013353100363124204
119551,2022-02-08,60.1506,0.052174384575959465
119551,2022-02-09,61.1909,0.017294923076411672
119551,2022-02-11,55.5334,-0.09245655808298292
119551,2022-02-12,59.4401,0.07034865504363141
119551,2022-03-01,54.1304,-0.08932858457505954
119551,2022-03-02,58.2063,0.07529779938814407
119551,2022-03-03,53.8164,-0.07541967106653402
119551,2022-03-05,59.1342,0.09881374450910863
119551,2022-03-06,57.1553,-0.03346456027138278
119551,2022-03-08,60.0513,0.05066896683247224
119551,2022-03-10,61.907,0.03090191219840377
119551,2022-03-11,55.263,-0.10732227373318037
119551,2022-04-01,52.756,-0.04536489151873768
119551,2022-04-02,57.7059,0.09382629463947234
119551,2022-04-03,52.8119,-0.08480935224994324
119551,2022-04-04,54.0238,0.02294747964000532
119551,2022-04-05,58.768,0.08781685109155601
119551,2022-04-07,59.648,0.01497413558399141
119551,2022-04-08,59.5338,-0.0019145654506438348
119551,2022-04-10,60.0376,0.008462419667482957
119551,2022-04-11,54.7011,-0.0888859647953949
119551,2022-05-01,52.3753,-0.04251834058181636
119551,2022-05-04,53.6115,0.023602728767186054
119551,2022-05-05,59.1957,0.10416048795500976
119551,2022-05-07,59.5657,0.006250454002571182
119551,2022-05-08,59.9438,0.006347612804013192
119551,2022-05-09,59.7679,-0.0029344152356041153
119551,2022-05-10,60.7378,0.016227774440795262
119551,2022-05-12,59.7949,-0.015524105252412879
119551,2022-06-01,51.5673,-0.1375970191437731
119551,2022-06-04,53.8151,0.04358963917055969
119551,2022-06-05,60.3791,0.12197320083025032
119551,2022-06-06,57.564,-0.04662374894624133
119551,2022-06-07,60.0987,0.04403272878882647
119551,2022-06-09,59.121,-0.016268238747260688
119551,2022-06-10,59.7688,0.010957189492735164
119551,2022-06-12,59.3356,-0.0072479286852003
119551,2022-07-01,52.6066,-0.11340578000391
119551,2022-07-02,57.5375,0.09373158501024581
119551,2022-07-03,53.1148,-0.07686639148381491
119551,2022-07-04,53.2999,0.0034849043957616566
119551,2022-07-06,57.6424,0.08147294835449981
119551,2022-07-07,60.8157,0.05505148987550834
119551,2022-07-09,59.0454,-0.029109259615526906
119551,2022-07-10,59.6345,0.009977068493058017
119551,2022-07-11,54.6122,-0.08421802815484325
119551,2022-07-12,60.7958,0.11322744734692969
119551,2022-08-02,56.3945,-0.07239480358840578
119551,2022-08-03,53.1262,-0.0579542331255708
119551,2022-08-04,54.6959,0.029546626711490775
119551,2022-08-06,58.041,0.06115814896546157
119551,2022-08-07,60.2694,0.03839354938750206
119551,2022-08-08,59.3245,-0.015677939385492445
119551,2022-08-09,58.2149,-0.018703908166103345
119551,2022-08-11,55.7585,-0.04219538296896508
119551,2022-08-12,60.9228,0.09261906256445207
119551,2022-09-02,56.3533,-0.07500476012264712
119551,2022-09-03,53.5023,-0.050591535899406015
119551,2022-09-05,60.1315,0.12390495361881637
119551,2022-09-06,57.4259,-0.04499471990554038
119551,2022-09-08,59.3713,0.03387670023456324
119551,2022-09-09,58.6602,-0.011977167419274903
119551,2022-09-11,54.8657,-0.0646861074459345
119551,2022-09-12,60.6831,0.10602981462006333
119551,2022-10-01,53.2677,-0.12219876703728061
119551,2022-10-02,55.7101,0.045851425911011656
119551,2022-10-03,53.6702,-0.036616340663542135
119551,2022-10-05,60.0117,0.11815681700459457
119551,2022-10-06,57.5684,-0.04071372748980617
119551,2022-10-08,59.3915,0.0316684153111777
119551,2022-10-10,58.824,-0.009555239386107472
119551,2022-10-11,53.828,-0.08493132054943553
119551,2022-11-01,52.8518,-0.018135542840157615
119551,2022-11-02,54.9974,0.040596535974176895
119551,2022-11-03,54.5729,-0.007718546694934658
119551,2022-11-04,53.941,-0.011579007162895727
119551,2022-11-05,59.6198,0.10527798891381313
119551,2022-11-07,59.3338,-0.004797064062610046
119551,2022-11-08,60.1921,0.014465616562566508
119551,2022-11-10,57.5785,-0.04342098049411813
119551,2022-11-11,54.8025,-0.04821244040744366
119551,2022-12-01,54.3041,-0.009094475616988396
119551,2022-12-04,54.1659,-0.00254492754690705
119551,2022-12-05,58.9206,0.08778031935221242
119551,2022-12-07,58.0531,-0.014723203769140158
119551,2022-12-08,60.5621,0.04321905290156769
119551,2022-12-09,59.7641,-0.013176557616066842
119551,2022-12-10,57.9785,-0.029877468245987138
119551,2022-12-12,60.8449,0.049439016187035056
119551,2023-01-02,66.5753,0.09418044897764632
119551,2023-01-03,72.2558,0.08532443714110172
119551,2023-01-05,80.0856,0.1083622352807665
119551,2023-01-06,84.6455,0.05693782652561752
119551,2023-01-08,86.2555,0.01902050315728543
119551,2023-01-09,82.0871,-0.04832619369199631
119551,2023-01-11,84.135,0.024947890716080723
119551,2023-01-12,91.6275,0.08905330718488136
119551,2023-02-01,61.6983,-0.32663992796922314
119551,2023-02-02,66.1394,0.07198091357460412
119551,2023-02-03,74.5442,0.1270770524074909
119551,2023-02-05,82.1028,0.1013975601052799
119551,2023-02-06,86.5669,0.05437207988034509
119551,2023-02-08,83.7851,-0.0321346842730883
119551,2023-02-10,76.9706,-0.08133307712230453
119551,2023-02-11,84.2413,0.09446074215349753
119551,2023-03-01,62.1379,-0.2623819907812438
119551,2023-03-02,66.0365,0.0627410968185278
119551,2023-03-03,75.0836,0.13700150674248324
119551,2023-03-04,76.2236,0.015183075931361811
119551,2023-03-05,83.3302,0.09323359169601009
119551,2023-03-07,82.6817,-0.007782292614202269
119551,2023-03-08,84.7116,0.02455077725784549
119551,2023-03-10,77.1185,-0.08963471354572461
119551,2023-03-11,85.1413,0.10403210643360539
119551,2023-04-01,62.5058,-0.26585805008849994
119551,2023-04-04,76.1473,0.21824374698028026
119551,2023-04-05,84.3918,0.10827041799249626
119551,2023-04-07,84.4773,0.0010131316075732144
119551,2023-04-08,85.4987,0.012090822031480597
119551,2023-04-09,82.8068,-0.0314846892408891
119551,2023-04-10,78.6567,-0.05011786471642421
119551,2023-04-12,92.3061,0.17353130756820456
119551,2023-05-01,64.1578,-0.30494517697096946
119551,2023-05-04,76.5649,0.19338412476737044
119551,2023-05-05,85.0298,0.11055849351334612
119551,2023-05-06,87.8743,0.03345297766194921
119551,2023-05-07,86.1993,-0.019061318269391725
119551,2023-05-09,83.0194,-0.03689009075479721
119551,2023-05-10,78.9971,-0.04845012129694992
119551,2023-05-12,92.7085,0.17356839681456648
119551,2023-06-01,63.6912,-0.3129950328179185
119551,2023-06-02,66.2902,0.04080626522973341
119551,2023-06-03,73.5309,0.10922730660037239
119551,2023-06-04,75.784,0.03064153981523421
119551,2023-06-06,88.5276,0.16815686688483056
119551,2023-06-07,85.7653,-0.03120269836751488
119551,2023-06-09,82.6911,-0.035844333314289045
119551,2023-06-10,78.7934,-0.04713566514413281
119551,2023-06-11,85.6749,0.08733599514680157
119551,2023-06-12,92.9665,0.08510777368867672
119551,2023-07-02,66.1222,-0.28875240005808533
119551,2023-07-03,74.2288,0.12260027645783111
119551,2023-07-04,75.4202,0.01605037397883291
119551,2023-07-06,88.3269,0.1711305459280139
119551,2023-07-07,85.1841,-0.03558145932892465
119551,2023-07-08,85.2486,0.0007571835589035292
119551,2023-07-09,81.9071,-0.039197124644862136
119551,2023-07-11,84.8433,0.03584793015501697
119551,2023-07-12,92.6143,0.09159238266309777
119551,2023-08-02,67.4273,-0.27195584267224393
119551,2023-08-03,74.6017,0.1064020063090172
119551,2023-08-05,85.8623,0.15094294097855698
119551,2023-08-06,87.3497,0.01732308591780085
119551,2023-08-08,85.3555,-0.02283007268485171
119551,2023-08-09,82.0286,-0.038976984494262346
119551,2023-08-11,84.2262,0.026790655941951957
119551,2023-08-12,93.0322,0.10455179029803063
119551,2023-09-01,64.429,-0.30745483821730546
119551,2023-09-02,67.8549,0.05317326048828952
119551,2023-09-03,75.7899,0.11694070730337836
119551,2023-09-05,85.333,0.1259151945048087
119551,2023-09-06,86.9988,0.01952117000457032
119551,2023-09-08,85.9223,-0.012373733890582383
119551,2023-09-10,78.553,-0.08576702439296913
119551,2023-09-11,85.3051,0.08595597876592875
119551,2023-10-01,64.5021,-0.24386584154991908
119551,2023-10-02,68.4838,0.061729773139169275
119551,2023-10-03,76.4362,0.11612089282428828
119551,2023-10-04,76.108,-0.004293777032348456
119551,2023-10-05,84.5336,0.11070583907079423
119551,2023-10-07,85.7016,0.01381699111359258
119551,2023-10-08,84.3499,-0.01577216761414013
119551,2023-10-10,77.1148,-0.08577484976271466
119551,2023-10-11,85.0008,0.10226311940120447
119551,2023-11-01,64.739,-0.23837187414706673
119551,2023-11-04,75.8017,0.17088153972103348
119551,2023-11-05,84.5682,0.11565044055740192
119551,2023-11-07,84.7135,0.0017181399154764243
119551,2023-11-08,83.8524,-0.010164849758302896
119551,2023-11-09,81.0102,-0.03389527312277296
119551,2023-11-10,77.9667,-0.03756934311975524
119551,2023-11-12,92.7443,0.1895373281157211
119551,2023-12-01,65.9556,-0.2888447052810792
119551,2023-12-04,77.4067,0.17361831292566499
119551,2023-12-05,84.4335,0.0907776717002533
119551,2023-12-06,88.1746,0.04430824258143984
119551,2023-12-07,85.0584,-0.03534124339662437
119551,2023-12-09,78.2067,-0.08055289071978788
119551,2023-12-10,77.929,-0.003550846666589891
119551,2023-12-12,92.9735,0.1930539337088888
119551,2024-01-01,94.4071,0.015419447476969328
119551,2024-01-02,97.7366,0.035267474586127445
119551,2024-01-03,103.8951,0.06301119539660682
119551,2024-01-04,108.9297,0.0484584932301908
119551,2024-01-05,112.0293,0.028455049449323866
119551,2024-01-07,113.7701,0.015538792083856556
119551,2024-01-08,102.3188,-0.10065298351675878
119551,2024-01-10,108.1811,0.057294456150775774
119551,2024-01-11,107.0267,-0.010670995210808498
119551,2024-02-01,94.0341,-0.12139587598234847
119551,2024-02-02,97.9288,0.04141795369977497
119551,2024-02-04,107.6014,0.0987717607077796
119551,2024-02-05,114.2471,0.061762207554920234
119551,2024-02-07,113.7385,-0.004451754136428843
119551,2024-02-08,102.5719,-0.0981778377594219
119551,2024-02-09,101.0089,-0.015238091524091946
119551,2024-02-10,109.6924,0.08596767215562195
119551,2024-02-12,109.7393,0.00042755924749560137
119551,2024-03-01,93.6343,-0.14675690477340386
119551,2024-03-04,106.271,0.13495802286128056
119551,2024-03-05,116.1013,0.09250218780288133
119551,2024-03-06,114.9565,-0.00986035470748381
119551,2024-03-07,112.8228,-0.018560933918482236
119551,2024-03-09,102.5885,-0.0907112746714317
119551,2024-03-10,108.3058,0.05573041812678814
119551,2024-03-12,112.727,0.040821451852070645
119551,2024-04-01,92.64,-0.17819156014087134
119551,2024-04-03,103.829,0.12077936096718478
119551,2024-04-04,107.5307,0.03565188916391371
119551,2024-04-06,114.8935,0.06847160857317958
119551,2024-04-07,110.8242,-0.035418017555388204
119551,2024-04-09,101.5683,-0.08351876214761766
119551,2024-04-10,107.8206,0.06155759228026869
119551,2024-04-11,107.7765,-0.00040901274895521755
119551,2024-04-12,113.6408,0.05441167601471575
119551,2024-05-01,94.4775,-0.16863045666697163
119551,2024-05-02,100.2514,0.061114021857055834
119551,2024-05-03,104.2894,0.04027873924952674
119551,2024-05-04,109.7864,0.0527090960346881
119551,2024-05-06,112.8707,0.028093643657137957
119551,2024-05-07,108.4761,-0.03893481656444053
119551,2024-05-08,103.162,-0.048988671237258696
119551,2024-05-09,102.7956,-0.0035516953917141825
119551,2024-05-11,107.8333,0.04900696138745242
119551,2024-05-12,114.375,0.060664933744956295
119551,2024-06-02,99.0931,-0.13361224043715836
119551,2024-06-03,104.5747,0.05531767600367732
119551,2024-06-05,118.4383,0.1325712624564066
119551,2024-06-06,113.9509,-0.037888081811373486
119551,2024-06-08,101.8586,-0.10611851244702775
119551,2024-06-09,103.3689,0.014827417616185556
119551,2024-06-11,107.3171,0.03819524054140078
119551,2024-06-12,111.9545,0.04321212556060505
119551,2024-07-02,98.3318,-0.12168068277737831
119551,2024-07-03,105.512,0.07302012166969374
119551,2024-07-05,119.5464,0.133012358783835
119551,2024-07-06,114.1149,-0.04543424143261532
119551,2024-07-08,103.629,-0.09188896454363105
119551,2024-07-10,106.4385,0.027111136843933625
119551,2024-07-11,107.2242,0.007381727476430067
119551,2024-08-01,94.1546,-0.12189039414609759
119551,2024-08-02,98.9824,0.051275243057694375
119551,2024-08-03,105.0081,0.060876479050821164
119551,2024-08-04,109.6982,0.04466417352566143
119551,2024-08-05,119.7084,0.09125218098382648
119551,2024-08-07,106.4628,-0.11064887677055246
119551,2024-08-08,103.5531,-0.02733067324924765
119551,2024-08-10,106.2119,0.025675716130178605
119551,2024-08-11,107.1588,0.00891519688471809
119551,2024-09-01,95.5722,-0.1081255109239746
119551,2024-09-02,99.2403,0.03838040769177664
119551,2024-09-04,109.5254,0.10363834047257003
119551,2024-09-05,117.461,0.07245442609659491
119551,2024-09-07,106.852,-0.09031934003626729
119551,2024-09-08,103.6231,-0.030218432972709985
119551,2024-09-09,102.6138,-0.00974010621183885
119551,2024-09-10,105.8671,0.03170431267529317
119551,2024-09-12,111.2758,0.051089526396775
119551,2024-10-01,97.3599,-0.12505773941863374
119551,2024-10-04,109.6667,0.1264052243274696
119551,2024-10-05,117.1671,0.06839268437912338
119551,2024-10-06,112.1703,-0.04264678395215049
119551,2024-10-07,107.5524,-0.041168651594940875
119551,2024-10-09,104.846,-0.025163548186744378
119551,2024-10-10,106.9052,0.01964023424832595
119551,2024-10-12,110.2739,0.03151109581199041
119551,2024-11-01,98.5701,-0.10613390838629999
119551,2024-11-03,105.7019,0.07235256938970336
119551,2024-11-04,111.2451,0.05244181987267971
119551,2024-11-06,111.8046,0.0050294350043282865
119551,2024-11-07,105.56,-0.05585280033200768
119551,2024-11-09,103.3914,-0.0205437665782493
119551,2024-11-10,108.6342,0.05070827941202083
119551,2024-11-11,106.7312,-0.017517503695889558
119551,2024-11-12,109.502,0.02596054387095803
119551,2024-12-01,98.1039,-0.1040903362495662
119551,2024-12-02,99.7025,0.016294968905415708
119551,2024-12-03,105.4203,0.057348612121060016
119551,2024-12-04,110.0572,0.043984887161201414
119551,2024-12-06,110.8458,0.0071653649193328395
119551,2024-12-07,106.7413,-0.03702891764956362
119551,2024-12-08,104.5504,-0.02052532618583436
119551,2024-12-09,104.5783,0.00026685694172390306
119551,2024-12-11,106.4478,0.017876557565001505
119551,2024-12-12,109.3303,0.02707900022358367
119551,2025-01-01,106.7899,-0.023236010511267113
119551,2025-01-04,128.0482,0.1990665783936496
119551,2025-01-05,114.9867,-0.10200455765875671
119551,2025-01-07,115.2489,0.0022802637174561546
119551,2025-01-08,114.6526,-0.00517401901449821
119551,2025-01-09,114.5391,-0.0009899470225708251
119551,2025-01-10,112.7847,-0.01531704020723057
119551,2025-01-12,115.2518,0.021874420909928416
119551,2025-02-01,106.7022,-0.07418192167063764
119551,2025-02-04,126.7507,0.18789209594553813
119551,2025-02-05,113.3284,-0.10589527316219949
119551,2025-02-06,117.3843,0.03578891081141178
119551,2025-02-07,115.8408,-0.013149117897367835
119551,2025-02-09,113.3527,-0.021478615479174845
119551,2025-02-10,113.8036,0.003977849667453848
119551,2025-02-12,115.1987,0.01225883891195001
119551,2025-03-01,110.1361,-0.04394667648159223
119551,2025-03-02,111.9055,0.016065577045128787
119551,2025-03-03,116.8358,0.04405770940659748
119551,2025-03-04,126.5598,0.08322791473161462
119551,2025-03-06,116.8606,-0.07663728924982494
119551,2025-03-07,115.7495,-0.009507909423706606
119551,2025-03-09,114.2721,-0.012763770037883537
119551,2025-03-10,114.8356,0.0049312124306808425
119551,2025-03-11,112.0855,-0.023948148483571297
119551,2025-03-12,114.8083,0.02429216981679172
119551,2025-04-02,109.0879,-0.04982566591439819
119551,2025-04-03,118.4644,0.08595362088737613
119551,2025-04-04,125.4854,0.059266750179800765
119551,2025-04-06,116.1783,-0.07416878776335734
119551,2025-04-07,116.1701,-7.058116705083162e-05
119551,2025-04-08,113.0247,-0.027075813828171036
119551,2025-04-09,113.8729,0.007504554314234024
119551,2025-04-11,114.3706,0.004370662378845092
119551,2025-04-12,115.0691,0.006107338774125504
119551,2025-05-02,113.2445,-0.01585655923266982
119551,2025-05-03,119.8647,0.05845935122677037
119551,2025-05-05,113.4609,-0.05342523695466639
119551,2025-05-06,116.443,0.02628306315215201
119551,2025-05-08,112.3863,-0.03483850467610761
119551,2025-05-09,114.7484,0.021017686319418027
119551,2025-05-11,114.4507,-0.002594371686228336
119551,2025-05-12,113.9677,-0.004220157674876601
119551,2025-06-01,108.1992,-0.050615218171464305
119551,2025-06-02,114.7306,0.0603645867991629
119551,2025-06-03,118.807,0.035530189853448135
119551,2025-06-05,113.8896,-0.041389817098319126
119551,2025-06-06,115.3462,0.012789578679703872
119551,2025-06-08,112.2376,-0.026950172610801237
119551,2025-06-10,115.4915,0.028991175862634222
119551,2025-06-11,114.8191,-0.005822073485927448
119551,2025-07-01,108.5774,-0.05436116464943552
119551,2025-07-02,115.0895,0.05997656970971854
119551,2025-07-03,119.4407,0.0378070979542009
119551,2025-07-04,124.5252,0.04256924147296526
119551,2025-07-05,115.8005,-0.0700637300723066
119551,2025-07-07,115.41,-0.0033721788766024607
119551,2025-07-08,111.6777,-0.03233948531323105
119551,2025-07-10,115.5707,0.034859242265913526
119551,2025-07-11,113.1345,-0.021079737338269955
119551,2025-08-01,109.2356,-0.03446252027454044
119551,2025-08-04,124.3653,0.13850521258637283
119551,2025-08-05,114.0338,-0.0830738156061217
119551,2025-08-07,112.0844,-0.017094931502764976
119551,2025-08-08,113.6744,0.01418573860412331
119551,2025-08-09,114.0508,0.003311211671229275
119551,2025-08-10,116.5558,0.021963896789851667
119551,2025-08-12,116.8766,0.002752329785390195
119551,2025-09-01,110.7081,-0.05277788710486098
119551,2025-09-04,123.2386,0.11318503343477126
119551,2025-09-05,109.9532,-0.10780226325193576
119551,2025-09-06,116.9498,0.06363252729343039
119551,2025-09-07,111.9542,-0.042715763515628
119551,2025-09-09,113.8793,0.017195424557542305
119551,2025-09-10,117.436,0.031232190573704077
119551,2025-09-12,114.6745,-0.023514935794816005
119551,2025-10-01,110.888,-0.03301954662980866
119551,2025-10-02,115.0655,0.03767314768054253
119551,2025-10-03,118.1018,0.02638757924834123
119551,2025-10-04,122.8387,0.04010861815823308
119551,2025-10-06,117.0027,-0.04750945752437952
119551,2025-10-07,113.916,-0.026381442479532557
119551,2025-10-09,113.9865,0.0006188770673127841
119551,2025-10-10,116.99,0.026349611576809373
119551,2025-10-11,112.3486,-0.039673476365501226
119551,2025-10-12,114.9803,0.023424412943285455
119551,2025-11-02,115.5116,0.004620791561684934
119551,2025-11-03,116.1998,0.00595784319496917
119551,2025-11-04,120.1026,0.03358697691390167
119551,2025-11-06,117.0423,-0.025480713989538883
119551,2025-11-07,115.2334,-0.015455096148999092
119551,2025-11-08,114.1713,-0.009216945781344688
119551,2025-11-09,112.6669,-0.013176691515293326
119551,2025-11-11,111.8933,-0.006866257969288192
119551,2025-11-12,117.8241,0.05300406726765594
119551,2025-12-02,116.2859,-0.013055054101834829
119551,2025-12-03,115.3781,-0.007806621439056638
119551,2025-12-05,110.2453,-0.04448677868676987
119551,2025-12-06,116.6344,0.05795349098782432
119551,2025-12-08,114.6343,-0.017148457058980937
119551,2025-12-09,113.7192,-0.007982776533725033
119551,2025-12-11,111.5171,-0.01936436415310694
119551,2025-12-12,117.8868,0.05711859436803857
119551,2026-01-01,115.5922,-0.019464435373595546
119551,2026-01-04,120.9663,0.04649189132138676
119551,2026-01-05,116.4569,-0.03727815102222687
119551,2026-02-01,115.9073,-0.00471934252070938
119551,2026-02-02,118.719,0.024258178734212432
119551,2026-02-03,119.7224,0.008451890598808909
119551,2026-02-04,117.2405,-0.020730456455934743
119551,2026-03-02,118.1503,0.007760117024407043
119551,2026-03-03,119.7967,0.013934793225239384
119551,2026-03-04,117.5732,-0.018560611435874286
119551,2026-04-02,118.1097,0.0045631147234233005
119551,2026-04-03,118.4793,0.003129294206995592
119551,2026-04-05,114.0975,-0.03698367562941374
119551,2026-05-01,115.0387,0.008249085212209017
119551,2026-05-02,121.1388,0.053026503254991475
119551,2026-05-03,117.9539,-0.026291328624685084
119551,2026-05-05,113.2212,-0.04012330240882245
119551,2026-06-01,115.6784,0.021702649327157708
119551,2026-06-02,120.8342,0.04457011853552606
119551,2026-06-03,118.9784,-0.01535823467197206
119551,2026-06-04,118.2423,-0.006186837274664958
119551,2026-06-05,114.8945,-0.02831304871437723
119551,2026-07-01,115.7571,0.007507757116311131
119551,2026-07-04,118.8691,0.02688388012484766
119551,2026-07-05,113.5935,-0.044381592861391206
119551,2026-08-01,114.9181,0.011660878483363835
119551,2026-08-04,120.6854,0.0501861760679998
119551,2026-08-05,113.0115,-0.06358598471728982
119551,2026-09-01,115.6426,0.023281701419767042
119551,2026-09-02,120.369,0.04087075178178279
119551,2026-09-03,119.1832,-0.00985137369256206
119551,2026-09-04,119.1886,4.530839917027407e-05
119551,2026-10-02,119.4879,0.002511146200223857
119551,2026-10-03,120.0726,0.004893382509860711
119551,2026-10-04,120.2151,0.001186781996892039
119551,2026-11-02,120.6087,0.0032741311199673273
119551,2026-11-03,122.9745,0.019615500374351225
119551,2026-11-05,113.689,-0.07550752391756022
119551,2026-12-01,118.1985,0.03966522706682274
119551,2026-12-02,120.4007,0.018631370110449907
119551,2026-12-03,120.7215,0.002664436336333731
119551,2026-12-05,114.8089,-0.04897719130395173
119553,2022-01-02,100.1593,
119553,2022-01-03,102.3957,0.022328430809720246
119553,2022-01-04,120.1762,0.17364498704535425
119553,2022-01-06,109.8386,-0.0860203601045797
119553,2022-01-07,118.1096,0.0753013967767251
119553,2022-01-08,116.1023,-0.01699523154764726
119553,2022-01-09,120.4851,0.03774946749547592
119553,2022-01-11,121.1723,0.005703609823953348
119553,2022-01-12,121.0669,-0.0008698357627939801
119553,2022-02-02,99.4234,-0.1787730585321009
119553,2022-02-03,105.6893,0.06302238708392593
119553,2022-02-05,116.4765,0.10206520433005051
119553,2022-02-06,110.9883,-0.04711851746918916
119553,2022-02-08,117.4647,0.058352096572341416
119553,2022-02-09,121.0743,0.030729231845822547
119553,2022-02-11,122.6167,0.012739284885396884
119553,2022-02-12,119.9919,-0.02140654576415768
119553,2022-03-01,93.8706,-0.21769219422311015
119553,2022-03-02,99.8452,0.06364719092026694
119553,2022-03-03,107.0535,0.07219475748458604
119553,2022-03-05,117.2821,0.09554661921375751
119553,2022-03-06,110.7245,-0.0559130506701363
119553,2022-03-08,116.1202,0.048730859023973894
119553,2022-03-10,131.0392,0.12847893820368883
119553,2022-03-11,122.8203,-0.06272092625718095
119553,2022-04-01,93.8588,-0.23580385327181252
119553,2022-04-02,101.9362,0.08605905892681354
119553,2022-04-03,108.4581,0.06398021507570428
119553,2022-04-04,122.3523,0.1281066144437344
119553,2022-04-05,117.5056,-0.03961265950864834
119553,2022-04-07,119.7379,0.01899739246469956
119553,2022-04-08,116.4909,-0.02711756260966658
119553,2022-04-10,130.8672,0.12341135659523617
119553,2022-04-11,126.5347,-0.033106080056729215
119553,2022-05-01,94.632,-0.25212609663594254
119553,2022-05-04,122.4874,0.29435497506128994
119553,2022-05-05,116.7647,-0.046720723927522245
119553,2022-05-07,121.2511,0.03842257120516712
119553,2022-05-08,117.1353,-0.033944434318534
119553,2022-05-09,121.9809,0.04136754676002874
119553,2022-05-10,131.6781,0.07949769185175715
119553,2022-05-12,120.7348,-0.0831064543002974
119553,2022-06-01,96.0881,-0.2041391545768081
119553,2022-06-04,120.6972,0.2561097576078619
119553,2022-06-05,117.6507,-0.025240850657678893
119553,2022-06-06,111.4037,-0.05309785662133759
119553,2022-06-07,122.8695,0.10292117766286046
119553,2022-06-09,121.1899,-0.013669787864360239
119553,2022-06-10,130.4371,0.07630338831866346
119553,2022-06-12,119.0023,-0.0876652424808585
119553,2022-07-01,95.8298,-0.19472312720006246
119553,2022-07-02,100.8795,0.05269446456112803
119553,2022-07-03,111.3731,0.1040211341253674
119553,2022-07-04,121.4183,0.0901941312579071
119553,2022-07-06,112.1314,-0.07648682282654262
119553,2022-07-07,121.0567,0.07959679447505352
119553,2022-07-09,119.9036,-0.009525288563127954
119553,2022-07-10,132.5203,0.10522369636941664
119553,2022-07-11,125.5152,-0.052860580605386454
119553,2022-07-12,120.3542,-0.04111852588371756
119553,2022-08-02,103.2391,-0.1422060883625167
119553,2022-08-03,112.4953,0.08965789124469326
119553,2022-08-04,119.0004,0.05782552693312515
119553,2022-08-06,113.8907,-0.04293851113105507
119553,2022-08-07,121.8741,0.0700970316276921
119553,2022-08-08,116.4211,-0.04474289451163127
119553,2022-08-09,123.7363,0.06283397081800457
119553,2022-08-11,124.2781,0.004378666567531164
119553,2022-08-12,118.5648,-0.045971896898970854
119553,2022-09-02,104.7716,-0.11633469630109439
119553,2022-09-03,111.5052,0.06426932489338699
119553,2022-09-05,117.4346,0.053175995379587615
119553,2022-09-06,112.2906,-0.04380310402555976
119553,2022-09-08,117.3849,0.045367109980710696
119553,2022-09-09,123.6541,0.0534072099563061
119553,2022-09-11,126.6213,0.023995969401742423
119553,2022-09-12,115.2867,-0.08951574498129466
119553,2022-10-01,98.0441,-0.14956278564656633
119553,2022-10-02,106.5404,0.08665794270129457
119553,2022-10-03,110.3673,0.035919707453698324
119553,2022-10-05,115.8118,0.04933073473755356
119553,2022-10-06,113.5795,-0.019275237929123
119553,2022-10-08,118.1098,0.03988659925426696
119553,2022-10-10,131.0308,0.10939820404403355
119553,2022-10-11,128.2859,-0.020948509816012706
119553,2022-11-01,97.8718,-0.23708061447127082
119553,2022-11-02,106.9826,0.09308912270950387
119553,2022-11-03,111.6949,0.04404734975594171
119553,2022-11-04,118.5739,0.061587413570359795
119553,2022-11-05,117.304,-0.010709776772122592
119553,2022-11-07,121.6999,0.03747442542453783
119553,2022-11-08,118.0196,-0.030240780805900425
119553,2022-11-10,130.0878,0.1022558964782121
119553,2022-11-11,128.9359,-0.008854788842612371
119553,2022-12-01,98.8894,-0.2330343992635101
119553,2022-12-04,118.8991,0.2023442350747402
119553,2022-12-05,117.8544,-0.008786441613098939
119553,2022-12-07,123.3443,0.04658205378840341
119553,2022-12-08,117.8855,-0.04425660529104314
119553,2022-12-09,122.6952,0.04079975908826783
119553,2022-12-10,129.2686,0.053575037980295726
119553,2022-12-12,117.0503,-0.09451869982346839
119553,2023-01-02,129.0473,0.10249439770765223
119553,2023-01-03,129.5494,0.003890821427491975
119553,2023-01-05,149.6736,0.1553399706984362
119553,2023-01-06,132.5021,-0.11472631111966292
119553,2023-01-08,134.8023,0.017359724864737913
119553,2023-01-09,131.583,-0.02388164000169135
119553,2023-01-11,140.9671,0.07131696343752614
119553,2023-01-12,158.225,0.12242501973864828
119553,2023-02-01,127.2852,-0.19554305577500386
119553,2023-02-02,128.8717,0.01246413565756277
119553,2023-02-03,127.9103,-0.007460132829783417
119553,2023-02-05,149.6325,0.16982369676249665
119553,2023-02-06,129.0148,-0.1377889161779693
119553,2023-02-08,135.1167,0.047296124165599585
119553,2023-02-10,136.2988,0.00874873350222427
119553,2023-02-11,141.0342,0.03474278570317568
119553,2023-03-01,129.1139,-0.08452063400224907
119553,2023-03-02,128.4698,-0.004988618576311388
119553,2023-03-03,130.6747,0.017162788453006117
119553,2023-03-04,133.023,0.017970578849616503
119553,2023-03-05,150.6734,0.1326868285935514
119553,2023-03-07,122.6508,-0.18598239636193237
119553,2023-03-08,133.7892,0.09081392049623793
119553,2023-03-10,138.7832,0.03732737769565864
119553,2023-03-11,141.8886,0.022375907170320453
119553,2023-04-01,129.0416,-0.09054286249917198
119553,2023-04-04,133.3551,0.03342720487036743
119553,2023-04-05,147.6472,0.10717325396628996
119553,2023-04-07,122.6146,-0.16954334386293812
119553,2023-04-08,133.891,0.09196620957047519
119553,2023-04-09,130.2809,-0.026962977347245065
119553,2023-04-10,138.9009,0.06616472560444397
119553,2023-04-12,159.148,0.1457665141118596
119553,2023-05-01,128.9345,-0.18984530122904453
119553,2023-05-04,135.4257,0.050344942587127406
119553,2023-05-05,148.0767,0.0934165376291205
119553,2023-05-06,128.5141,-0.1321112639598261
119553,2023-05-07,121.0212,-0.0583041082651633
119553,2023-05-09,129.5652,0.07059920080118198
119553,2023-05-10,138.9622,0.072527190943247
119553,2023-05-12,157.6059,0.1341638229676847
119553,2023-06-01,127.09,-0.19362155858378394
119553,2023-06-02,128.1739,0.008528601778267308
119553,2023-06-03,128.285,0.0008667911329840461
119553,2023-06-04,137.2336,0.06975562224733989
119553,2023-06-06,126.8374,-0.07575550011076004
119553,2023-06-07,118.8762,-0.0627669756712137
119553,2023-06-09,129.4251,0.0887385363933233
119553,2023-06-10,140.1429,0.08281083035670833
119553,2023-06-11,141.3922,0.008914472299345944
119553,2023-06-12,158.805,0.1231524794154133
119553,2023-07-02,126.8184,-0.20142061018229906
119553,2023-07-03,127.874,0.008323713278199474
119553,2023-07-04,135.349,0.058455980105416305
119553,2023-07-06,125.5475,-0.07241649365713809
119553,2023-07-07,119.4807,-0.04832274637089551
119553,2023-07-08,136.0481,0.13866172528282816
119553,2023-07-09,131.1048,-0.03633494330314058
119553,2023-07-11,142.1091,0.08393514196276564
119553,2023-07-12,155.5257,0.09441056202593634
119553,2023-08-02,129.0775,-0.17005678161229953
119553,2023-08-03,128.0156,-0.00822684046406208
119553,2023-08-05,145.6957,0.1381089492218135
119553,2023-08-06,126.6742,-0.13055635821784717
119553,2023-08-08,136.2438,0.0755449807458819
119553,2023-08-09,132.625,-0.0265612086568342
119553,2023-08-11,141.4277,0.06637285579641827
119553,2023-08-12,153.1731,0.08304879454307756
119553,2023-09-01,129.8131,-0.15250719610688834
119553,2023-09-02,130.9007,0.008378199118578955
119553,2023-09-03,131.0289,0.000979368330344954
119553,2023-09-05,144.0783,0.09959176944933534
119553,2023-09-06,126.0499,-0.1251291832288417
119553,2023-09-08,136.4466,0.08248082703754611
119553,2023-09-10,142.2564,0.04257929475707001
119553,2023-09-11,143.5685,0.009223486605874909
119553,2023-10-01,129.116,-0.10066623249528961
119553,2023-10-02,129.0542,-0.00047863936305336807
119553,2023-10-03,132.5229,0.026877854420855662
119553,2023-10-04,137.0104,0.03386207213998493
119553,2023-10-05,145.4102,0.061307754739786224
119553,2023-10-07,119.8038,-0.17609768778256274
119553,2023-10-08,137.0466,0.14392531789475815
119553,2023-10-10,140.0171,0.021675109050498076
119553,2023-10-11,148.0294,0.05722372481646887
119553,2023-11-01,129.7007,-0.12381797129489136
119553,2023-11-04,139.0304,0.07193253390305498
119553,2023-11-05,145.1282,0.04385947246069932
119553,2023-11-07,121.2066,-0.1648308185452586
119553,2023-11-08,137.8635,0.13742568473993977
119553,2023-11-09,132.5976,-0.03819647695002659
119553,2023-11-10,138.2016,0.04226320838386233
119553,2023-11-12,156.5978,0.13311133879781423
119553,2023-12-01,130.1544,-0.16886188694860338
119553,2023-12-04,138.8408,0.06673919590885902
119553,2023-12-05,146.4084,0.05450559201617966
119553,2023-12-06,124.3632,-0.15057332775988264
119553,2023-12-07,122.3307,-0.016343259099154794
119553,2023-12-09,134.6709,0.10087574092194362
119553,2023-12-10,137.7443,0.02282155981730294
119553,2023-12-12,154.3077,0.12024744399586762
119553,2024-01-01,142.6712,-0.07541101318987975
119553,2024-01-02,144.8625,0.015359091393357671
119553,2024-01-03,146.1055,0.008580550522046648
119553,2024-01-04,155.9842,0.0676134710876728
119553,2024-01-05,139.3086,-0.106905699423403
119553,2024-01-07,130.6398,-0.0622273140351709
119553,2024-01-08,130.5702,-0.0005327626037394673
119553,2024-01-10,112.0169,-0.14209444421468298
119553,2024-01-11,112.7511,0.006554368135522237
119553,2024-02-01,143.5685,0.27332238887248117
119553,2024-02-02,143.1257,-0.003084242016876959
119553,2024-02-04,155.6384,0.08742455058735077
119553,2024-02-05,141.3715,-0.09166696650698025
119553,2024-02-07,131.9453,-0.06667680543815402
119553,2024-02-08,129.1584,-0.021121631463947632
119553,2024-02-09,122.9425,-0.048126176849511926
119553,2024-02-10,111.1731,-0.09573093112633946
119553,2024-02-12,105.7563,-0.04872401687098771
119553,2024-03-01,142.9443,0.35163862578399585
119553,2024-03-04,158.3576,0.10782731455538963
119553,2024-03-05,140.8169,-0.11076639201402383
119553,2024-03-06,126.0569,-0.10481696444105792
119553,2024-03-07,131.2903,0.04151617245862793
119553,2024-03-09,120.1207,-0.08507559202774317
119553,2024-03-10,110.9281,-0.07652802556095661
119553,2024-03-12,104.6569,-0.056533917014714996
119553,2024-04-01,143.6506,0.3725860406719481
119553,2024-04-03,145.497,0.012853409592441745
119553,2024-04-04,157.975,0.08576121844436635
119553,2024-04-06,125.9176,-0.20292704541857887
119553,2024-04-07,133.0808,0.05688799659459853
119553,2024-04-09,119.1071,-0.10500162307410243
119553,2024-04-10,110.8078,-0.0696793054318341
119553,2024-04-11,113.0181,0.019947151734805768
119553,2024-04-12,106.8181,-0.0548584695725729
119553,2024-05-01,143.5291,0.343677710051012
119553,2024-05-02,144.457,0.0064648910917715074
119553,2024-05-03,146.9055,0.016949680527769573
119553,2024-05-04,160.4222,0.09200948909332873
119553,2024-05-06,126.7304,-0.2100195608837181
119553,2024-05-07,134.032,0.05761522097302629
119553,2024-05-08,125.4969,-0.06367956905813543
119553,2024-05-09,118.7388,-0.053850732567896076
119553,2024-05-11,112.856,-0.04954404120641276
119553,2024-05-12,106.6532,-0.05496207556532218
119553,2024-06-02,144.7229,0.3569485022484089
119553,2024-06-03,144.1324,-0.004080211217437069
119553,2024-06-05,139.8729,-0.02955268905534081
119553,2024-06-06,129.0583,-0.07731733595285428
119553,2024-06-08,128.6399,-0.0032419456943101332
119553,2024-06-09,117.7672,-0.08452043261849562
119553,2024-06-11,111.3854,-0.05418996121161068
119553,2024-06-12,106.8039,-0.04113196163949684
119553,2024-07-02,143.4403,0.3430249269923664
119553,2024-07-03,143.5826,0.0009920503512612644
119553,2024-07-05,139.2406,-0.03024043303297208
119553,2024-07-06,128.3633,-0.07811873835648508
119553,2024-07-08,127.2025,-0.00904308318654945
119553,2024-07-10,111.8607,-0.12060926475501665
119553,2024-07-11,109.5059,-0.021051182408120095
119553,2024-08-01,140.062,0.2790361067303224
119553,2024-08-02,143.7106,0.026049892190601165
119553,2024-08-03,145.4918,0.012394353652409817
119553,2024-08-04,159.3958,0.09556552328034984
119553,2024-08-05,137.4516,-0.13767113060695446
119553,2024-08-07,132.4837,-0.036142904120432306
119553,2024-08-08,127.5291,-0.03739780818319538
119553,2024-08-10,111.3332,-0.12699768131351974
119553,2024-08-11,107.2241,-0.03690812803368626
119553,2024-09-01,142.3202,0.3273154076369025
119553,2024-09-02,142.7282,0.0028667750607431763
119553,2024-09-04,158.5286,0.11070272027532058
119553,2024-09-05,135.3878,-0.14597239867128087
119553,2024-09-07,132.3202,-0.02265787611586867
119553,2024-09-08,127.3434,-0.03761179321071162
119553,2024-09-09,117.3252,-0.07867074383124695
119553,2024-09-10,112.3809,-0.042141841650387146
119553,2024-09-12,106.3306,-0.05383744034795945
119553,2024-10-01,145.9203,0.37232649867488754
119553,2024-10-04,159.5158,0.09317072401852244
119553,2024-10-05,132.7753,-0.16763543172525874
119553,2024-10-06,129.4879,-0.02475912312003803
119553,2024-10-07,131.1483,0.012822819738369517
119553,2024-10-09,119.2072,-0.09105036054603843
119553,2024-10-10,112.9371,-0.052598332986598106
119553,2024-10-12,107.9086,-0.04452478414976113
119553,2024-11-01,145.6764,0.3499980539085856
119553,2024-11-03,145.2636,-0.0028336779327331474
119553,2024-11-04,162.5893,0.11927076019044014
119553,2024-11-06,128.2677,-0.21109384196869052
119553,2024-11-07,131.4981,0.02518482829270341
119553,2024-11-09,118.4858,-0.09895428146870566
119553,2024-11-10,112.8431,-0.047623428292672965
119553,2024-11-11,106.2483,-0.05844220869508199
119553,2024-11-12,108.2156,0.018516060962857628
119553,2024-12-01,144.1723,0.3322690998340352
119553,2024-12-02,141.45,-0.018882267952998077
119553,2024-12-03,145.8045,0.030784729586426307
119553,2024-12-04,162.2493,0.11278664238758074
119553,2024-12-06,128.8331,-0.20595589626580824
119553,2024-12-07,130.3241,0.011573112810294717
119553,2024-12-08,128.7718,-0.011911074007033062
119553,2024-12-09,118.0543,-0.08322862614330162
119553,2024-12-11,103.6303,-0.12218106413743501
119553,2024-12-12,109.2525,0.0542524724911535
119553,2025-01-01,112.7883,0.03236356147456587
119553,2025-01-04,108.2302,-0.04041287970472118
119553,2025-01-05,111.8753,0.033679139463846486
119553,2025-01-07,106.6622,-0.046597416945474035
119553,2025-01-08,111.7209,0.04742729851812544
119553,2025-01-09,103.9837,-0.06925472315385928
119553,2025-01-10,107.1695,0.030637494145717037
119553,2025-01-12,119.2898,0.11309467712362187
119553,2025-02-01,113.7263,-0.046638522321271414
119553,2025-02-04,106.3769,-0.06462357431834143
119553,2025-02-05,112.6423,0.058898125438887616
119553,2025-02-06,114.4326,0.015893674046073114
119553,2025-02-07,107.8485,-0.05753692566628732
119553,2025-02-09,103.5083,-0.04024348971010261
119553,2025-02-10,108.1071,0.04442928731319129
119553,2025-02-12,118.891,0.09975200518744831
119553,2025-03-01,112.4326,-0.054322026057481265
119553,2025-03-02,106.2052,-0.055387850143107875
119553,2025-03-03,107.4857,0.01205684844056587
119553,2025-03-04,107.1634,-0.002998538410225682
119553,2025-03-06,115.4744,0.07755446355752071
119553,2025-03-07,108.5146,-0.060271367506564255
119553,2025-03-09,102.4976,-0.05544875989037412
119553,2025-03-10,105.2202,0.026562573172445036
119553,2025-03-11,111.4516,0.05922246868947201
119553,2025-03-12,120.5597,0.0817224696639618
119553,2025-04-02,105.4354,-0.1254507103119865
119553,2025-04-03,107.1399,0.01616629708807471
119553,2025-04-04,107.7159,0.0053761483816954225
119553,2025-04-06,113.8423,0.05687554019415875
119553,2025-04-07,109.4706,-0.038401367505751294
119553,2025-04-08,110.7449,0.011640568335242518
119553,2025-04-09,103.7604,-0.06306836703089713
119553,2025-04-11,108.8011,0.04858019051584228
119553,2025-04-12,119.3428,0.0968896454171877
119553,2025-05-02,102.3134,-0.1426931494819964
119553,2025-05-03,108.2166,0.057697232229600326
119553,2025-05-05,110.8272,0.024123840519846285
119553,2025-05-06,115.3915,0.04118393318607705
119553,2025-05-08,110.3502,-0.04368865990995863
119553,2025-05-09,103.03,-0.06633608276197056
119553,2025-05-11,110.1898,0.06949238085994369
119553,2025-05-12,116.9171,0.061051930396461396
119553,2025-06-01,111.114,-0.049634313543527875
119553,2025-06-02,104.0694,-0.06339975160645828
119553,2025-06-03,110.0768,0.057724941241133365
119553,2025-06-05,109.7902,-0.002603636733626069
119553,2025-06-06,114.6017,0.043824494353776444
119553,2025-06-08,108.9951,-0.04892248544306066
119553,2025-06-10,103.679,-0.04877375221454905
119553,2025-06-11,113.6336,0.09601365753913527
119553,2025-07-01,111.5806,-0.018066839385533884
119553,2025-07-02,103.6718,-0.07087970489493689
119553,2025-07-03,111.9624,0.07996967352742024
119553,2025-07-04,108.7479,-0.02871053139268187
119553,2025-07-05,109.0965,0.0032055791422178626
119553,2025-07-07,107.694,-0.012855591150953583
119553,2025-07-08,110.7732,0.02859212212379525
119553,2025-07-10,103.839,-0.06259817356544728
119553,2025-07-11,110.8358,0.06738123441096322
119553,2025-08-01,112.9571,0.01913912291876807
119553,2025-08-04,110.4693,-0.022024290637773003
119553,2025-08-05,108.4062,-0.018675776890050066
119553,2025-08-07,107.9297,-0.004395505054138993
119553,2025-08-08,109.7092,0.016487584047764514
119553,2025-08-09,102.6022,-0.06478034658898246
119553,2025-08-10,102.6313,0.00028361964948109275
119553,2025-08-12,115.0654,0.12115309851867795
119553,2025-09-01,113.2023,-0.0161916614377563
119553,2025-09-04,111.5456,-0.014634861659171272
119553,2025-09-05,108.8362,-0.024289617878248793
119553,2025-09-06,117.17,0.07657194940653933
119553,2025-09-07,107.5804,-0.0818434752923104
119553,2025-09-09,103.177,-0.040931247699394935
119553,2025-09-10,105.1889,0.019499500857749208
119553,2025-09-12,116.4899,0.10743529022548959
119553,2025-10-01,111.1098,-0.04618511991168328
119553,2025-10-02,102.7143,-0.07556039161262118
119553,2025-10-03,111.2277,0.08288427219968408
119553,2025-10-04,112.7516,0.013700723830484707
119553,2025-10-06,116.7831,0.0357555901645743
119553,2025-10-07,109.5163,-0.0622247568355353
119553,2025-10-09,103.6181,-0.05385682313956919
119553,2025-10-10,105.9909,0.02289947412662463
119553,2025-10-11,110.5034,0.04257440968988857
119553,2025-10-12,115.187,0.04238421623226074
119553,2025-11-02,103.1651,-0.10436854853412281
119553,2025-11-03,110.1333,0.06754415979822648
119553,2025-11-04,109.9908,-0.0012938865901594987
119553,2025-11-06,118.2898,0.07545176505671392
119553,2025-11-07,109.7948,-0.07181515227855662
119553,2025-11-08,110.7943,0.0091033455136309
119553,2025-11-09,102.5538,-0.07437656991379527
119553,2025-11-11,110.4135,0.07663977346524464
119553,2025-11-12,115.7888,0.04868335846612948
119553,2025-12-02,101.9212,-0.11976633318593854
119553,2025-12-03,110.0756,0.08000690729700977
119553,2025-12-05,107.6101,-0.022398242662315604
119553,2025-12-06,114.7989,0.06680413827326626
119553,2025-12-08,111.0926,-0.03228515255808195
119553,2025-12-09,103.5291,-0.06808284260157749
119553,2025-12-11,111.6228,0.07817801951335412
119553,2025-12-12,115.4313,0.03411937346133587
119553,2026-01-01,122.0633,0.05745408740956748
119553,2026-01-04,122.1626,0.0008135123333548044
119553,2026-01-05,125.2755,0.0254816122119208
119553,2026-02-01,124.2216,-0.008412658500664527
119553,2026-02-02,120.8484,-0.027154697733727473
119553,2026-02-03,124.113,0.027014010942635558
119553,2026-02-04,124.3121,0.001604183284587446
119553,2026-03-02,120.4328,-0.031206133594396723
119553,2026-03-03,123.6405,0.0266347705940575
119553,2026-03-04,125.0678,0.011543952022193382
119553,2026-04-02,119.174,-0.04712483948706225
119553,2026-04-03,122.3138,0.02634635071408198
119553,2026-04-05,127.5417,0.04274170208104078
119553,2026-05-01,122.1072,-0.04260959356822125
119553,2026-05-02,120.254,-0.015176828229621186
119553,2026-05-03,123.3591,0.0258211785054967
119553,2026-05-05,129.2261,0.04756033401670412
119553,2026-06-01,122.2492,-0.05398986737199374
119553,2026-06-02,120.1795,-0.016930172140185773
119553,2026-06-03,126.2627,0.050617617813354165
119553,2026-06-04,125.3197,-0.007468555638363461
119553,2026-06-05,126.9732,0.013194254375010539
119553,2026-07-01,119.0532,-0.06237536740036487
119553,2026-07-04,126.2409,0.06037384967392723
119553,2026-07-05,128.347,0.01668318270861513
119553,2026-08-01,116.029,-0.0959741949558619
119553,2026-08-04,125.8926,0.08500978203724929
119553,2026-08-05,128.6938,0.022250712114929794
119553,2026-09-01,114.9125,-0.10708596684533378
119553,2026-09-02,121.4335,0.05674752529098237
119553,2026-09-03,127.3118,0.04840756463414131
119553,2026-09-04,125.5342,-0.013962570633672677
119553,2026-10-02,122.0025,-0.02813336923324483
119553,2026-10-03,131.8932,0.08106965021208601
119553,2026-10-04,122.9181,-0.06804823902976054
119553,2026-11-02,120.8964,-0.016447537018551395
119553,2026-11-03,129.7716,0.07341161523420059
119553,2026-11-05,130.6411,0.006700233333025052
119553,2026-12-01,114.0014,-0.1273695644020143
119553,2026-12-02,122.5094,0.07463066243046135
119553,2026-12-03,127.8037,0.04321545938515747
119553,2026-12-05,131.2053,0.026615817851908696
119555,2022-01-02,121.8481,
119555,2022-01-03,121.4945,-0.0029019738510489557
119555,2022-01-04,121.4877,-5.596961179310522e-05
119555,2022-01-06,137.9968,0.1358911231342761
119555,2022-01-07,157.7643,0.1432460752713105
119555,2022-01-08,160.7817,0.01912599998859066
119555,2022-01-09,151.2671,-0.059177132720950265
119555,2022-01-11,162.9482,0.07722168270562468
119555,2022-01-12,154.6012,-0.05122486778006763
119555,2022-02-02,124.3398,-0.19573845481147634
119555,2022-02-03,122.6392,-0.01367703663670039
119555,2022-02-05,133.5794,0.08920638751720489
119555,2022-02-06,139.3906,0.04350371389600505
119555,2022-02-08,161.4896,0.15854010241723615
119555,2022-02-09,154.6442,-0.04238910741001267
119555,2022-02-11,160.7786,0.03966783105994276
119555,2022-02-12,154.4685,-0.03924713861173068
119555,2022-03-01,128.3091,-0.16935103273482943
119555,2022-03-02,122.2967,-0.04685871851645751
119555,2022-03-03,125.0481,0.022497745237606503
119555,2022-03-05,135.6774,0.0850016913491689
119555,2022-03-06,142.0705,0.04711985931334173
119555,2022-03-08,161.8377,0.13913655544254433
119555,2022-03-10,163.4644,0.010051428066513601
119555,2022-03-11,158.2567,-0.03185831288035812
119555,2022-04-01,130.0984,-0.17792801189459906
119555,2022-04-02,120.1107,-0.07677035228719187
119555,2022-04-03,127.292,0.059789011303738926
119555,2022-04-04,121.5975,-0.044735725732960474
119555,2022-04-05,135.6913,0.11590534344867298
119555,2022-04-07,158.8938,0.1709947505845988
119555,2022-04-08,158.5915,-0.001902528607157783
119555,2022-04-10,160.8766,0.014408716734503502
119555,2022-04-11,157.7566,-0.019393746511301213
119555,2022-05-01,132.0236,-0.16311837349435776
119555,2022-05-04,119.1247,-0.09770147155508546
119555,2022-05-05,133.1243,0.1175205477957133
119555,2022-05-07,160.7681,0.20765404963631728
119555,2022-05-08,158.7129,-0.012783630583430461
119555,2022-05-09,155.0449,-0.02311091284955402
119555,2022-05-10,160.5878,0.035750289109799605
119555,2022-05-12,153.7311,-0.04269751500425312
119555,2022-06-01,131.9518,-0.14167139895570902
119555,2022-06-04,118.4312,-0.10246620356827252
119555,2022-06-05,133.5245,0.12744361283175376
119555,2022-06-06,144.0121,0.07854438698516009
119555,2022-06-07,161.3124,0.12013087789151045
119555,2022-06-09,157.589,-0.02308192054671554
119555,2022-06-10,162.3022,0.029908178870352575
119555,2022-06-12,154.6676,-0.04703941166539949
119555,2022-07-01,135.1373,-0.12627272938870182
119555,2022-07-02,118.7929,-0.12094662243510867
119555,2022-07-03,129.7998,0.0926562109351654
119555,2022-07-04,118.5126,-0.08695853152316102
119555,2022-07-06,143.8415,0.21372326655562346
119555,2022-07-07,162.2997,0.12832318906574258
119555,2022-07-09,158.1167,-0.02577330703630376
119555,2022-07-10,164.099,0.03783471322131038
119555,2022-07-11,156.0464,-0.04907159702374775
119555,2022-07-12,154.5303,-0.00971569994565713
119555,2022-08-02,120.4559,-0.2205030340328079
119555,2022-08-03,130.7235,0.08523949428795108
119555,2022-08-04,119.3355,-0.08711517056994345
119555,2022-08-06,141.1612,0.18289360668032573
119555,2022-08-07,162.578,0.15171874424416898
119555,2022-08-08,159.6311,-0.01812606871778466
119555,2022-08-09,157.3289,-0.014422001727733447
119555,2022-08-11,153.5725,-0.023876096508651745
119555,2022-08-12,154.4639,0.005804424620293291
119555,2022-09-02,119.7207,-0.2249276368135208
119555,2022-09-03,130.5036,0.09006713124797971
119555,2022-09-05,133.7856,0.025148731529245127
119555,2022-09-06,141.7746,0.05971494690011481
119555,2022-09-08,157.021,0.10753971444814514
119555,2022-09-09,158.5024,0.009434406862776301
119555,2022-09-11,157.2248,-0.008060445772430036
119555,2022-09-12,155.2707,-0.012428700815647287
119555,2022-10-01,137.7658,-0.11273794733971054
119555,2022-10-02,120.2708,-0.1269908787231665
119555,2022-10-03,129.932,0.08032872484426812
119555,2022-10-05,133.0935,0.024331958255087383
119555,2022-10-06,142.9759,0.07425155999353827
119555,2022-10-08,154.2292,0.07870767031366821
119555,2022-10-10,165.4839,0.07297385968415848
119555,2022-10-11,156.4434,-0.05463069217005401
119555,2022-11-01,134.5474,-0.13996116167252814
119555,2022-11-02,120.4312,-0.1049161856713694
119555,2022-11-03,129.9634,0.07915058556254517
119555,2022-11-04,122.0333,-0.061017948130012045
119555,2022-11-05,133.5808,0.09462581115154656
119555,2022-11-07,164.2071,0.22927172168455345
119555,2022-11-08,152.3201,-0.07239029250257756
119555,2022-11-10,164.5456,0.08026189583646559
119555,2022-11-11,160.8528,-0.022442411100631054
119555,2022-12-01,132.9448,-0.17350024370107342
119555,2022-12-04,123.2685,-0.07278434357718377
119555,2022-12-05,133.5702,0.08357122865938993
119555,2022-12-07,163.8298,0.22654454361826226
119555,2022-12-08,153.7536,-0.06150407312955275
119555,2022-12-09,162.678,0.05804351898101889
119555,2022-12-10,161.9188,-0.0046668879627238535
119555,2022-12-12,153.4154,-0.05251644651516685
119555,2023-01-02,161.0722,0.04990894004122137
119555,2023-01-03,161.5719,0.003102335474402196
119555,2023-01-05,159.9154,-0.01025240156240037
119555,2023-01-06,159.5465,-0.0023068447441584317
119555,2023-01-08,158.5604,-0.006180643260742302
119555,2023-01-09,176.3829,0.11240196164994543
119555,2023-01-11,172.6541,-0.021140371317174167
119555,2023-01-12,161.0749,-0.0670658849109288
119555,2023-02-01,160.4671,-0.003773399828278845
119555,2023-02-02,161.6834,0.0075797468764626785
119555,2023-02-03,166.3286,0.028730222150202156
119555,2023-02-05,160.7355,-0.0336268086186019
119555,2023-02-06,159.0208,-0.010667836290054078
119555,2023-02-08,157.4894,-0.00963018674286642
119555,2023-02-10,173.4444,0.10130840551808573
119555,2023-02-11,171.485,-0.011296992004354078
119555,2023-03-01,157.5372,-0.08133539376621857
119555,2023-03-02,161.1654,0.02303075083218431
119555,2023-03-03,168.1529,0.04335608015119852
119555,2023-03-04,166.7439,-0.008379278620826547
119555,2023-03-05,162.6293,-0.024676165065108835
119555,2023-03-07,155.1551,-0.04595850809171531
119555,2023-03-08,161.448,0.04055876990185947
119555,2023-03-10,176.1073,0.09079889500024785
119555,2023-03-11,171.1512,-0.028142501758871008
119555,2023-04-01,158.8986,-0.07158933153842917
119555,2023-04-04,165.9035,0.04408408884659787
119555,2023-04-05,164.4726,-0.008624893386818266
119555,2023-04-07,156.2515,-0.049984617498598616
119555,2023-04-08,162.6484,0.0409397669782372
119555,2023-04-09,176.4483,0.08484497849348638
119555,2023-04-10,177.8488,0.007937169131128075
119555,2023-04-12,159.9008,-0.10091718358515778
119555,2023-05-01,160.8906,0.006190087854469839
119555,2023-05-04,164.2199,0.02069294290654633
119555,2023-05-05,167.6669,0.020990147966233108
119555,2023-05-06,163.8104,-0.023000962026494265
119555,2023-05-07,155.7056,-0.04947671210130722
119555,2023-05-09,175.481,0.1270050659706523
119555,2023-05-10,176.4754,0.0056667103561069965
119555,2023-05-12,158.5499,-0.10157506371992919
119555,2023-06-01,159.8582,0.008251660833592522
119555,2023-06-02,159.5778,-0.0017540545308279976
119555,2023-06-03,171.9903,0.07778337588311146
119555,2023-06-04,166.536,-0.031712834968018466
119555,2023-06-06,162.9147,-0.021744847960801228
119555,2023-06-07,158.2476,-0.028647506946887002
119555,2023-06-09,174.9168,0.10533619467214672
119555,2023-06-10,174.13,-0.004498138543581831
119555,2023-06-11,173.294,-0.0048010107391028845
119555,2023-06-12,158.0543,-0.0879413020646993
119555,2023-07-02,161.6086,0.02248784120394065
119555,2023-07-03,171.1712,0.05917135597981793
119555,2023-07-04,166.3719,-0.02803801106728232
119555,2023-07-06,161.8572,-0.027136193071065517
119555,2023-07-07,157.5889,-0.026370776215083436
119555,2023-07-08,162.4196,0.030653808739067312
119555,2023-07-09,172.4694,0.06187553718886152
119555,2023-07-11,172.2771,-0.0011149803965225802
119555,2023-07-12,155.0045,-0.10026056858398469
119555,2023-08-02,162.1803,0.04629413984755271
119555,2023-08-03,169.9396,0.04784366535269702
119555,2023-08-05,166.5308,-0.02005889151204321
119555,2023-08-06,162.3272,-0.02524217742303525
119555,2023-08-08,162.6047,0.001709510174511708
119555,2023-08-09,174.1562,0.07104038198157858
119555,2023-08-11,170.4388,-0.021345206199951727
119555,2023-08-12,151.4331,-0.11151040725468608
119555,2023-09-01,160.7764,0.061699192580750184
119555,2023-09-02,160.2052,-0.0035527602309791684
119555,2023-09-03,170.9471,0.06705088224352274
119555,2023-09-05,165.853,-0.029799277086303255
119555,2023-09-06,160.9296,-0.02968532375055033
119555,2023-09-08,163.0277,0.013037377834780095
119555,2023-09-10,177.7761,0.09046560799177072
119555,2023-09-11,170.8482,-0.03896980527753746
119555,2023-10-01,160.1673,-0.06251690096822782
119555,2023-10-02,160.8373,0.004183126018856509
119555,2023-10-03,172.9803,0.07549865609532125
119555,2023-10-04,165.3928,-0.04386337634979243
119555,2023-10-05,164.0918,-0.007866122346317339
119555,2023-10-07,155.3217,-0.05344630261841243
119555,2023-10-08,162.6378,0.04710288388550987
119555,2023-10-10,174.4798,0.0728121014917813
119555,2023-10-11,170.4864,-0.022887463190581436
119555,2023-11-01,161.9411,-0.05012305966927566
119555,2023-11-04,163.319,0.008508649132307866
119555,2023-11-05,164.1013,0.004790012184742842
119555,2023-11-07,154.5178,-0.058399902986752794
119555,2023-11-08,160.0258,0.03564637860492459
119555,2023-11-09,169.9497,0.062014375182001924
119555,2023-11-10,173.6108,0.021542256326430698
119555,2023-11-12,151.6794,-0.12632509037456208
119555,2023-12-01,161.4047,0.06411747409338386
119555,2023-12-04,159.7237,-0.010414814438489017
119555,2023-12-05,163.9147,0.026239061579464984
119555,2023-12-06,158.2186,-0.03475039151461101
119555,2023-12-07,153.9224,-0.027153571071921956
119555,2023-12-09,168.6045,0.0953863765118006
119555,2023-12-10,175.0332,0.03812887556381939
119555,2023-12-12,151.9565,-0.1318418448614319
119555,2024-01-01,148.222,-0.02457611224264833
119555,2024-01-02,136.3301,-0.08023033018040515
119555,2024-01-03,141.9701,0.04137017430486756
119555,2024-01-04,145.2323,0.02297807777834926
119555,2024-01-05,144.0166,-0.00837072744837064
119555,2024-01-07,134.9608,-0.06288025130436359
119555,2024-01-08,136.4107,0.010743119483583197
119555,2024-01-10,140.1498,0.027410606352727518
119555,2024-01-11,148.7049,0.061042541623320234
119555,2024-02-01,147.9823,-0.004859288429634789
119555,2024-02-02,138.1002,-0.06677893234528731
119555,2024-02-04,146.1739,0.058462623515389556
119555,2024-02-05,145.2818,-0.006103004708775006
119555,2024-02-07,135.0891,-0.07015813405395588
119555,2024-02-08,135.31,0.0016352170530413712
119555,2024-02-09,136.5473,0.009144187421476602
119555,2024-02-10,138.638,0.015311177884879346
119555,2024-02-12,135.2853,-0.02418312439590875
119555,2024-03-01,148.374,0.09674887071987848
119555,2024-03-04,145.21,-0.021324490813754315
119555,2024-03-05,143.4329,-0.012238137869292842
119555,2024-03-06,136.5057,-0.04829575362416849
119555,2024-03-07,135.377,-0.008268519190041013
119555,2024-03-09,138.5046,0.02310289044667857
119555,2024-03-10,137.9921,-0.0037002381148353303
119555,2024-03-12,135.4134,-0.018687301664370604
119555,2024-04-01,147.0207,0.08571751392402827
119555,2024-04-03,138.8482,-0.05558741048029303
119555,2024-04-04,144.6705,0.04193284464616753
119555,2024-04-06,133.8137,-0.07504501608828329
119555,2024-04-07,135.2096,0.010431667310596637
119555,2024-04-09,135.1941,-0.0001146368305209311
119555,2024-04-10,138.1959,0.022203631667358392
119555,2024-04-11,150.252,0.08723920174187527
119555,2024-04-12,135.4407,-0.09857639166200793
119555,2024-05-01,144.0701,0.06371349232542367
119555,2024-05-02,136.9951,-0.049108038378539276
119555,2024-05-03,140.0604,0.022375252837510073
119555,2024-05-04,145.0836,0.03586452701834353
119555,2024-05-06,133.7981,-0.07778618672268944
119555,2024-05-07,135.235,0.01073931543123563
119555,2024-05-08,135.0227,-0.001569859873553625
119555,2024-05-09,137.4025,0.017625184506012914
119555,2024-05-11,145.0595,0.055726788086097434
119555,2024-05-12,135.7191,-0.06439012956752244
119555,2024-06-02,134.6166,-0.008123396043740239
119555,2024-06-03,138.9304,0.03204508210725865
119555,2024-06-05,143.1245,0.030188497261938396
119555,2024-06-06,133.4564,-0.06755027965163207
119555,2024-06-08,135.0977,0.012298398578112435
119555,2024-06-09,138.3716,0.024233573184443635
119555,2024-06-11,145.8923,0.05435147096658577
119555,2024-06-12,136.0647,-0.06736201979131196
119555,2024-07-02,136.5039,0.0032278761500963427
119555,2024-07-03,139.2384,0.020032394678833443
119555,2024-07-05,144.0747,0.03473395270270263
119555,2024-07-06,135.1749,-0.06177212237818297
119555,2024-07-08,135.2856,0.0008189390190040946
119555,2024-07-10,135.2947,6.72651043422956e-05
119555,2024-07-11,146.2383,0.08088713009452708
119555,2024-08-01,147.2267,0.006758831304794821
119555,2024-08-02,137.2935,-0.06746874038472639
119555,2024-08-03,138.7747,0.010788566101090025
119555,2024-08-04,148.0759,0.06702374424156554
119555,2024-08-05,143.6755,-0.02971719233177028
119555,2024-08-07,135.5007,-0.05689766174469557
119555,2024-08-08,135.7918,0.002148328385019438
119555,2024-08-10,136.3714,0.0042682989694518
119555,2024-08-11,142.994,0.048562968481661084
119555,2024-09-01,143.1898,0.0013692882218834246
119555,2024-09-02,137.2418,-0.041539271652030973
119555,2024-09-04,146.8768,0.0702045586694433
119555,2024-09-05,145.3943,-0.0100934933222947
119555,2024-09-07,136.3439,-0.0622472820461325
119555,2024-09-08,135.5691,-0.005682689141208397
119555,2024-09-09,137.4014,0.013515616759276261
119555,2024-09-10,136.5735,-0.006025411677028081
119555,2024-09-12,136.6695,0.0007029182088764685
119555,2024-10-01,140.0997,0.025098504055403925
119555,2024-10-04,146.8017,0.04783736153610607
119555,2024-10-05,145.6171,-0.00806938884222741
119555,2024-10-06,135.6132,-0.0687000359161114
119555,2024-10-07,138.3181,0.01994569850132577
119555,2024-10-09,138.8885,0.0041238276118600314
119555,2024-10-10,138.2748,-0.004418652372226606
119555,2024-10-12,135.1581,-0.022539898810195358
119555,2024-11-01,143.1829,0.0593734300792923
119555,2024-11-03,138.0947,-0.03553636642364422
119555,2024-11-04,144.9683,0.04977453877665128
119555,2024-11-06,136.5452,-0.05810304735587024
119555,2024-11-07,134.6199,-0.014100092863022606
119555,2024-11-09,137.2047,0.019200727381315952
119555,2024-11-10,139.3461,0.015607337066441573
119555,2024-11-11,143.7555,0.03164351208968186
119555,2024-11-12,134.0434,-0.06755984988400454
119555,2024-12-01,143.2759,0.06887694582500914
119555,2024-12-02,137.1415,-0.0428152955242298
119555,2024-12-03,137.9618,0.005981413357736276
119555,2024-12-04,143.7777,0.04215587213272087
119555,2024-12-06,135.7458,-0.05586332233719138
119555,2024-12-07,136.4797,0.005406428780853734
119555,2024-12-08,134.3503,-0.015602320345077025
119555,2024-12-09,137.4557,0.02311420220126048
119555,2024-12-11,144.8395,0.05371767049311149
119555,2024-12-12,134.0444,-0.07453146413789047
119555,2025-01-01,139.447,0.04030455580389791
119555,2025-01-04,155.3572,0.11409496080948323
119555,2025-01-05,166.0159,0.06860769890291518
119555,2025-01-07,150.4273,-0.09389823504857053
119555,2025-01-08,139.2972,-0.07398989412161228
119555,2025-01-09,137.6486,-0.011835126621353553
119555,2025-01-10,123.2659,-0.10448853094038002
119555,2025-01-12,120.4151,-0.023127239569094238
119555,2025-02-01,139.5226,0.15868026518268907
119555,2025-02-04,154.9796,0.11078491943240731
119555,2025-02-05,165.7294,0.06936267741044633
119555,2025-02-06,161.6991,-0.02431855784187964
119555,2025-02-07,146.5485,-0.09369625433907791
119555,2025-02-09,134.4383,-0.0826361238770782
119555,2025-02-10,122.8389,-0.08628047215711598
119555,2025-02-12,119.0676,-0.03070118667620758
119555,2025-03-01,143.847,0.20811203047680493
119555,2025-03-02,136.9267,-0.048108754440481905
119555,2025-03-03,147.798,0.07939503398533665
119555,2025-03-04,153.2594,0.03695178554513601
119555,2025-03-06,157.6853,0.0288784896717591
119555,2025-03-07,150.0229,-0.04859298869330253
119555,2025-03-09,134.1157,-0.10603181247662852
119555,2025-03-10,121.8094,-0.09175883211286973
119555,2025-03-11,125.5322,0.03056250174452879
119555,2025-03-12,120.3994,-0.040888313914676844
119555,2025-04-02,137.2276,0.1397697995172733
119555,2025-04-03,146.5499,0.06793312715517885
119555,2025-04-04,156.1759,0.06568411169164912
119555,2025-04-06,160.5951,0.028296299236949984
119555,2025-04-07,151.786,-0.05485285665627404
119555,2025-04-08,142.3525,-0.06215000065882237
119555,2025-04-09,130.6208,-0.08241302400730577
119555,2025-04-11,125.8236,-0.036726156936720655
119555,2025-04-12,120.9334,-0.038865522843091416
119555,2025-05-02,137.5134,0.1371002551817777
119555,2025-05-03,149.424,0.08661410451635998
119555,2025-05-05,166.9037,0.11698053860156321
119555,2025-05-06,159.7513,-0.042853453817980114
119555,2025-05-08,142.7294,-0.10655249753836116
119555,2025-05-09,131.0851,-0.08158305156470902
119555,2025-05-11,124.8108,-0.04786432630405757
119555,2025-05-12,120.2578,-0.03647921493973272
119555,2025-06-01,143.9805,0.19726537488628604
119555,2025-06-02,139.0141,-0.034493559891790815
119555,2025-06-03,153.0995,0.10132353480690082
119555,2025-06-05,166.9146,0.09023608829552021
119555,2025-06-06,159.793,-0.042666129865212565
119555,2025-06-08,141.4406,-0.11485108859587101
119555,2025-06-10,121.0965,-0.14383493848300977
119555,2025-06-11,123.4638,0.019548872180451093
119555,2025-07-01,142.6111,0.15508432431206542
119555,2025-07-02,136.9997,-0.03934756831691222
119555,2025-07-03,153.8775,0.12319589020997856
119555,2025-07-04,153.7059,-0.0011151727835452263
119555,2025-07-05,167.0162,0.08659589514781141
119555,2025-07-07,150.9531,-0.09617689780991301
119555,2025-07-08,142.2643,-0.057559599637238446
119555,2025-07-10,122.1671,-0.1412666424394594
119555,2025-07-11,124.6182,0.020063503185391074
119555,2025-08-01,141.5537,0.13589909018104884
119555,2025-08-04,152.677,0.07858007243894005
119555,2025-08-05,167.1271,0.09464490394754943
119555,2025-08-07,149.3924,-0.10611504657233928
119555,2025-08-08,142.5777,-0.045616108985463866
119555,2025-08-09,129.1658,-0.09406730505541894
119555,2025-08-10,123.3691,-0.04487797853611397
119555,2025-08-12,118.8284,-0.03680581280077422
119555,2025-09-01,142.9436,0.20294138438285803
119555,2025-09-04,151.1885,0.05767939243170028
119555,2025-09-05,166.9323,0.10413358158854669
119555,2025-09-06,161.3765,-0.03328175553802348
119555,2025-09-07,149.4791,-0.07372448900552442
119555,2025-09-09,127.921,-0.1442214998618535
119555,2025-09-10,121.7401,-0.04831810257893554
119555,2025-09-12,118.3038,-0.02822652519588864
119555,2025-10-01,140.5577,0.18810807429685283
119555,2025-10-02,138.0469,-0.0178631266732453
119555,2025-10-03,154.4761,0.11901172717388087
119555,2025-10-04,152.6108,-0.012075007072291366
119555,2025-10-06,162.4622,0.0645524432084752
119555,2025-10-07,149.5167,-0.07968315091141209
119555,2025-10-09,124.478,-0.1674642364364649
119555,2025-10-10,121.4137,-0.02461720143318491
119555,2025-10-11,124.3669,0.02432344949540277
119555,2025-10-12,115.9666,-0.06754449938046214
119555,2025-11-02,135.9277,0.17212800927163507
119555,2025-11-03,152.7724,0.12392396840379116
119555,2025-11-04,155.0914,0.015179443407316917
119555,2025-11-06,163.9985,0.05743129535228908
119555,2025-11-07,147.2946,-0.10185398037177174
119555,2025-11-08,142.1206,-0.03512688177299106
119555,2025-11-09,126.9989,-0.10640047959268384
119555,2025-11-11,125.0286,-0.015514307604239108
119555,2025-11-12,116.195,-0.07065263467718585
119555,2025-12-02,137.2566,0.18126081156676266
119555,2025-12-03,150.8692,0.0991762873333597
119555,2025-12-05,165.7882,0.09888698289644271
119555,2025-12-06,165.8443,0.00033838355202608916
119555,2025-12-08,140.1235,-0.1550900453015268
119555,2025-12-09,124.8266,-0.10916727030084183
119555,2025-12-11,121.7014,-0.025036330397527395
119555,2025-12-12,117.5656,-0.033983175214089556
119555,2026-01-01,109.2448,-0.07077580516749804
119555,2026-01-04,110.8259,0.014473000087876109
119555,2026-01-05,97.5707,-0.11960381102251372
119555,2026-02-01,109.3827,0.12106093325147804
119555,2026-02-02,109.5061,0.0011281491497283636
119555,2026-02-03,115.9953,0.05925879928150124
119555,2026-02-04,110.6751,-0.04586565145311927
119555,2026-03-02,110.0955,-0.005236950316737876
119555,2026-03-03,118.4015,0.07544359215408436
119555,2026-03-04,110.6572,-0.06540711055180881
119555,2026-04-02,110.6789,0.00019610111226375793
119555,2026-04-03,117.3497,0.06027165069403462
119555,2026-04-05,96.3691,-0.17878699306431967
119555,2026-05-01,108.3853,0.1246893454437159
119555,2026-05-02,110.8571,0.02280567567742131
119555,2026-05-03,119.2579,0.0757804416676966
119555,2026-05-05,95.1766,-0.2019262455568982
119555,2026-06-01,108.9028,0.1442182217057555
119555,2026-06-02,112.2261,0.03051620344013206
119555,2026-06-03,116.07,0.03425139071927119
119555,2026-06-04,111.9844,-0.03519944860859825
119555,2026-06-05,95.838,-0.1441843685370462
119555,2026-07-01,110.7774,0.1558818005384086
119555,2026-07-04,112.0426,0.01142110213816161
119555,2026-07-05,95.312,-0.14932356085988718
119555,2026-08-01,110.8586,0.16311272452576797
119555,2026-08-04,111.9218,0.009590595587532391
119555,2026-08-05,93.6544,-0.16321574527929328
119555,2026-09-01,112.6781,0.20312660163323892
119555,2026-09-02,113.4692,0.007020885158695478
119555,2026-09-03,114.5898,0.009875807708171092
119555,2026-09-04,113.34,-0.010906729918369606
119555,2026-10-02,113.7986,0.004046232574554276
119555,2026-10-03,115.0511,0.011006286544825716
119555,2026-10-04,114.2079,-0.007328917324562867
119555,2026-11-02,113.9404,-0.0023422197588782723
119555,2026-11-03,114.5501,0.005351043176959225
119555,2026-11-05,91.3503,-0.2025297228025117
119555,2026-12-01,115.7551,0.2671562107623071
119555,2026-12-02,114.1688,-0.013703931835400751
119555,2026-12-03,114.4989,0.0028913328334887467
119555,2026-12-05,93.8122,-0.1806716047053727
119847,2022-01-02,258.468,
119847,2022-01-03,274.0131,0.06014322856214305
119847,2022-01-04,278.7002,0.017105386567284553
119847,2022-01-06,299.4353,0.07439930075400003
119847,2022-01-07,301.1546,0.005741807996585635
119847,2022-01-08,293.0513,-0.02690744222402708
119847,2022-01-09,283.4464,-0.03277549016162029
119847,2022-01-11,264.119,-0.06818714226040601
119847,2022-01-12,250.1778,-0.052783783067481105
119847,2022-02-02,259.879,0.03877722163996977
119847,2022-02-03,278.6287,0.07214780724875802
119847,2022-02-05,297.7659,0.06868352039829362
119847,2022-02-06,297.6541,-0.00037546273767397054
119847,2022-02-08,299.0618,0.004729315000196355
119847,2022-02-09,284.5596,-0.04849231831012857
119847,2022-02-11,266.8516,-0.0622294942781757
119847,2022-02-12,248.9143,-0.0672182591372884
119847,2022-03-01,272.3467,0.094138424349264
119847,2022-03-02,257.8051,-0.053393707359039144
119847,2022-03-03,277.2664,0.07548842129189848
119847,2022-03-05,291.1406,0.050039240239711846
119847,2022-03-06,305.2932,0.048610877356163984
119847,2022-03-08,302.7002,-0.008493474469788431
119847,2022-03-10,263.2373,-0.13036958680569088
119847,2022-03-11,265.0656,0.0069454442816425654
119847,2022-04-01,266.253,0.0044796457933431455
119847,2022-04-02,258.4886,-0.02916173714474568
119847,2022-04-03,280.3881,0.08472133780754731
119847,2022-04-04,278.0258,-0.008425107912924945
119847,2022-04-05,289.7609,0.04220867272030149
119847,2022-04-07,306.3034,0.05709017331185828
119847,2022-04-08,303.1906,-0.010162472894522212
119847,2022-04-10,264.7679,-0.12672787348948156
119847,2022-04-11,271.6762,0.02609190917781201
119847,2022-05-01,265.8519,-0.021438388787829
119847,2022-05-04,283.4713,0.06627524572891885
119847,2022-05-05,296.9319,0.04748487765780873
119847,2022-05-07,305.3269,0.028272475944821185
119847,2022-05-08,303.4446,-0.006164867884225211
119847,2022-05-09,284.3341,-0.06297854699012606
119847,2022-05-10,268.4886,-0.055728454659500826
119847,2022-05-12,247.9958,-0.07632651814639435
119847,2022-06-01,262.5536,0.05870180059501018
119847,2022-06-04,284.5375,0.08373109338436047
119847,2022-06-05,294.1437,0.03376075209770235
119847,2022-06-06,299.6454,0.018704123188767907
119847,2022-06-07,299.3532,-0.0009751526304090374
119847,2022-06-09,282.0747,-0.05771944311936539
119847,2022-06-10,267.0623,-0.05322136299356173
119847,2022-06-12,246.7399,-0.07609610192078775
119847,2022-07-01,265.4193,0.07570482114972088
119847,2022-07-02,260.8486,-0.01722067686863782
119847,2022-07-03,276.9138,0.06158821630631728
119847,2022-07-04,288.3285,0.041221130907885595
119847,2022-07-06,295.3471,0.02434237336926448
119847,2022-07-07,302.2517,0.023377917033889917
119847,2022-07-09,278.2107,-0.07953966842866411
119847,2022-07-10,270.0501,-0.029332444798133128
119847,2022-07-11,264.2808,-0.021363813603475723
119847,2022-07-12,246.5628,-0.0670423277059854
119847,2022-08-02,264.7377,0.07371306620463436
119847,2022-08-03,275.099,0.039137984503151424
119847,2022-08-04,288.5133,0.048761718508609775
119847,2022-08-06,292.4529,0.013654829777344668
119847,2022-08-07,304.9839,0.042847925255656616
119847,2022-08-08,307.0728,0.006849214007690119
119847,2022-08-09,283.0677,-0.07817397047214858
119847,2022-08-11,262.3445,-0.07320934179350036
119847,2022-08-12,249.7755,-0.04791028590269664
119847,2022-09-02,268.0131,0.07301596833956903
119847,2022-09-03,281.4202,0.05002404733201482
119847,2022-09-05,292.8864,0.040744054620101666
119847,2022-09-06,288.8893,-0.013647270750707374
119847,2022-09-08,305.4223,0.05722953394258634
119847,2022-09-09,283.3401,-0.0723005491085621
119847,2022-09-11,257.7201,-0.09042136993669447
119847,2022-09-12,251.1596,-0.025455911277389665
119847,2022-10-01,275.7949,0.09808623679923034
119847,2022-10-02,267.4564,-0.030234424204363508
119847,2022-10-03,280.4139,0.04844714876892109
119847,2022-10-05,290.6534,0.03651566487966518
119847,2022-10-06,287.8729,-0.009566376997482084
119847,2022-10-08,296.9506,0.031533708105208946
119847,2022-10-10,267.3928,-0.09953776823485116
119847,2022-10-11,259.442,-0.029734532867003227
119847,2022-11-01,278.0005,0.07153236561543608
119847,2022-11-02,267.0019,-0.0395632381956148
119847,2022-11-03,272.6896,0.021302095603064952
119847,2022-11-04,293.2289,0.07532117103109193
119847,2022-11-05,290.4193,-0.009581593083082818
119847,2022-11-07,305.4642,0.051804063986105486
119847,2022-11-08,299.2905,-0.02021087904900143
119847,2022-11-10,261.8693,-0.1250330364645721
119847,2022-11-11,255.2401,-0.025314918549062426
119847,2022-12-01,269.8364,0.05718654709820292
119847,2022-12-04,295.124,0.0937145618604458
119847,2022-12-05,288.0243,-0.02405666770577808
119847,2022-12-07,304.5064,0.05722468555604521
119847,2022-12-08,294.3624,-0.03331292872662117
119847,2022-12-09,290.0301,-0.014717572624764474
119847,2022-12-10,256.9027,-0.11422055848686052
119847,2022-12-12,253.1693,-0.014532350185498255
119847,2023-01-02,291.1378,0.14997276526024295
119847,2023-01-03,273.1999,-0.06161309180738472
119847,2023-01-05,267.5209,-0.020786976861997486
119847,2023-01-06,276.2369,0.032580632017909616
119847,2023-01-08,211.8704,-0.2330119545940459
119847,2023-01-09,246.8095,0.16490788708569015
119847,2023-01-11,236.1706,-0.04310571513657302
119847,2023-01-12,228.1418,-0.0339957640790175
119847,2023-02-01,252.6917,0.10760807532858951
119847,2023-02-02,284.6079,0.12630490039839048
119847,2023-02-03,266.5118,-0.06358256394147876
119847,2023-02-05,273.1843,0.025036414897952053
119847,2023-02-06,277.2095,0.014734375291698631
119847,2023-02-08,210.9599,-0.2389874805877864
119847,2023-02-10,246.9394,0.17055137018931088
119847,2023-02-11,234.3304,-0.051061110539670884
119847,2023-03-01,257.0716,0.09704758750891895
119847,2023-03-02,286.0759,0.11282576527317678
119847,2023-03-03,263.2447,-0.07980819076336021
119847,2023-03-04,270.3373,0.026942992584466197
119847,2023-03-05,282.1257,0.043606265210165196
119847,2023-03-07,225.0078,-0.2024555012180741
119847,2023-03-08,216.1313,-0.03944974352000241
119847,2023-03-10,244.9323,0.13325696000532994
119847,2023-03-11,232.3551,-0.0513496994883893
119847,2023-04-01,262.5336,0.12988094515678794
119847,2023-04-04,274.944,0.04727166351278478
119847,2023-04-05,284.4725,0.03465614816108009
119847,2023-04-07,225.6043,-0.20693810473771634
119847,2023-04-08,221.2852,-0.019144581907348357
119847,2023-04-09,250.3261,0.13123742572933028
119847,2023-04-10,245.0111,-0.021232304581903394
119847,2023-04-12,225.2977,-0.08045921184795302
119847,2023-05-01,259.9864,0.15396828285419706
119847,2023-05-04,275.8149,0.06088203075237786
119847,2023-05-05,275.7207,-0.0003415333979418511
119847,2023-05-06,276.545,0.0029896195679177673
119847,2023-05-07,222.9207,-0.193908043898823
119847,2023-05-09,254.4218,0.14131078899357474
119847,2023-05-10,242.7809,-0.04575433394465411
119847,2023-05-12,227.7516,-0.0619047874029629
119847,2023-06-01,260.8253,0.14521829923478058
119847,2023-06-02,281.4334,0.07901112353747886
119847,2023-06-03,269.1199,-0.043752802616889186
119847,2023-06-04,273.761,0.017245473114400056
119847,2023-06-06,268.4765,-0.019303333929960975
119847,2023-06-07,221.7206,-0.17415267258028166
119847,2023-06-09,254.2406,0.14667108063030687
119847,2023-06-10,244.7524,-0.03731976718116625
119847,2023-06-11,237.4757,-0.02973086270042702
119847,2023-06-12,227.1661,-0.043413283969686134
119847,2023-07-02,278.2259,0.22476857242343828
119847,2023-07-03,275.0432,-0.01143926571897158
119847,2023-07-04,277.2029,0.007852221032914164
119847,2023-07-06,268.7162,-0.030615480573976672
119847,2023-07-07,227.4128,-0.1537064010282968
119847,2023-07-08,224.4924,-0.012841845313896094
119847,2023-07-09,247.7241,0.10348546320499041
119847,2023-07-11,238.6081,-0.036799003407419706
119847,2023-07-12,225.9627,-0.05299652442645486
119847,2023-08-02,273.3956,0.20991473371490077
119847,2023-08-03,271.5228,-0.006850146820212122
119847,2023-08-05,273.5499,0.007465671391131634
119847,2023-08-06,269.1379,-0.016128684382629932
119847,2023-08-08,214.44,-0.203233732595818
119847,2023-08-09,246.1564,0.14790337623577687
119847,2023-08-11,236.7193,-0.038337820995107075
119847,2023-08-12,223.3178,-0.05661346582217841
119847,2023-09-01,262.1076,0.1736977527093675
119847,2023-09-02,271.6442,0.036384294083803725
119847,2023-09-03,274.3985,0.010139366126720173
119847,2023-09-05,276.2012,0.0065696423267618265
119847,2023-09-06,271.852,-0.01574649204999834
119847,2023-09-08,219.626,-0.19211188440769233
119847,2023-09-10,242.2564,0.10304062360558408
119847,2023-09-11,235.947,-0.026044306775796278
119847,2023-10-01,263.7077,0.1176565076055216
119847,2023-10-02,271.6661,0.030178868497203526
119847,2023-10-03,269.6848,-0.0072931440470488385
119847,2023-10-04,273.8801,0.015556308698154497
119847,2023-10-05,274.5931,0.0026033289749782806
119847,2023-10-07,227.2776,-0.17231132173386732
119847,2023-10-08,222.3541,-0.021662935546661988
119847,2023-10-10,243.1999,0.09375046378726548
119847,2023-10-11,241.8882,-0.005393505507197971
119847,2023-11-01,262.8009,0.0864560569717745
119847,2023-11-04,274.4087,0.04416955954108226
119847,2023-11-05,279.9705,0.020268307819686582
119847,2023-11-07,226.7716,-0.19001609098101413
119847,2023-11-08,229.1573,0.010520276789509841
119847,2023-11-09,245.3241,0.07054891989039835
119847,2023-11-10,242.9561,-0.009652537194674293
119847,2023-11-12,220.8513,-0.0909826919348804
119847,2023-12-01,267.9836,0.21341192014717603
119847,2023-12-04,273.8066,0.021728941621800724
119847,2023-12-05,282.5804,0.03204378565016319
119847,2023-12-06,269.0989,-0.04770854595718588
119847,2023-12-07,223.6828,-0.16877103548175054
119847,2023-12-09,243.6176,0.08912084433850098
119847,2023-12-10,243.8608,0.0009982858381332171
119847,2023-12-12,222.022,-0.08955436872182831
119847,2024-01-01,221.0093,-0.004561259694985109
119847,2024-01-02,229.6752,0.03921056715712856
119847,2024-01-03,197.4045,-0.14050580994378137
119847,2024-01-04,186.8887,-0.05327031551965644
119847,2024-01-05,185.9403,-0.0050746781373084415
119847,2024-01-07,193.7789,0.04215654164266702
119847,2024-01-08,200.7306,0.03587439086505295
119847,2024-01-10,198.9151,-0.009044460585481362
119847,2024-01-11,200.9795,0.010378297072469733
119847,2024-02-01,222.0544,0.10486094352906639
119847,2024-02-02,228.6323,0.029622921230112897
119847,2024-02-04,188.9075,-0.17374972827548862
119847,2024-02-05,187.0084,-0.010053068300623358
119847,2024-02-07,195.134,0.04345045463198449
119847,2024-02-08,201.2055,0.03111451617862615
119847,2024-02-09,197.708,-0.017382725621317485
119847,2024-02-10,200.3668,0.013448115402512784
119847,2024-02-12,188.8238,-0.057609344462256296
119847,2024-03-01,224.4594,0.18872409092497855
119847,2024-03-04,187.8733,-0.1629965151827012
119847,2024-03-05,187.4764,-0.0021125939662527404
119847,2024-03-06,181.1618,-0.03368210612109046
119847,2024-03-07,198.4827,0.09561011206556791
119847,2024-03-09,202.123,0.0183406412750331
119847,2024-03-10,204.8986,0.013732232353566909
119847,2024-03-12,191.6546,-0.06463684964172522
119847,2024-04-01,226.6246,0.18246366119049573
119847,2024-04-03,197.4501,-0.12873492109859208
119847,2024-04-04,180.9434,-0.08359934991169915
119847,2024-04-06,182.0667,0.006208018640083024
119847,2024-04-07,200.8303,0.10305893389620402
119847,2024-04-09,200.4413,-0.0019369587158908352
119847,2024-04-10,206.2569,0.02901398065169203
119847,2024-04-11,202.5602,-0.01792279434045596
119847,2024-04-12,191.8449,-0.05289933560492144
119847,2024-05-01,231.5618,0.20702609243195935
119847,2024-05-02,229.6684,-0.008176650898377935
119847,2024-05-03,197.4439,-0.14030881044148857
119847,2024-05-04,182.8248,-0.07404179111129794
119847,2024-05-06,181.0489,-0.009713671230598964
119847,2024-05-07,204.1977,0.12785937942732595
119847,2024-05-08,206.1293,0.009459460121245211
119847,2024-05-09,199.9806,-0.029829335276450264
119847,2024-05-11,203.6636,0.018416786428283594
119847,2024-05-12,190.8393,-0.06296805123743265
119847,2024-06-02,224.5794,0.17679848961927647
119847,2024-06-03,195.9817,-0.12733892779124
119847,2024-06-05,179.2087,-0.08558452141194817
119847,2024-06-06,182.5982,0.018913702292355117
119847,2024-06-08,206.9024,0.13310207877186087
119847,2024-06-09,206.5935,-0.0014929744652550925
119847,2024-06-11,203.5767,-0.014602589142446498
119847,2024-06-12,190.6013,-0.0637371565606476
119847,2024-07-02,222.3748,0.16670138136518475
119847,2024-07-03,193.0704,-0.13177932031866912
119847,2024-07-05,175.8961,-0.08895356305264823
119847,2024-07-06,185.2757,0.05332466154735682
119847,2024-07-08,202.6087,0.09355247342204076
119847,2024-07-10,204.2019,0.007863433307651713
119847,2024-07-11,204.1775,-0.00011948958359342399
119847,2024-08-01,224.9058,0.10152098051940106
119847,2024-08-02,220.2277,-0.020800263932722052
119847,2024-08-03,192.3395,-0.12663347980294948
119847,2024-08-04,179.8532,-0.06491802255906876
119847,2024-08-05,174.0103,-0.03248705055011525
119847,2024-08-07,203.6508,0.17033761794560442
119847,2024-08-08,203.8198,0.0008298518837146496
119847,2024-08-10,199.3455,-0.021952234277533345
119847,2024-08-11,202.4504,0.015575470727957397
119847,2024-09-01,227.2692,0.12259200278191607
119847,2024-09-02,219.101,-0.035940637798698716
119847,2024-09-04,177.1164,-0.1916221286073546
119847,2024-09-05,174.8586,-0.012747549069425546
119847,2024-09-07,202.3272,0.1570903575803535
119847,2024-09-08,204.6705,0.011581734932327503
119847,2024-09-09,211.1727,0.03176911181630948
119847,2024-09-10,196.1108,-0.07132503396509104
119847,2024-09-12,192.0952,-0.020476179792239924
119847,2024-10-01,230.7364,0.20115650989717593
119847,2024-10-04,179.0325,-0.2240821127485737
119847,2024-10-05,175.7049,-0.018586569477608728
119847,2024-10-06,185.9107,0.05808489120109894
119847,2024-10-07,200.1919,0.07681752583363965
119847,2024-10-09,205.9808,0.028916754374177955
119847,2024-10-10,196.4242,-0.046395586384750276
119847,2024-10-12,193.4605,-0.015088263055163309
119847,2024-11-01,226.2184,0.16932603813181513
119847,2024-11-03,197.1249,-0.1286080177386102
119847,2024-11-04,178.1898,-0.09605635817697311
119847,2024-11-06,190.6475,0.06991253146925369
119847,2024-11-07,200.1242,0.049707968895474686
119847,2024-11-09,207.2799,0.035756295340593436
119847,2024-11-10,194.5916,-0.061213364151565086
119847,2024-11-11,204.424,0.050528388686870374
119847,2024-11-12,193.3396,-0.054222596172660786
119847,2024-12-01,223.3262,0.15509807613132542
119847,2024-12-02,216.1656,-0.03206341217465747
119847,2024-12-03,193.1972,-0.10625372399678767
119847,2024-12-04,180.7319,-0.06452112142412003
119847,2024-12-06,190.2318,0.05256349321840803
119847,2024-12-07,199.9883,0.05128742933621
119847,2024-12-08,202.9206,0.014662357747928345
119847,2024-12-09,207.3853,0.02200220184643653
119847,2024-12-11,200.5182,-0.03311276160846499
119847,2024-12-12,196.6059,-0.01951094713597079
119847,2025-01-01,202.9357,0.03219537155293928
119847,2025-01-04,190.2252,-0.06263313946240112
119847,2025-01-05,221.7978,0.1659748550665212
119847,2025-01-07,214.549,-0.03268201938883064
119847,2025-01-08,245.7175,0.1452745060568914
119847,2025-01-09,226.326,-0.07891786299307135
119847,2025-01-10,221.9637,-0.019274409480130483
119847,2025-01-12,257.5382,0.16027170208462027
119847,2025-02-01,206.5763,-0.19788093572138044
119847,2025-02-04,195.3916,-0.05414319067579387
119847,2025-02-05,220.6342,0.12918979116809526
119847,2025-02-06,215.0773,-0.025186031902578954
119847,2025-02-07,214.5018,-0.002675782149022754
119847,2025-02-09,225.6003,0.05174082455252127
119847,2025-02-10,219.4218,-0.02738693166631434
119847,2025-02-12,250.7289,0.1426799889527841
119847,2025-03-01,207.2384,-0.1734562708965739
119847,2025-03-02,189.0493,-0.08776896559710956
119847,2025-03-03,206.6741,0.09322859169539388
119847,2025-03-04,196.9073,-0.0472570099494809
119847,2025-03-06,218.8557,0.111465649064306
119847,2025-03-07,210.2096,-0.0395059393015581
119847,2025-03-09,221.8903,0.05556691987425877
119847,2025-03-10,218.0228,-0.0174297839968669
119847,2025-03-11,230.8207,0.05869982405509888
119847,2025-03-12,251.7489,0.09066864453664691
119847,2025-04-02,188.0015,-0.25321818685205777
119847,2025-04-03,207.5897,0.1041917218745596
119847,2025-04-04,196.8808,-0.05158685618795156
119847,2025-04-06,217.8042,0.10627445642236322
119847,2025-04-07,211.312,-0.029807506007689444
119847,2025-04-08,243.1519,0.15067719769819043
119847,2025-04-09,220.3677,-0.09370356554894288
119847,2025-04-11,232.8006,0.05641888534481221
119847,2025-04-12,250.9133,0.07780349363360739
119847,2025-05-02,187.618,-0.2522596450646498
119847,2025-05-03,210.6,0.12249357737530508
119847,2025-05-05,217.6896,0.03366381766381776
119847,2025-05-06,218.6557,0.004437970394543411
119847,2025-05-08,241.3633,0.10385094008525741
119847,2025-05-09,216.7394,-0.10202006684529097
119847,2025-05-11,238.3446,0.09968284492805668
119847,2025-05-12,246.8625,0.03573775113847755
119847,2025-06-01,203.1666,-0.1770050129120463
119847,2025-06-02,189.5567,-0.06698886529577197
119847,2025-06-03,209.5627,0.10554098061424355
119847,2025-06-05,216.9185,0.03510071210191512
119847,2025-06-06,223.02,0.028128075751953086
119847,2025-06-08,236.5392,0.060618778584880184
119847,2025-06-10,219.2743,-0.0729895932682616
119847,2025-06-11,243.361,0.10984734645145355
119847,2025-07-01,200.3445,-0.17676003961193443
119847,2025-07-02,194.7856,-0.027746706298401147
119847,2025-07-03,210.2291,0.07928460830780093
119847,2025-07-04,199.6573,-0.050287043991531166
119847,2025-07-05,216.7787,0.08575393937511921
119847,2025-07-07,215.7481,-0.00475415711968008
119847,2025-07-08,233.8711,0.08400073975159006
119847,2025-07-10,220.5092,-0.05713360906926945
119847,2025-07-11,246.1636,0.11634163109747808
119847,2025-08-01,196.8926,-0.20015550633806145
119847,2025-08-04,195.4091,-0.007534564529088406
119847,2025-08-05,211.4842,0.08226382497028029
119847,2025-08-07,216.7651,0.024970659746685664
119847,2025-08-08,240.8251,0.1109957276332767
119847,2025-08-09,216.4387,-0.10126187012898569
119847,2025-08-10,222.2984,0.027073254459576646
119847,2025-08-12,240.7599,0.08304828104925632
119847,2025-09-01,195.4023,-0.18839349908352676
119847,2025-09-04,193.5584,-0.009436429356256215
119847,2025-09-05,214.3191,0.10725806784928982
119847,2025-09-06,222.866,0.0398793201352563
119847,2025-09-07,219.5039,-0.015085746592122695
119847,2025-09-09,213.063,-0.0293429866166387
119847,2025-09-10,226.0788,0.06108897368384003
119847,2025-09-12,240.8501,0.06533695331008471
119847,2025-10-01,194.9639,-0.1905176705344943
119847,2025-10-02,198.7544,0.019442060812283835
119847,2025-10-03,199.6895,0.004704801503765399
119847,2025-10-04,193.3037,-0.03197864684923357
119847,2025-10-06,223.6943,0.15721685616985082
119847,2025-10-07,223.2176,-0.002131033289627826
119847,2025-10-09,210.4565,-0.05716887915648228
119847,2025-10-10,221.3595,0.05180643030745058
119847,2025-10-11,251.5389,0.13633659273715382
119847,2025-10-12,244.496,-0.02799924783005736
119847,2025-11-02,195.9549,-0.1985353543616255
119847,2025-11-03,198.4425,0.01269475782437679
119847,2025-11-04,197.3599,-0.005455484586215031
119847,2025-11-06,223.4828,0.13236174116423838
119847,2025-11-07,227.4693,0.017838061810573347
119847,2025-11-08,243.603,0.07092693387635163
119847,2025-11-09,206.4304,-0.1525950008825836
119847,2025-11-11,251.8661,0.2201017873336486
119847,2025-11-12,246.7635,-0.0202591773962435
119847,2025-12-02,190.3431,-0.22864159407691986
119847,2025-12-03,200.8156,0.055019068198426835
119847,2025-12-05,205.5299,0.023475765826957762
119847,2025-12-06,227.7425,0.10807478619899102
119847,2025-12-08,247.1081,0.08503287704315188
119847,2025-12-09,206.0583,-0.16612081918803956
119847,2025-12-11,254.365,0.23443219710149998
119847,2025-12-12,247.0968,-0.02857389971104518
119847,2026-01-01,235.1602,-0.04830738398878498
119847,2026-01-04,196.951,-0.1624815763892019
119847,2026-01-05,199.1828,0.011331752567897535
119847,2026-02-01,232.3347,0.16643957209156612
119847,2026-02-02,221.0012,-0.048780918218415015
119847,2026-02-03,192.232,-0.13017666872397082
119847,2026-02-04,194.8579,0.013660056598277182
119847,2026-03-02,220.9971,0.1341449333078104
119847,2026-03-03,191.7884,-0.13216779767698306
119847,2026-03-04,193.8395,0.010694598839137148
119847,2026-04-02,219.4128,0.131930282527555
119847,2026-04-03,195.5559,-0.1087306665791603
119847,2026-04-05,199.3276,0.019287068301186316
119847,2026-05-01,230.0425,0.15409255918397657
119847,2026-05-02,218.5274,-0.05005640262125477
119847,2026-05-03,196.7425,-0.09968955838032212
119847,2026-05-05,200.4328,0.018757004714283765
119847,2026-06-01,230.5659,0.1503401638853521
119847,2026-06-02,221.3954,-0.03977387809732491
119847,2026-06-03,196.8947,-0.11066490089676662
119847,2026-06-04,195.6473,-0.006335366061148373
119847,2026-06-05,199.4068,0.019215700906682676
119847,2026-07-01,227.9028,0.1429038528274864
119847,2026-07-04,197.0291,-0.1354687173654734
119847,2026-07-05,198.0702,0.005283991044977565
119847,2026-08-01,227.8864,0.15053349771949542
119847,2026-08-04,195.4213,-0.14246177042596664
119847,2026-08-05,196.408,0.005049091373355852
119847,2026-09-01,227.2807,0.15718657081177967
119847,2026-09-02,222.1179,-0.022715523139448246
119847,2026-09-03,196.9355,-0.11337402343530167
119847,2026-09-04,191.0927,-0.029668597078738923
119847,2026-10-02,224.2612,0.17357282617284686
119847,2026-10-03,194.9258,-0.1308090744185797
119847,2026-10-04,200.6123,0.02917263902469558
119847,2026-11-02,223.5933,0.11455429203493495
119847,2026-11-03,193.4328,-0.13488999894003983
119847,2026-11-05,196.4373,0.015532526024541804
119847,2026-12-01,226.8517,0.15483006536945876
119847,2026-12-02,222.558,-0.01892734328197676
119847,2026-12-03,194.7695,-0.12485958716379553
119847,2026-12-05,189.5146,-0.026980096986437774
119849,2022-01-02,135.1751,
119849,2022-01-03,151.6038,0.1215364368141767
119849,2022-01-04,153.8815,0.015024029740679179
119849,2022-01-06,169.1306,0.09909638260609621
119849,2022-01-07,153.4205,-0.09288738998146984
119849,2022-01-08,151.1685,-0.014678612049889073
119849,2022-01-09,167.2333,0.10627081700221952
119849,2022-01-11,182.9802,0.09416127051251144
119849,2022-01-12,188.1532,0.028270818372698292
119849,2022-02-02,136.0841,-0.27673778601692656
119849,2022-02-03,155.9582,0.14604277795862997
119849,2022-02-05,176.806,0.13367556178514506
119849,2022-02-06,161.9628,-0.08395190208477099
119849,2022-02-08,153.7452,-0.05073757677688939
119849,2022-02-09,166.5702,0.08341723839183257
119849,2022-02-11,190.4747,0.1435100636248261
119849,2022-02-12,188.5148,-0.010289555515771931
119849,2022-03-01,164.1317,-0.12934316032481274
119849,2022-03-02,137.3008,-0.16347177297255788
119849,2022-03-03,157.4485,0.14674131541840962
119849,2022-03-05,176.808,0.12295766552237719
119849,2022-03-06,161.5239,-0.08644461789059321
119849,2022-03-08,152.4503,-0.05617496853406834
119849,2022-03-10,164.512,0.07911889973322461
119849,2022-03-11,193.8665,0.17843379206380083
119849,2022-04-01,163.3681,-0.15731650388282659
119849,2022-04-02,135.4853,-0.1706746910810617
119849,2022-04-03,155.3398,0.14654357336183343
119849,2022-04-04,157.5807,0.014425794290967353
119849,2022-04-05,177.9608,0.12933119347737376
119849,2022-04-07,156.2581,-0.12195213777416147
119849,2022-04-08,153.0743,-0.020375263746327477
119849,2022-04-10,162.0062,0.05835009534585511
119849,2022-04-11,194.5089,0.20062627232784913
119849,2022-05-01,163.8293,-0.15772851525045906
119849,2022-05-04,158.4771,-0.032669369886827226
119849,2022-05-05,178.194,0.12441482081638289
119849,2022-05-07,154.9247,-0.13058408251680742
119849,2022-05-08,153.4837,-0.00930129282160952
119849,2022-05-09,162.2935,0.05739892900679355
119849,2022-05-10,164.7746,0.015287734875395476
119849,2022-05-12,191.6502,0.16310523587980197
119849,2022-06-01,162.1121,-0.15412506744057675
119849,2022-06-04,155.5137,-0.04070269893487288
119849,2022-06-05,176.9957,0.13813573980941873
119849,2022-06-06,166.0302,-0.061953482485732625
119849,2022-06-07,153.0521,-0.07816710453881293
119849,2022-06-09,164.9186,0.07753242196611487
119849,2022-06-10,159.8333,-0.03083521203793871
119849,2022-06-12,189.962,0.18850076923895065
119849,2022-07-01,158.1813,-0.16730030216569625
119849,2022-07-02,136.5996,-0.13643648142985287
119849,2022-07-03,152.6464,0.11747325760836769
119849,2022-07-04,154.8459,0.014409118066328386
119849,2022-07-06,168.3034,0.08690898499734256
119849,2022-07-07,157.2762,-0.06551976965408912
119849,2022-07-09,166.4838,0.05854414081723758
119849,2022-07-10,161.2961,-0.03116038917900721
119849,2022-07-11,190.5052,0.18108993335858714
119849,2022-07-12,193.5598,0.016034207990123006
119849,2022-08-02,139.605,-0.2787500297065817
119849,2022-08-03,153.5745,0.10006446760502863
119849,2022-08-04,152.1318,-0.009394137698641392
119849,2022-08-06,169.0858,0.11144284101022928
119849,2022-08-07,153.1846,-0.0940421963287279
119849,2022-08-08,151.8867,-0.008472783817694451
119849,2022-08-09,166.8989,0.09883814711887218
119849,2022-08-11,188.6179,0.13013267313325616
119849,2022-08-12,193.8741,0.02786692037182048
119849,2022-09-02,141.4556,-0.27037391791889687
119849,2022-09-03,153.7811,0.08713334784907767
119849,2022-09-05,177.2093,0.15234772023350085
119849,2022-09-06,166.9448,-0.057923032256207874
119849,2022-09-08,152.1718,-0.08849032734173212
119849,2022-09-09,168.4049,0.10667613841723633
119849,2022-09-11,183.8464,0.09169270015302389
119849,2022-09-12,193.4117,0.052028758789946394
119849,2022-10-01,153.854,-0.20452588959199458
119849,2022-10-02,143.9074,-0.06464960287025368
119849,2022-10-03,156.169,0.08520479141447912
119849,2022-10-05,171.0486,0.09527883254679215
119849,2022-10-06,170.0337,-0.005933401384167869
119849,2022-10-08,155.0021,-0.08840365174668319
119849,2022-10-10,163.7002,0.05611601391206955
119849,2022-10-11,183.2358,0.11933766727224526
119849,2022-11-01,149.6819,-0.18311869187134822
119849,2022-11-02,144.4319,-0.03507438107079075
119849,2022-11-03,157.7925,0.0925044951980829
119849,2022-11-04,156.8621,-0.005896351220748719
119849,2022-11-05,166.3775,0.060660924468051824
119849,2022-11-07,153.7952,-0.07562500939129391
119849,2022-11-08,155.6077,0.011785153242753976
119849,2022-11-10,163.1462,0.04844554607516205
119849,2022-11-11,186.391,0.1424783415120916
119849,2022-12-01,151.5668,-0.18683412825726564
119849,2022-12-04,162.5598,0.07252907628847471
119849,2022-12-05,167.516,0.030488472549794032
119849,2022-12-07,153.5168,-0.08356933069079975
119849,2022-12-08,156.3279,0.01831135094009273
119849,2022-12-09,167.3737,0.07065789280096535
119849,2022-12-10,163.3898,-0.02380242535117527
119849,2022-12-12,196.1505,0.20050639636011547
119849,2023-01-02,244.3298,0.24562415084335765
119849,2023-01-03,241.109,-0.01318218244356606
119849,2023-01-05,234.1508,-0.0288591466929895
119849,2023-01-06,218.9528,-0.06490688906465414
119849,2023-01-08,199.0402,-0.09094471502533874
119849,2023-01-09,195.2711,-0.018936375666825156
119849,2023-01-11,220.7666,0.13056463552466302
119849,2023-01-12,201.0474,-0.08932148250686467
119849,2023-02-01,220.8124,0.09831014974578123
119849,2023-02-02,243.3771,0.10218946037450793
119849,2023-02-03,238.4365,-0.020300184364100082
119849,2023-02-05,235.2349,-0.013427474400941053
119849,2023-02-06,212.3795,-0.09715990271851671
119849,2023-02-08,188.8456,-0.11081060083482641
119849,2023-02-10,206.9605,0.09592439537908226
119849,2023-02-11,220.5588,0.06570480840546855
119849,2023-03-01,230.4423,0.04481117960380643
119849,2023-03-02,242.9756,0.05438801817201089
119849,2023-03-03,232.5041,-0.04309692001995258
119849,2023-03-04,248.4062,0.06839492292824101
119849,2023-03-05,234.8217,-0.05468663825621112
119849,2023-03-07,201.9287,-0.14007649207888373
119849,2023-03-08,186.473,-0.07654038281829167
119849,2023-03-10,199.6271,0.07054157974612951
119849,2023-03-11,218.8941,0.09651495212824313
119849,2023-04-01,233.7353,0.06780082240681673
119849,2023-04-04,245.5997,0.05075998362249945
119849,2023-04-05,239.3596,-0.025407604325249578
119849,2023-04-07,203.8206,-0.1484753483879484
119849,2023-04-08,188.9784,-0.072819921048216
119849,2023-04-09,192.1478,0.01677122888118432
119849,2023-04-10,205.3375,0.06864351296241766
119849,2023-04-12,193.6624,-0.05685809947038423
119849,2023-05-01,234.1517,0.20907155957997015
119849,2023-05-04,249.3347,0.06484257855057218
119849,2023-05-05,242.0584,-0.0291828614308397
119849,2023-05-06,205.0856,-0.15274330492145705
119849,2023-05-07,207.455,0.0115532246047505
119849,2023-05-09,188.4329,-0.09169265623870249
119849,2023-05-10,204.5946,0.08576899256976911
119849,2023-05-12,192.5085,-0.05907340662950056
119849,2023-06-01,230.2931,0.1962749696766637
119849,2023-06-02,248.403,0.07863848287247843
119849,2023-06-03,234.3073,-0.056745288905528546
119849,2023-06-04,248.5805,0.06091658262461297
119849,2023-06-06,207.3998,-0.1656634369952591
119849,2023-06-07,208.6886,0.006214085066620134
119849,2023-06-09,186.2277,-0.10762878278928512
119849,2023-06-10,212.6871,0.142080904183427
119849,2023-06-11,217.3587,0.02196466076221837
119849,2023-06-12,187.5978,-0.13692067536289088
119849,2023-07-02,248.133,0.3226860869370536
119849,2023-07-03,233.2178,-0.060109699233878544
119849,2023-07-04,244.2314,0.047224525743746915
119849,2023-07-06,200.8501,-0.17762376172760752
119849,2023-07-07,215.3427,0.07215629964834469
119849,2023-07-08,192.2873,-0.10706376394463346
119849,2023-07-09,193.157,0.004522919610395526
119849,2023-07-11,222.1181,0.14993554466056103
119849,2023-07-12,182.9408,-0.17638049308003267
119849,2023-08-02,254.9423,0.3935781411254351
119849,2023-08-03,233.4106,-0.08445714971583762
119849,2023-08-05,242.7198,0.0398833643373524
119849,2023-08-06,200.1354,-0.1754467497089236
119849,2023-08-08,194.6161,-0.02757782980921919
119849,2023-08-09,191.8282,-0.014325125208037637
119849,2023-08-11,216.9949,0.1311939537565383
119849,2023-08-12,184.9297,-0.1477693715382251
119849,2023-09-01,234.1702,0.2662660459623305
119849,2023-09-02,257.5644,0.09990254951313182
119849,2023-09-03,224.8063,-0.12718411395363638
119849,2023-09-05,240.43,0.06949849715065826
119849,2023-09-06,203.8886,-0.15198352950962857
119849,2023-09-08,195.278,-0.042231885451172846
119849,2023-09-10,215.8781,0.10549114595602171
119849,2023-09-11,218.9362,0.01416586490246119
119849,2023-10-01,235.1854,0.07421888203047278
119849,2023-10-02,246.7982,0.049377214742071684
119849,2023-10-03,223.6762,-0.09368787940916912
119849,2023-10-04,244.3708,0.09252034861107261
119849,2023-10-05,232.5457,-0.04838998767446845
119849,2023-10-07,214.1946,-0.07891395110724475
119849,2023-10-08,199.9685,-0.06641670705050451
119849,2023-10-10,217.738,0.08886149568557045
119849,2023-10-11,221.9265,0.01923642175458573
119849,2023-11-01,237.5924,0.07059048829229497
119849,2023-11-04,247.5478,0.041901171923007574
119849,2023-11-05,233.7079,-0.055907990295207655
119849,2023-11-07,213.2989,-0.08732695813877067
119849,2023-11-08,198.896,-0.06752449262513782
119849,2023-11-09,196.1906,-0.013602083500925066
119849,2023-11-10,215.5602,0.09872848138493895
119849,2023-11-12,187.9473,-0.12809832241758912
119849,2023-12-01,245.1208,0.304199634684829
119849,2023-12-04,253.7159,0.03506475174689383
119849,2023-12-05,236.0681,-0.06955732770393974
119849,2023-12-06,206.7411,-0.1242311011102305
119849,2023-12-07,214.3046,0.03658440435888166
119849,2023-12-09,194.6435,-0.09174371432064454
119849,2023-12-10,211.6188,0.08721226241821589
119849,2023-12-12,190.7195,-0.09875918396664185
119849,2024-01-01,183.5544,-0.037568785572529406
119849,2024-01-02,179.1989,-0.023728660277280045
119849,2024-01-03,176.1433,-0.017051443954176015
119849,2024-01-04,213.7384,0.21343474318921007
119849,2024-01-05,199.6321,-0.06599796760900245
119849,2024-01-07,199.0808,-0.002761579926274349
119849,2024-01-08,212.1774,0.06578534946614645
119849,2024-01-10,186.006,-0.12334678434178192
119849,2024-01-11,166.9965,-0.10219831618334896
119849,2024-02-01,185.903,0.11321494761866258
119849,2024-02-02,181.2312,-0.025130309892793523
119849,2024-02-04,215.0813,0.18677854585744624
119849,2024-02-05,199.0465,-0.07455227395408148
119849,2024-02-07,197.9852,-0.0053319199282581
119849,2024-02-08,212.3225,0.0724160189751557
119849,2024-02-09,181.2912,-0.14615172673645038
119849,2024-02-10,183.1031,0.009994417820611279
119849,2024-02-12,172.5575,-0.05759378186387887
119849,2024-03-01,186.2907,0.07958622488156109
119849,2024-03-04,221.2497,0.1876583211078171
119849,2024-03-05,198.781,-0.10155358402745851
119849,2024-03-06,198.0315,-0.00377048108219602
119849,2024-03-07,197.4758,-0.0028061192285065983
119849,2024-03-09,177.2275,-0.10253560183070531
119849,2024-03-10,180.8973,0.020706718765428622
119849,2024-03-12,168.9968,-0.06578594594833642
119849,2024-04-01,182.4454,0.07957902161461039
119849,2024-04-03,175.5645,-0.03771484509886247
119849,2024-04-04,219.4672,0.2500659301852024
119849,2024-04-06,200.4727,-0.08654824046600129
119849,2024-04-07,202.7283,0.011251407298849214
119849,2024-04-09,180.1134,-0.11155275311833612
119849,2024-04-10,180.1626,0.00027316124175102985
119849,2024-04-11,164.2196,-0.08849228419216859
119849,2024-04-12,169.5641,0.032544836304557956
119849,2024-05-01,181.1492,0.06832283484534774
119849,2024-05-02,184.7906,0.020101662055366454
119849,2024-05-03,176.6297,-0.04416296067007741
119849,2024-05-04,218.3843,0.2363962572545839
119849,2024-05-06,203.8239,-0.06667329107449571
119849,2024-05-07,205.2974,0.0072292797851478685
119849,2024-05-08,213.2199,0.038590357208615256
119849,2024-05-09,179.7491,-0.15697784306249085
119849,2024-05-11,165.5382,-0.07905964480489758
119849,2024-05-12,169.3034,0.022745203221975485
119849,2024-06-02,181.6718,0.07305464627408531
119849,2024-06-03,173.8831,-0.042872366542303086
119849,2024-06-05,200.1289,0.15093933798051662
119849,2024-06-06,206.6716,0.03269242972903985
119849,2024-06-08,210.6967,0.0194758254157803
119849,2024-06-09,178.2095,-0.15418941065522151
119849,2024-06-11,168.7149,-0.05327774333018154
119849,2024-06-12,171.2081,0.014777592257708028
119849,2024-07-02,187.7836,0.09681492873292807
119849,2024-07-03,175.5021,-0.06540241000811564
119849,2024-07-05,197.4416,0.12500990016643665
119849,2024-07-06,207.3618,0.050243717635999774
119849,2024-07-08,209.6517,0.011043017566398472
119849,2024-07-10,179.3296,-0.1446308329481707
119849,2024-07-11,169.8543,-0.05283734531276485
119849,2024-08-01,183.9807,0.08316775024241374
119849,2024-08-02,181.993,-0.01080385062128808
119849,2024-08-03,171.4378,-0.05799783508156897
119849,2024-08-04,219.1896,0.2785371720822363
119849,2024-08-05,200.2028,-0.08662272297590767
119849,2024-08-07,208.9506,0.04369469358070921
119849,2024-08-08,207.5758,-0.006579545595944758
119849,2024-08-10,178.495,-0.14009725603851697
119849,2024-08-11,169.2548,-0.05176727639429679
119849,2024-09-01,188.4771,0.11357019121466583
119849,2024-09-02,184.4177,-0.02153789505462478
119849,2024-09-04,218.4093,0.18431853341626114
119849,2024-09-05,201.2691,-0.07847742747218178
119849,2024-09-07,209.2427,0.03961661278358175
119849,2024-09-08,211.0578,0.008674615649673756
119849,2024-09-09,178.2902,-0.1552541531277214
119849,2024-09-10,181.2448,0.016571858688811725
119849,2024-09-12,167.5156,-0.07574948357139066
119849,2024-10-01,187.473,0.1191375609196994
119849,2024-10-04,211.0048,0.12552100835853675
119849,2024-10-05,200.1466,-0.05145949286461726
119849,2024-10-06,210.3395,0.05092717038410832
119849,2024-10-07,204.0872,-0.029724802046215748
119849,2024-10-09,182.1347,-0.10756431564546909
119849,2024-10-10,180.4792,-0.00908942667157886
119849,2024-10-12,166.6279,-0.07674734817086948
119849,2024-11-01,186.7336,0.12066226604308161
119849,2024-11-03,168.9778,-0.09508626192608072
119849,2024-11-04,208.9175,0.2363606343555189
119849,2024-11-06,213.1563,0.02028934866633958
119849,2024-11-07,196.5596,-0.07786164424884467
119849,2024-11-09,182.2487,-0.0728069247190164
119849,2024-11-10,179.329,-0.01602041605783744
119849,2024-11-11,167.4259,-0.06637576744419471
119849,2024-11-12,170.3042,0.017191485905107884
119849,2024-12-01,186.2928,0.0938825936177734
119849,2024-12-02,178.1802,-0.04354757671794074
119849,2024-12-03,168.3319,-0.05527157338469724
119849,2024-12-04,211.6173,0.257143179634995
119849,2024-12-06,216.2955,0.022106888236453237
119849,2024-12-07,191.2565,-0.11576292618200568
119849,2024-12-08,210.8122,0.10224855102963826
119849,2024-12-09,184.1216,-0.12660842209321843
119849,2024-12-11,170.874,-0.0719502763391151
119849,2024-12-12,166.7411,-0.024186827721010884
119849,2025-01-01,160.8119,-0.03555931920804156
119849,2025-01-04,178.2318,0.10832469487643626
119849,2025-01-05,179.1786,0.005312183347752741
119849,2025-01-07,152.5044,-0.14886934042346567
119849,2025-01-08,144.0566,-0.055393811588386965
119849,2025-01-09,141.1202,-0.020383654757921477
119849,2025-01-10,150.8649,0.06905248150158516
119849,2025-01-12,155.6848,0.03194845189305129
119849,2025-02-01,164.0966,0.05403096512954386
119849,2025-02-04,180.4356,0.09956939997538039
119849,2025-02-05,179.2758,-0.00642777811030637
119849,2025-02-06,168.6999,-0.05899234587155655
119849,2025-02-07,153.7938,-0.08835867715392842
119849,2025-02-09,144.3914,-0.06113640471852566
119849,2025-02-10,151.3312,0.048062419229954134
119849,2025-02-12,154.5578,0.021321445941088202
119849,2025-03-01,165.842,0.07300957958770127
119849,2025-03-02,171.0579,0.03145101964520425
119849,2025-03-03,190.9383,0.11622029733791894
119849,2025-03-04,185.3833,-0.029093167792946795
119849,2025-03-06,174.1522,-0.06058312695911661
119849,2025-03-07,155.661,-0.10617838878865726
119849,2025-03-09,149.0006,-0.04278785309101196
119849,2025-03-10,146.9262,-0.013922091588892904
119849,2025-03-11,147.0262,0.0006806138047537047
119849,2025-03-12,148.466,0.009792812437511289
119849,2025-04-02,173.1437,0.16621785459297067
119849,2025-04-03,190.7176,0.10149892834680108
119849,2025-04-04,187.8903,-0.014824536382588738
119849,2025-04-06,176.2893,-0.06174347478289188
119849,2025-04-07,150.7085,-0.1451069350210138
119849,2025-04-08,143.3764,-0.048650872379460974
119849,2025-04-09,148.2331,0.033873775600447686
119849,2025-04-11,147.7455,-0.003289413767910254
119849,2025-04-12,148.4637,0.004861061758226093
119849,2025-05-02,179.9023,0.21175950754292128
119849,2025-05-03,185.1343,0.02908245197532211
119849,2025-05-05,176.0633,-0.048996863358113485
119849,2025-05-06,172.0417,-0.022841784744464078
119849,2025-05-08,142.8067,-0.1699297321521468
119849,2025-05-09,143.8858,0.007556368153594839
119849,2025-05-11,148.8963,0.034822755268414385
119849,2025-05-12,145.6263,-0.02196159340426873
119849,2025-06-01,164.3062,0.1282728463196552
119849,2025-06-02,182.3082,0.10956372918368262
119849,2025-06-03,190.4096,0.04443793532051776
119849,2025-06-05,177.4325,-0.06815360149908412
119849,2025-06-06,168.1884,-0.05209924901018703
119849,2025-06-08,141.0719,-0.16122693360540918
119849,2025-06-10,146.8604,0.04103226794280079
119849,2025-06-11,149.4614,0.017710696688828298
119849,2025-07-01,164.3638,0.09970734918848612
119849,2025-07-02,179.8237,0.09405903246335257
119849,2025-07-03,191.3568,0.06413559503002109
119849,2025-07-04,186.1867,-0.027018114851418917
119849,2025-07-05,179.0601,-0.038276633078517364
119849,2025-07-07,148.1352,-0.17270681743168914
119849,2025-07-08,141.376,-0.04562858793858582
119849,2025-07-10,145.9186,0.0321313377093706
119849,2025-07-11,148.9169,0.020547757448330817
119849,2025-08-01,168.6089,0.13223482358281702
119849,2025-08-04,186.9599,0.10883767108379216
119849,2025-08-05,175.3806,-0.06193467155256294
119849,2025-08-07,148.4291,-0.15367435166717403
119849,2025-08-08,141.9691,-0.04352246291326978
119849,2025-08-09,146.1415,0.029389493910999098
119849,2025-08-10,142.6519,-0.023878227608174263
119849,2025-08-12,146.0519,0.02383424265642442
119849,2025-09-01,174.4924,0.19472872314567646
119849,2025-09-04,193.8381,0.11086843896926157
119849,2025-09-05,178.533,-0.07895816147599466
119849,2025-09-06,168.7405,-0.054849803677751385
119849,2025-09-07,148.1274,-0.12215858077936237
119849,2025-09-09,145.4959,-0.017765113004076127
119849,2025-09-10,143.4776,-0.013871868554371725
119849,2025-09-12,150.2101,0.046923700981895466
119849,2025-10-01,175.403,0.16771775000482636
119849,2025-10-02,176.4205,0.005800927008090095
119849,2025-10-03,187.4558,0.06255112075977576
119849,2025-10-04,192.118,0.024870929573798106
119849,2025-10-06,164.656,-0.1429433993691377
119849,2025-10-07,149.5944,-0.09147313186279271
119849,2025-10-09,148.0457,-0.010352660260009694
119849,2025-10-10,141.4294,-0.044690929895295994
119849,2025-10-11,148.8458,0.05243888470148361
119849,2025-10-12,152.3732,0.023698350910808408
119849,2025-11-02,173.4913,0.13859458224937193
119849,2025-11-03,180.5827,0.04087467210171347
119849,2025-11-04,188.6295,0.04456019319680138
119849,2025-11-06,158.8139,-0.15806435366684435
119849,2025-11-07,149.2966,-0.05992737411523785
119849,2025-11-08,144.1081,-0.03475296825245855
119849,2025-11-09,148.8761,0.033086273429460356
119849,2025-11-11,147.4443,-0.009617393255196838
119849,2025-11-12,156.6716,0.06258159861045831
119849,2025-12-02,179.8428,0.14789661942560106
119849,2025-12-03,173.1161,-0.03740322103525984
119849,2025-12-05,186.1472,0.07527376136592734
119849,2025-12-06,160.4231,-0.13819224785546058
119849,2025-12-08,146.2585,-0.08829526421070288
119849,2025-12-09,146.5906,0.002270637262107744
119849,2025-12-11,148.3567,0.01204783935668452
119849,2025-12-12,155.1742,0.04595343520043271
119849,2026-01-01,144.2049,-0.07069023072134417
119849,2026-01-04,154.1156,0.06872651345411973
119849,2026-01-05,175.1739,0.13663963933566747
119849,2026-02-01,144.2922,-0.17629167358835984
119849,2026-02-02,135.1807,-0.063146171449323
119849,2026-02-03,131.3478,-0.02835389963212198
119849,2026-02-04,152.1204,0.15814958453814976
119849,2026-03-02,135.2694,-0.11077409735972299
119849,2026-03-03,134.4,-0.00642717421678507
119849,2026-03-04,157.994,0.17555059523809513
119849,2026-04-02,135.6579,-0.1413730901173461
119849,2026-04-03,138.53,0.02117163836385494
119849,2026-04-05,173.667,0.25364181043817213
119849,2026-05-01,141.6613,-0.1842935042351166
119849,2026-05-02,130.6034,-0.07805872175393014
119849,2026-05-03,136.3075,0.04367497323959424
119849,2026-05-05,174.2962,0.27869853089521857
119849,2026-06-01,144.667,-0.16999337908686474
119849,2026-06-02,132.2101,-0.08610740528247629
119849,2026-06-03,138.6849,0.04897356555966592
119849,2026-06-04,161.4143,0.16389239203402828
119849,2026-06-05,175.231,0.08559774443776047
119849,2026-07-01,149.1327,-0.14893654661561018
119849,2026-07-04,162.6697,0.09077150752316565
119849,2026-07-05,179.386,0.10276222308149574
119849,2026-08-01,148.6065,-0.171582509225915
119849,2026-08-04,164.4013,0.10628606420311337
119849,2026-08-05,181.9208,0.10656545903225845
119849,2026-09-01,148.9807,-0.1810683550204265
119849,2026-09-02,131.5926,-0.11671377567698371
119849,2026-09-03,134.9581,0.025575146322817544
119849,2026-09-04,161.7775,0.198723900232739
119849,2026-10-02,136.2436,-0.15783344408214994
119849,2026-10-03,136.0645,-0.0013145571608499385
119849,2026-10-04,161.0941,0.18395393361236767
119849,2026-11-02,133.3961,-0.1719367748415368
119849,2026-11-03,135.9647,0.01925543550373665
119849,2026-11-05,177.0867,0.30244614962560146
119849,2026-12-01,145.0164,-0.18109942756853004
119849,2026-12-02,131.387,-0.09398523201513764
119849,2026-12-03,139.0814,0.05856287151696904
119849,2026-12-05,176.5032,0.2690640157490505
120503,2022-01-02,70.9135,
120503,2022-01-03,74.2094,0.04647775106291463
120503,2022-01-04,70.7693,-0.0463566610159899
120503,2022-01-06,65.0474,-0.08085285568742384
120503,2022-01-07,68.3865,0.05133333538312068
120503,2022-01-08,67.1773,-0.017681852412391286
120503,2022-01-09,71.1357,0.058924666516814383
120503,2022-01-11,75.9663,0.06790683159088906
120503,2022-01-12,78.7971,0.037263892015275246
120503,2022-02-02,71.3349,-0.09470145474896918
120503,2022-02-03,74.681,0.046906913726661115
120503,2022-02-05,69.4482,-0.07006869217069933
120503,2022-02-06,65.71,-0.05382716902669915
120503,2022-02-08,66.537,0.012585603408918233
120503,2022-02-09,71.4271,0.07349444669882899
120503,2022-02-11,73.9774,0.035704935521671866
120503,2022-02-12,78.8845,0.06633242044191867
120503,2022-03-01,63.2484,-0.19821511196749686
120503,2022-03-02,72.8004,0.15102358320526688
120503,2022-03-03,74.2432,0.019818572425426284
120503,2022-03-05,69.2874,-0.06675089435800174
120503,2022-03-06,64.8341,-0.06427286923740827
120503,2022-03-08,66.5133,0.02589995079749685
120503,2022-03-10,73.228,0.10095274178247049
120503,2022-03-11,73.8067,0.00790271480854332
120503,2022-04-01,62.5194,-0.1529305605046697
120503,2022-04-02,72.8283,0.16489121776600535
120503,2022-04-03,72.3581,-0.006456281418075194
120503,2022-04-04,72.1037,-0.0035158468782345853
120503,2022-04-05,68.5501,-0.0492845720815992
120503,2022-04-07,68.8806,0.004821291289144769
120503,2022-04-08,65.972,-0.042226693727987374
120503,2022-04-10,73.0158,0.10676953859213012
120503,2022-04-11,73.0858,0.0009586966108705575
120503,2022-05-01,62.2594,-0.14813274261210807
120503,2022-05-04,71.6725,0.1511916272884095
120503,2022-05-05,69.3133,-0.032916390526352535
120503,2022-05-07,68.0688,-0.017954707105274248
120503,2022-05-08,66.5416,-0.022436123451566536
120503,2022-05-09,72.0777,0.08319757865756139
120503,2022-05-10,72.8036,0.010071076074847252
120503,2022-05-12,78.2483,0.07478613694927172
120503,2022-06-01,62.4744,-0.20158776612399243
120503,2022-06-04,70.2363,0.12424128923206945
120503,2022-06-05,70.2055,-0.00043851968284203124
120503,2022-06-06,65.5003,-0.06702039014037364
120503,2022-06-07,68.0802,0.03938760585829382
120503,2022-06-09,71.9104,0.0562601167446628
120503,2022-06-10,73.5268,0.022477972588109685
120503,2022-06-12,77.1018,0.04862172704374457
120503,2022-07-01,63.9986,-0.16994674573096857
120503,2022-07-02,73.4455,0.1476110414915326
120503,2022-07-03,73.3433,-0.0013915079889168513
120503,2022-07-04,69.3269,-0.05476164830325336
120503,2022-07-06,66.7386,-0.03733471423069534
120503,2022-07-07,67.9684,0.018427117140605187
120503,2022-07-09,73.1968,0.07692398232119624
120503,2022-07-10,73.8599,0.009059139197342025
120503,2022-07-11,73.2724,-0.007954248516447882
120503,2022-07-12,76.9357,0.04999563273483587
120503,2022-08-02,72.5164,-0.057441473854140446
120503,2022-08-03,72.9549,0.0060469080097742545
120503,2022-08-04,70.3862,-0.03520942390435722
120503,2022-08-06,65.8697,-0.06416740781573671
120503,2022-08-07,68.1827,0.03511477963312415
120503,2022-08-08,67.7591,-0.0062127196488257486
120503,2022-08-09,72.054,0.06338484424970225
120503,2022-08-11,75.9302,0.05379576428789523
120503,2022-08-12,76.6856,0.009948610697719573
120503,2022-09-02,72.2122,-0.05833428961891152
120503,2022-09-03,72.2324,0.0002797311257654034
120503,2022-09-05,68.6818,-0.049155226740354774
120503,2022-09-06,65.1741,-0.051071754089147325
120503,2022-09-08,67.3179,0.03289343466192851
120503,2022-09-09,72.6856,0.07973659309039638
120503,2022-09-11,76.2992,0.04971548697403616
120503,2022-09-12,78.9532,0.034784113070648104
120503,2022-10-01,66.4158,-0.15879533698444126
120503,2022-10-02,72.8474,0.09683840291015078
120503,2022-10-03,72.866,0.0002553282615440633
120503,2022-10-05,67.9466,-0.0675129690116103
120503,2022-10-06,65.9993,-0.028659270662549696
120503,2022-10-08,67.5416,0.02336842966516306
120503,2022-10-10,74.3989,0.1015270588792685
120503,2022-10-11,76.0464,0.022144144604288707
120503,2022-11-01,66.9292,-0.11988996191798706
120503,2022-11-02,73.6224,0.10000418352527762
120503,2022-11-03,72.556,-0.014484722041117948
120503,2022-11-04,70.2862,-0.03128342245989313
120503,2022-11-05,66.757,-0.05021184812950463
120503,2022-11-07,67.9111,0.017288074658837305
120503,2022-11-08,67.977,0.0009703862844219202
120503,2022-11-10,75.2968,0.10768053900584018
120503,2022-11-11,76.9219,0.021582590495213383
120503,2022-12-01,66.8122,-0.13142811085009587
120503,2022-12-04,69.8554,0.045548567477197155
120503,2022-12-05,66.2663,-0.051378991459500645
120503,2022-12-07,67.8345,0.02366512088346573
120503,2022-12-08,68.3926,0.008227376924721197
120503,2022-12-09,72.1898,0.055520626500527914
120503,2022-12-10,75.0313,0.039361516446921874
120503,2022-12-12,79.3989,0.05821037353744374
120503,2023-01-02,81.0161,0.02036804036327955
120503,2023-01-03,78.8673,-0.02652312318168848
120503,2023-01-05,85.8486,0.08851957655454168
120503,2023-01-06,85.4439,-0.004714112984952612
120503,2023-01-08,95.1449,0.11353648417265605
120503,2023-01-09,105.5181,0.10902528669429468
120503,2023-01-11,104.6244,-0.008469636962758154
120503,2023-01-12,95.6358,-0.08591303749412171
120503,2023-02-01,77.1758,-0.19302395128184224
120503,2023-02-02,82.2421,0.06564622588946278
120503,2023-02-03,77.7769,-0.05429336069969026
120503,2023-02-05,85.5056,0.09937012146279933
120503,2023-02-06,86.1238,0.007229935817069322
120503,2023-02-08,95.7585,0.11187035407169676
120503,2023-02-10,108.9565,0.13782588490838932
120503,2023-02-11,104.594,-0.04003891461271247
120503,2023-03-01,77.2899,-0.26104843490066343
120503,2023-03-02,83.3612,0.07855230761069687
120503,2023-03-03,77.2292,-0.07355940173605935
120503,2023-03-04,81.2507,0.05207227318164609
120503,2023-03-05,84.1019,0.035091389981871
120503,2023-03-07,82.75,-0.01607454766182448
120503,2023-03-08,94.1936,0.13829123867069493
120503,2023-03-10,109.2605,0.15995672742097122
120503,2023-03-11,105.2428,-0.036771751914003614
120503,2023-04-01,76.4664,-0.2734286811069262
120503,2023-04-04,82.6556,0.08094012533609551
120503,2023-04-05,84.1555,0.018146380886473468
120503,2023-04-07,82.5448,-0.019139569012126434
120503,2023-04-08,94.6516,0.14666944495595136
120503,2023-04-09,104.8933,0.10820419306171258
120503,2023-04-10,108.3155,0.03262553471003393
120503,2023-04-12,95.8898,-0.11471765352142593
120503,2023-05-01,76.7351,-0.19975742988305323
120503,2023-05-04,83.385,0.08666047219590522
120503,2023-05-05,85.1045,0.020621214846795022
120503,2023-05-06,85.4424,0.003970412845384352
120503,2023-05-07,82.5431,-0.03393280151306621
120503,2023-05-09,104.5186,0.2662306116440989
120503,2023-05-10,106.8947,0.022733752652637884
120503,2023-05-12,99.0317,-0.07355837099500728
120503,2023-06-01,75.9452,-0.2331223234580443
120503,2023-06-02,82.7728,0.08990166593807114
120503,2023-06-03,77.0929,-0.0686203680436086
120503,2023-06-04,82.9792,0.07635333474288819
120503,2023-06-06,86.0776,0.037339477845050206
120503,2023-06-07,82.447,-0.042178220582358206
120503,2023-06-09,104.995,0.2734847841643724
120503,2023-06-10,107.7416,0.026159340920996144
120503,2023-06-11,106.3946,-0.012502134737186088
120503,2023-06-12,99.492,-0.06487735279798024
120503,2023-07-02,81.4997,-0.1808416757126201
120503,2023-07-03,76.5681,-0.0605106521864498
120503,2023-07-04,82.5391,0.07798286753883144
120503,2023-07-06,86.3854,0.04659973273272899
120503,2023-07-07,82.8144,-0.041338003875654894
120503,2023-07-08,92.3089,0.11464793562472209
120503,2023-07-09,107.0004,0.15915583437783365
120503,2023-07-11,105.6129,-0.012967241243957983
120503,2023-07-12,98.338,-0.06888268383881135
120503,2023-08-02,81.3379,-0.17287416868352
120503,2023-08-03,74.5761,-0.08313221757630829
120503,2023-08-05,84.2158,0.12925991034661255
120503,2023-08-06,85.8657,0.019591335592608505
120503,2023-08-08,93.0433,0.08359100315958523
120503,2023-08-09,108.1451,0.16230937638712306
120503,2023-08-11,104.1355,-0.0370761134808697
120503,2023-08-12,98.2696,-0.05632949378454033
120503,2023-09-01,75.6074,-0.2306125190292827
120503,2023-09-02,80.5936,0.0659485711716048
120503,2023-09-03,75.4124,-0.06428798316491624
120503,2023-09-05,85.789,0.1375980607963676
120503,2023-09-06,84.8651,-0.010769445966266056
120503,2023-09-08,94.0736,0.10850750190596603
120503,2023-09-10,108.604,0.15445778624396223
120503,2023-09-11,102.8802,-0.052703399506463855
120503,2023-10-01,74.738,-0.2735434029094034
120503,2023-10-02,80.5684,0.07801118574219279
120503,2023-10-03,76.6001,-0.04925380173864691
120503,2023-10-04,82.87,0.08185237356087005
120503,2023-10-05,86.3535,0.04203571859539035
120503,2023-10-07,84.2741,-0.02408008939996631
120503,2023-10-08,93.4472,0.10884838876950331
120503,2023-10-10,107.6046,0.151501596623548
120503,2023-10-11,102.3251,-0.049063887603318035
120503,2023-11-01,75.3556,-0.2635668081438475
120503,2023-11-04,83.3679,0.10632653711203965
120503,2023-11-05,87.4603,0.049088438115869604
120503,2023-11-07,85.406,-0.02348837129531911
120503,2023-11-08,93.6278,0.09626724117743479
120503,2023-11-09,108.7322,0.16132388030050926
120503,2023-11-10,108.8092,0.0007081618876467743
120503,2023-11-12,96.2192,-0.11570712770611313
120503,2023-12-01,76.1658,-0.20841370537273218
120503,2023-12-04,83.6028,0.09764224888335704
120503,2023-12-05,86.8092,0.038352782442693245
120503,2023-12-06,82.9046,-0.04497910359731461
120503,2023-12-07,84.0996,0.014414157959871776
120503,2023-12-09,109.3856,0.30066730400620223
120503,2023-12-10,108.0335,-0.012360859199016971
120503,2023-12-12,96.1695,-0.10981778800094422
120503,2024-01-01,98.8902,0.0282906742782274
120503,2024-01-02,106.6284,0.07825042319663633
120503,2024-01-03,103.7733,-0.026776168450431515
120503,2024-01-04,89.1071,-0.1413292243765979
120503,2024-01-05,90.7455,0.01838686255079569
120503,2024-01-07,97.3198,0.07244766958141158
120503,2024-01-08,97.086,-0.0024023888252956427
120503,2024-01-10,97.0549,-0.0003203345487505782
120503,2024-01-11,89.0826,-0.0821421690198022
120503,2024-02-01,99.9376,0.12185320141082556
120503,2024-02-02,106.9538,0.07020580842445678
120503,2024-02-04,88.5844,-0.1717507933331962
120503,2024-02-05,90.2963,0.0193250730376906
120503,2024-02-07,98.2715,0.08832255585223314
120503,2024-02-08,98.1914,-0.0008150888100822984
120503,2024-02-09,103.311,0.05213898569528497
120503,2024-02-10,93.8001,-0.0920608647675466
120503,2024-02-12,87.2751,-0.06956282562598548
120503,2024-03-01,99.924,0.14493137217831897
120503,2024-03-04,90.1001,-0.0983137184260039
120503,2024-03-05,91.6991,0.01774692813881451
120503,2024-03-06,101.6924,0.10897925933842312
120503,2024-03-07,98.866,-0.02779362076222025
120503,2024-03-09,103.677,0.04866182509659556
120503,2024-03-10,93.3345,-0.09975693741138347
120503,2024-03-12,86.9658,-0.06823521848834035
120503,2024-04-01,98.284,0.13014541348438136
120503,2024-04-03,103.4367,0.052426641162345744
120503,2024-04-04,89.7244,-0.13256706758819647
120503,2024-04-06,101.1823,0.12770104899001833
120503,2024-04-07,100.7151,-0.0046174083807146715
120503,2024-04-09,102.1787,0.014532081088138638
120503,2024-04-10,93.9945,-0.080096928224767
120503,2024-04-11,89.775,-0.044890924468984794
120503,2024-04-12,86.9075,-0.031940963519910937
120503,2024-05-01,98.2664,0.1307010327071887
120503,2024-05-02,105.5936,0.0745646528213102
120503,2024-05-03,102.4424,-0.029842717740468983
120503,2024-05-04,90.1771,-0.11972874512897014
120503,2024-05-06,100.1481,0.11057130912393509
120503,2024-05-07,99.6135,-0.005338094282367756
120503,2024-05-08,98.3602,-0.012581627992189759
120503,2024-05-09,102.6345,0.0434555846775424
120503,2024-05-11,89.9845,-0.12325290228919128
120503,2024-05-12,86.3945,-0.039895759825303245
120503,2024-06-02,104.8949,0.21413863151010792
120503,2024-06-03,101.3985,-0.03333241177597779
120503,2024-06-05,91.1513,-0.10105869416214242
120503,2024-06-06,101.3412,0.11179105509191856
120503,2024-06-08,99.8961,-0.014259748256385318
120503,2024-06-09,102.4894,0.025959972411335297
120503,2024-06-11,89.3917,-0.127795654965294
120503,2024-06-12,84.8633,-0.05065794699060433
120503,2024-07-02,103.8882,0.22418289178007456
120503,2024-07-03,102.0949,-0.017261825693389632
120503,2024-07-05,91.5844,-0.10294833532331182
120503,2024-07-06,102.4522,0.11866431400980959
120503,2024-07-08,98.9265,-0.034413121436142946
120503,2024-07-10,95.3906,-0.035742697861543604
120503,2024-07-11,89.6724,-0.05994510989552437
120503,2024-08-01,100.3201,0.11873999134627833
120503,2024-08-02,103.1772,0.028479836044820628
120503,2024-08-03,103.6465,0.0045484855181183725
120503,2024-08-04,90.3706,-0.12808826154284036
120503,2024-08-05,90.8223,0.004998306971515154
120503,2024-08-07,101.7471,0.1202876386085796
120503,2024-08-08,99.6162,-0.020943103046671574
120503,2024-08-10,94.9033,-0.047310577998357695
120503,2024-08-11,90.4817,-0.04659058220314782
120503,2024-09-01,101.8663,0.12582212756833688
120503,2024-09-02,102.5561,0.0067716212329298475
120503,2024-09-04,88.1007,-0.1409511477133003
120503,2024-09-05,91.6892,0.04073179895278911
120503,2024-09-07,102.931,0.12260767898509317
120503,2024-09-08,99.8999,-0.02944788256210462
120503,2024-09-09,100.1892,0.00289589879469343
120503,2024-09-10,94.4775,-0.05700913870956148
120503,2024-09-12,85.229,-0.09789103225635742
120503,2024-10-01,101.8363,0.19485503760457124
120503,2024-10-04,88.9525,-0.1265148085702249
120503,2024-10-05,92.4847,0.03970883336612241
120503,2024-10-06,104.3088,0.1278492550659731
120503,2024-10-07,102.6852,-0.015565321430215051
120503,2024-10-09,99.1999,-0.03394160015269965
120503,2024-10-10,95.8282,-0.03398894555337262
120503,2024-10-12,87.0622,-0.091476204290595
120503,2024-11-01,103.0449,0.18357794772013558
120503,2024-11-03,102.9005,-0.0014013308761521293
120503,2024-11-04,89.2225,-0.13292452417626732
120503,2024-11-06,103.5997,0.1611387262181625
120503,2024-11-07,104.1307,0.005125497467656892
120503,2024-11-09,98.7522,-0.051651434207203084
120503,2024-11-10,93.7212,-0.050945700450217846
120503,2024-11-11,88.2966,-0.057880180791539115
120503,2024-11-12,87.1206,-0.013318746135185244
120503,2024-12-01,102.6381,0.1781151644961123
120503,2024-12-02,101.9275,-0.006923354972471207
120503,2024-12-03,103.5128,0.015553211841750292
120503,2024-12-04,89.8068,-0.13240874558508708
120503,2024-12-06,103.361,0.15092621048740185
120503,2024-12-07,102.7952,-0.005474018246727552
120503,2024-12-08,100.2613,-0.02464998365682436
120503,2024-12-09,101.0335,0.007701875000623248
120503,2024-12-11,89.5645,-0.11351680383239227
120503,2024-12-12,87.3953,-0.024219417291449052
120503,2025-01-01,92.9651,0.0637311159753442
120503,2025-01-04,92.0383,-0.009969332577494106
120503,2025-01-05,81.1054,-0.11878641826283187
120503,2025-01-07,81.2949,0.0023364658826661167
120503,2025-01-08,84.7957,0.04306297196995135
120503,2025-01-09,90.8834,0.07179255551873509
120503,2025-01-10,98.023,0.07855780043440275
120503,2025-01-12,102.4522,0.04518531365087797
120503,2025-02-01,91.7606,-0.10435695865974581
120503,2025-02-04,91.2932,-0.005093689448412486
120503,2025-02-05,80.7371,-0.11562854626631558
120503,2025-02-06,80.9134,0.0021836305738005546
120503,2025-02-07,82.9579,0.025267755402689884
120503,2025-02-09,89.9634,0.08444644813815194
120503,2025-02-10,98.1608,0.09111927739502956
120503,2025-02-12,101.3868,0.032864442832576835
120503,2025-03-01,91.5972,-0.09655694824178285
120503,2025-03-02,96.787,0.056658937172752166
120503,2025-03-03,94.0377,-0.028405674315765572
120503,2025-03-04,91.213,-0.030037952863585682
120503,2025-03-06,81.6415,-0.10493569995505025
120503,2025-03-07,84.5116,0.03515491508607771
120503,2025-03-09,89.235,0.055890552302879204
120503,2025-03-10,98.8576,0.10783436992211581
120503,2025-03-11,94.5633,-0.043439249991907625
120503,2025-03-12,99.5479,0.0527117814204876
120503,2025-04-02,95.3286,-0.04238462087095762
120503,2025-04-03,91.9254,-0.03569967459922829
120503,2025-04-04,90.2726,-0.01797979666120575
120503,2025-04-06,83.9135,-0.0704433017327517
120503,2025-04-07,85.2957,0.016471723858497045
120503,2025-04-08,85.0266,-0.0031549069882771397
120503,2025-04-09,90.5459,0.06491262734250225
120503,2025-04-11,93.5415,0.033083772981438164
120503,2025-04-12,99.9009,0.0679847981911772
120503,2025-05-02,96.0263,-0.03878443537545695
120503,2025-05-03,93.421,-0.027131108873298282
120503,2025-05-05,79.8571,-0.1451911240513375
120503,2025-05-06,83.3294,0.043481418684124584
120503,2025-05-08,86.0928,0.03316236526364036
120503,2025-05-09,92.1473,0.07032527691049673
120503,2025-05-11,93.8268,0.018226252966717427
120503,2025-05-12,101.2692,0.07932062054764732
120503,2025-06-01,91.9792,-0.09173569061471787
120503,2025-06-02,96.5888,0.05011567832727404
120503,2025-06-03,93.5445,-0.03151814703153999
120503,2025-06-05,80.4759,-0.13970463255455967
120503,2025-06-06,81.8319,0.01684976496069024
120503,2025-06-08,84.8351,0.036699624474074266
120503,2025-06-10,97.8798,0.15376536362896975
120503,2025-06-11,92.7141,-0.05277595581519379
120503,2025-07-01,91.9581,-0.008154099538257964
120503,2025-07-02,94.465,0.027261328800834317
120503,2025-07-03,93.1247,-0.014188323717779117
120503,2025-07-04,91.2253,-0.02039630731696318
120503,2025-07-05,79.2402,-0.1313791239930151
120503,2025-07-07,87.1578,0.0999189805174645
120503,2025-07-08,85.0613,-0.024054072039450203
120503,2025-07-10,97.9592,0.15163064754477062
120503,2025-07-11,93.9806,-0.04061486823085525
120503,2025-08-01,93.3446,-0.006767354113508484
120503,2025-08-04,90.8622,-0.026593932589565994
120503,2025-08-05,80.0137,-0.11939508398431908
120503,2025-08-07,85.4644,0.06812208409309894
120503,2025-08-08,86.0569,0.006932711163946559
120503,2025-08-09,91.9255,0.0681944155552896
120503,2025-08-10,95.4731,0.03859212079346874
120503,2025-08-12,101.8922,0.0672346451513568
120503,2025-09-01,91.2011,-0.10492559783771482
120503,2025-09-04,87.7335,-0.038021471232254744
120503,2025-09-05,79.0874,-0.09854958482221732
120503,2025-09-06,80.0226,0.011824892460745806
120503,2025-09-07,84.965,0.06176255207903769
120503,2025-09-09,92.0176,0.08300594362384506
120503,2025-09-10,96.5202,0.048931943454295634
120503,2025-09-12,101.9351,0.05610120990217604
120503,2025-10-01,91.3993,-0.10335792087318307
120503,2025-10-02,93.1905,0.019597524269879596
120503,2025-10-03,93.0669,-0.001326315450609239
120503,2025-10-04,87.3783,-0.061123772254152775
120503,2025-10-06,80.743,-0.07593761837893387
120503,2025-10-07,84.2535,0.04347745315383378
120503,2025-10-09,91.0601,0.08078714830837885
120503,2025-10-10,94.755,0.04057649837854327
120503,2025-10-11,95.2198,0.004905282043164094
120503,2025-10-12,101.2601,0.06343533592803174
120503,2025-11-02,92.9158,-0.08240461939105326
120503,2025-11-03,93.0668,0.0016251272657610283
120503,2025-11-04,86.3287,-0.07240068423970747
120503,2025-11-06,78.9547,-0.08541771160691636
120503,2025-11-07,85.0209,0.07683139825748175
120503,2025-11-08,86.1086,0.012793324935398198
120503,2025-11-09,92.3826,0.07286147957346878
120503,2025-11-11,95.8706,0.03775602765022845
120503,2025-11-12,99.9786,0.04284942411959447
120503,2025-12-02,92.6222,-0.07357974606565798
120503,2025-12-03,91.1753,-0.01562152486121049
120503,2025-12-05,78.4089,-0.14002037832614744
120503,2025-12-06,78.6375,0.0029154853594426378
120503,2025-12-08,89.1112,0.13318963598791922
120503,2025-12-09,93.1618,0.045455565630358574
120503,2025-12-11,96.3298,0.03400535412583272
120503,2025-12-12,101.0251,0.04874192617445483
120503,2026-01-01,105.3012,0.042327104848201014
120503,2026-01-04,106.8508,0.014715881680360754
120503,2026-01-05,111.7836,0.04616530713855216
120503,2026-02-01,104.1296,-0.06847158259351116
120503,2026-02-02,98.867,-0.05053894377775381
120503,2026-02-03,103.4195,0.04604670921541065
120503,2026-02-04,106.6136,0.030884891147220817
120503,2026-03-02,98.2876,-0.078095102313401
120503,2026-03-03,102.4531,0.04238072757906397
120503,2026-03-04,109.2803,0.06663731990540045
120503,2026-04-02,98.5415,-0.0982683978722606
120503,2026-04-03,102.5953,0.04113799769640192
120503,2026-04-05,112.4597,0.09614865398317463
120503,2026-05-01,106.2113,-0.055561236602978736
120503,2026-05-02,99.0594,-0.06733652633947607
120503,2026-05-03,103.7023,0.04686985788324982
120503,2026-05-05,114.3271,0.10245481537053669
120503,2026-06-01,105.8966,-0.07374017184027226
120503,2026-06-02,99.2598,-0.06267245596175897
120503,2026-06-03,103.922,0.04696966949359149
120503,2026-06-04,108.4444,0.04351725332460887
120503,2026-06-05,115.095,0.06132727923249148
120503,2026-07-01,107.9655,-0.06194448064642244
120503,2026-07-04,107.9686,2.871287587224991e-05
120503,2026-07-05,115.0116,0.0652319285421874
120503,2026-08-01,108.8937,-0.05319376480285476
120503,2026-08-04,110.5975,0.015646451539437
120503,2026-08-05,118.1996,0.06873663509573014
120503,2026-09-01,108.7637,-0.0798302193916054
120503,2026-09-02,99.2122,-0.08781882190473478
120503,2026-09-03,102.0021,0.028120533563412486
120503,2026-09-04,109.543,0.07392887009189031
120503,2026-10-02,97.8338,-0.10689135773166714
120503,2026-10-03,101.0653,0.033030506839149654
120503,2026-10-04,108.8692,0.07721641354648945
120503,2026-11-02,99.5812,-0.08531338523659593
120503,2026-11-03,101.0211,0.014459556623137804
120503,2026-11-05,119.5138,0.18305779683650236
120503,2026-12-01,108.1348,-0.09521076227180458
120503,2026-12-02,101.7856,-0.058715603117590276
120503,2026-12-03,100.9748,-0.007965763329979891
120503,2026-12-05,120.3904,0.19228163858705338
120505,2022-01-02,97.1178,
120505,2022-01-03,99.76,0.027206135229587147
120505,2022-01-04,107.267,0.07525060144346418
120505,2022-01-06,107.5725,0.002848033411953388
120505,2022-01-07,117.3408,0.09080666527225811
120505,2022-01-08,135.4811,0.15459499168234747
120505,2022-01-09,132.4778,-0.022167667667298163
120505,2022-01-11,135.2009,0.020555142069086152
120505,2022-01-12,139.6077,0.03259445758127355
120505,2022-02-02,95.3851,-0.31676333038936966
120505,2022-02-03,100.222,0.050709177848531795
120505,2022-02-05,112.1663,0.1191784238989444
120505,2022-02-06,105.5585,-0.05891074235309546
120505,2022-02-08,134.9381,0.2783252888208907
120505,2022-02-09,128.4474,-0.048101314602769785
120505,2022-02-11,133.778,0.041500256135974745
120505,2022-02-12,139.9598,0.04620939167875138
120505,2022-03-01,86.4945,-0.3820046899181051
120505,2022-03-02,94.1227,0.08819289087745452
120505,2022-03-03,101.6457,0.07992758388784016
120505,2022-03-05,111.2028,0.09402365274674662
120505,2022-03-06,104.4256,-0.06094450859151024
120505,2022-03-08,135.5459,0.2980140884993716
120505,2022-03-10,127.93,-0.056186871015648454
120505,2022-03-11,132.1464,0.032958649261314754
120505,2022-04-01,87.0831,-0.3410104248015837
120505,2022-04-02,93.0125,0.06808898626714033
120505,2022-04-03,101.9803,0.09641499798414177
120505,2022-04-04,107.314,0.05230127779580962
120505,2022-04-05,109.6858,0.022101496542855648
120505,2022-04-07,120.0289,0.09429752985345408
120505,2022-04-08,139.0265,0.15827521538562794
120505,2022-04-10,126.7858,-0.08804580421718167
120505,2022-04-11,135.6696,0.07006936107986861
120505,2022-05-01,87.8997,-0.3521046719382972
120505,2022-05-04,107.6651,0.22486311102313206
120505,2022-05-05,109.2346,0.014577611500848464
120505,2022-05-07,119.4936,0.09391712882182013
120505,2022-05-08,134.6666,0.12697751176632033
120505,2022-05-09,126.9699,-0.05715374116521832
120505,2022-05-10,124.5051,-0.019412474925159406
120505,2022-05-12,139.9913,0.1243820534259239
120505,2022-06-01,89.604,-0.35993165289557283
120505,2022-06-04,107.3185,0.19769764742645424
120505,2022-06-05,107.7035,0.003587452303190908
120505,2022-06-06,105.5167,-0.020303889845733947
120505,2022-06-07,123.902,0.17424066522171366
120505,2022-06-09,127.0652,0.025529854239640937
120505,2022-06-10,125.3682,-0.013355348277891976
120505,2022-06-12,139.8147,0.11523257093904182
120505,2022-07-01,92.1526,-0.3408947700063011
120505,2022-07-02,93.5281,0.014926328719970794
120505,2022-07-03,104.0142,0.11211710705124989
120505,2022-07-04,108.2896,0.04110400310726803
120505,2022-07-06,109.6886,0.01291906147958799
120505,2022-07-07,124.6486,0.13638609664085433
120505,2022-07-09,126.4328,0.014313839064377776
120505,2022-07-10,122.6927,-0.02958172246442381
120505,2022-07-11,135.3024,0.10277465570486277
120505,2022-07-12,139.6568,0.03218272550967316
120505,2022-08-02,93.9818,-0.3270517439895515
120505,2022-08-03,104.4149,0.11101191932906151
120505,2022-08-04,107.2456,0.027110115510334154
120505,2022-08-06,110.5292,0.03061757312188096
120505,2022-08-07,126.5381,0.1448386489723983
120505,2022-08-08,133.3401,0.053754560879292645
120505,2022-08-09,124.402,-0.06703234810833358
120505,2022-08-11,133.3338,0.07179788106300533
120505,2022-08-12,139.4835,0.04612258857093998
120505,2022-09-02,94.5842,-0.321896855183588
120505,2022-09-03,102.1429,0.07991503866396288
120505,2022-09-05,108.6694,0.06389577738638708
120505,2022-09-06,109.0637,0.003628436339944807
120505,2022-09-08,136.3386,0.25008229135816973
120505,2022-09-09,122.6767,-0.10020566442665546
120505,2022-09-11,132.6822,0.08155990501863841
120505,2022-09-12,141.3799,0.06555287747715965
120505,2022-10-01,92.371,-0.3466468713020734
120505,2022-10-02,95.4772,0.033627437182665476
120505,2022-10-03,104.4185,0.09364853598555456
120505,2022-10-05,106.83,0.023094566575846187
120505,2022-10-06,108.5177,0.015797996817373372
120505,2022-10-08,138.6411,0.27758973881680116
120505,2022-10-10,123.8652,-0.1065766212183833
120505,2022-10-11,130.1604,0.050822991445539145
120505,2022-11-01,93.9405,-0.2782712714466151
120505,2022-11-02,94.1642,0.002381294542822321
120505,2022-11-03,102.9866,0.09369165776377852
120505,2022-11-04,108.8978,0.0573977585433445
120505,2022-11-05,110.6219,0.015832275766819892
120505,2022-11-07,126.9425,0.14753498177124058
120505,2022-11-08,139.7969,0.10126159481655073
120505,2022-11-10,125.0941,-0.10517257535753655
120505,2022-11-11,133.025,0.06339947287681835
120505,2022-12-01,93.492,-0.2971847397105807
120505,2022-12-04,108.5389,0.1609431823043681
120505,2022-12-05,112.8276,0.039513022520036634
120505,2022-12-07,126.9117,0.12482849940971885
120505,2022-12-08,138.9261,0.09466739473192765
120505,2022-12-09,120.9151,-0.12964446565476173
120505,2022-12-10,122.0395,0.009299086714562588
120505,2022-12-12,142.7421,0.16963851867633006
120505,2023-01-02,130.1805,-0.08800206806541311
120505,2023-01-03,132.7925,0.020064448976613303
120505,2023-01-05,138.2974,0.04145490144398223
120505,2023-01-06,130.2906,-0.05789552081239413
120505,2023-01-08,117.9912,-0.09439974948307861
120505,2023-01-09,125.0306,0.059660381452176114
120505,2023-01-11,109.0259,-0.12800626406655657
120505,2023-01-12,110.5158,0.01366556020175036
120505,2023-02-01,143.7898,0.3010791217183426
120505,2023-02-02,129.3841,-0.10018582681108135
120505,2023-02-03,131.9755,0.020028736143003822
120505,2023-02-05,140.5094,0.06466275937579313
120505,2023-02-06,131.2397,-0.06597209866386167
120505,2023-02-08,117.8113,-0.10231964870386012
120505,2023-02-10,121.5801,0.03199014016482282
120505,2023-02-11,109.6637,-0.09801275044188973
120505,2023-03-01,145.626,0.32793257933117337
120505,2023-03-02,127.2434,-0.12623157952563424
120505,2023-03-03,132.1845,0.038831876545266875
120505,2023-03-04,138.4959,0.04774689922040776
120505,2023-03-05,137.8187,-0.004889675434435192
120505,2023-03-07,126.4766,-0.08229724993778054
120505,2023-03-08,116.602,-0.07807452129484826
120505,2023-03-10,124.1665,0.06487453045402303
120505,2023-03-11,113.3983,-0.08672387479714727
120505,2023-04-01,141.903,0.2513679658337029
120505,2023-04-04,142.0568,0.0010838389604168608
120505,2023-04-05,133.1675,-0.0625756739557699
120505,2023-04-07,130.3933,-0.020832410310323346
120505,2023-04-08,114.7298,-0.12012503709929889
120505,2023-04-09,125.583,0.09459791614733049
120505,2023-04-10,124.9673,-0.0049027336502552865
120505,2023-04-12,112.5186,-0.09961565945651374
120505,2023-05-01,142.1556,0.26339645178663784
120505,2023-05-04,142.1231,-0.00022862272045565124
120505,2023-05-05,132.8078,-0.065543884139876
120505,2023-05-06,134.604,0.013524808030853874
120505,2023-05-07,128.6733,-0.04406035481857895
120505,2023-05-09,127.1372,-0.011937985580536159
120505,2023-05-10,123.468,-0.0288601605195018
120505,2023-05-12,109.4035,-0.1139121067807044
120505,2023-06-01,142.0773,0.2986540649979208
120505,2023-06-02,127.7491,-0.10084791870341014
120505,2023-06-03,131.136,0.02651212415586479
120505,2023-06-04,140.4503,0.07102778794533915
120505,2023-06-06,134.2796,-0.043935114414138
120505,2023-06-07,128.1998,-0.04527716793913583
120505,2023-06-09,126.1101,-0.016300337442024193
120505,2023-06-10,125.5039,-0.004806910786685603
120505,2023-06-11,111.1938,-0.1140211579082403
120505,2023-06-12,108.9203,-0.020446283875539817
120505,2023-07-02,126.5559,0.16191288492595035
120505,2023-07-03,128.4043,0.014605403620060464
120505,2023-07-04,140.7797,0.09637839231240686
120505,2023-07-06,135.1695,-0.03985091600564561
120505,2023-07-07,127.5188,-0.05660078642001343
120505,2023-07-08,115.2339,-0.09633795173731241
120505,2023-07-09,124.9604,0.08440658521494115
120505,2023-07-11,110.7748,-0.11352076337783812
120505,2023-07-12,108.9067,-0.01686394378504852
120505,2023-08-02,128.7294,0.18201543155747069
120505,2023-08-03,128.8826,0.0011900933275537096
120505,2023-08-05,133.8076,0.03821307143089925
120505,2023-08-06,133.4908,-0.0023675785231930258
120505,2023-08-08,116.6292,-0.12631282455420156
120505,2023-08-09,128.1323,0.0986296742153765
120505,2023-08-11,106.6372,-0.16775707608464052
120505,2023-08-12,108.9871,0.022036400055515326
120505,2023-09-01,143.6944,0.3184532848382975
120505,2023-09-02,131.8907,-0.08214446770368222
120505,2023-09-03,131.0222,-0.00658499803246182
120505,2023-09-05,134.1801,0.02410202240536341
120505,2023-09-06,132.8438,-0.009959002862570676
120505,2023-09-08,118.1589,-0.1105426071822696
120505,2023-09-10,125.6003,0.06297790517684243
120505,2023-09-11,106.2091,-0.1543881662703035
120505,2023-10-01,143.3616,0.3498052426769458
120505,2023-10-02,133.3008,-0.07017778819432818
120505,2023-10-03,132.7967,-0.0037816727281458906
120505,2023-10-04,139.6875,0.051889843648223355
120505,2023-10-05,136.7272,-0.02119230425055918
120505,2023-10-07,127.1098,-0.07034006401067239
120505,2023-10-08,119.236,-0.06194486971106872
120505,2023-10-10,125.7338,0.05449528665839165
120505,2023-10-11,107.2862,-0.14671949785976413
120505,2023-11-01,141.1996,0.31610216411803216
120505,2023-11-04,138.4651,-0.01936620217054441
120505,2023-11-05,137.6926,-0.005579023161793151
120505,2023-11-07,126.5418,-0.08098329176731356
120505,2023-11-08,118.406,-0.06429337973697224
120505,2023-11-09,130.0888,0.09866729726534107
120505,2023-11-10,123.5285,-0.05042939899514787
120505,2023-11-12,109.3367,-0.11488684797435411
120505,2023-12-01,141.2858,0.29220838016878137
120505,2023-12-04,139.4341,-0.013106058782977437
120505,2023-12-05,136.5969,-0.020347963661686785
120505,2023-12-06,129.8711,-0.04923830628659942
120505,2023-12-07,127.1351,-0.02106704262919168
120505,2023-12-09,131.6967,0.03587994188858934
120505,2023-12-10,121.7558,-0.0754832884954596
120505,2023-12-12,110.3925,-0.09332861350342236
120505,2024-01-01,109.8018,-0.005350906990964077
120505,2024-01-02,116.1832,0.05811744434062094
120505,2024-01-03,126.3601,0.08759355913763778
120505,2024-01-04,139.3308,0.10264870002477045
120505,2024-01-05,143.8696,0.032575711902895765
120505,2024-01-07,153.424,0.06641013806947416
120505,2024-01-08,160.074,0.04334393575972473
120505,2024-01-10,158.5262,-0.009669277958944122
120505,2024-01-11,166.8608,0.05257553640975443
120505,2024-02-01,110.7274,-0.33640855131942315
120505,2024-02-02,119.1539,0.07610130825793782
120505,2024-02-04,141.0524,0.18378332559823907
120505,2024-02-05,144.1816,0.022184663288253192
120505,2024-02-07,152.8958,0.060439057410931696
120505,2024-02-08,155.5142,0.017125388663390195
120505,2024-02-09,153.012,-0.016089849029863434
120505,2024-02-10,158.4335,0.035431861553342214
120505,2024-02-12,180.5434,0.1395531879305827
120505,2024-03-01,111.6906,-0.38136425923074446
120505,2024-03-04,142.2242,0.27337663151599134
120505,2024-03-05,143.5458,0.009292370777969072
120505,2024-03-06,156.5178,0.09036837023444777
120505,2024-03-07,155.6741,-0.005390441214992658
120505,2024-03-09,151.5771,-0.026317801098577176
120505,2024-03-10,158.6363,0.04657167870344536
120505,2024-03-12,180.3918,0.1371407426925615
120505,2024-04-01,113.6857,-0.36978454674769023
120505,2024-04-03,126.7299,0.11473914485287073
120505,2024-04-04,144.932,0.14362908832090926
120505,2024-04-06,157.3315,0.08555391493942
120505,2024-04-07,153.1269,-0.026724463950321464
120505,2024-04-09,152.0484,-0.007043177913221177
120505,2024-04-10,159.0182,0.04583935115397475
120505,2024-04-11,164.2245,0.03274027752798103
120505,2024-04-12,183.491,0.1173180615559799
120505,2024-05-01,115.3901,-0.371140273909892
120505,2024-05-02,119.6629,0.037029173213299904
120505,2024-05-03,127.4524,0.0650953637259335
120505,2024-05-04,140.613,0.10325894216193654
120505,2024-05-06,154.9489,0.10195287775667983
120505,2024-05-07,154.8118,-0.0008848078301944007
120505,2024-05-08,154.8226,6.976212407572291e-05
120505,2024-05-09,150.1895,-0.02992521763618483
120505,2024-05-11,164.5599,0.0956817886736423
120505,2024-05-12,182.0648,0.10637403158363612
120505,2024-06-02,120.8986,-0.335958406018077
120505,2024-06-03,126.8718,0.04940669288147248
120505,2024-06-05,144.6764,0.1403353621529766
120505,2024-06-06,155.8841,0.07746736855492653
120505,2024-06-08,150.2848,-0.035919635164843644
120505,2024-06-09,150.3038,0.00012642662464878995
120505,2024-06-11,166.2444,0.10605586818164281
120505,2024-06-12,178.0405,0.07095637507188202
120505,2024-07-02,121.5555,-0.3172592752772544
120505,2024-07-03,127.8796,0.052026440597093604
120505,2024-07-05,146.4054,0.14486907997835452
120505,2024-07-06,155.0665,0.0591583370558737
120505,2024-07-08,148.3951,-0.043022832139759215
120505,2024-07-10,160.4293,0.08109566960095038
120505,2024-07-11,168.6229,0.0510729648511834
120505,2024-08-01,116.2981,-0.31030660722831827
120505,2024-08-02,123.4716,0.06168200512304156
120505,2024-08-03,130.7879,0.05925492177958347
120505,2024-08-04,141.9238,0.08514472669107764
120505,2024-08-05,145.4768,0.025034560799527705
120505,2024-08-07,152.6828,0.04953367134828368
120505,2024-08-08,145.0843,-0.04976657488597258
120505,2024-08-10,160.0941,0.1034557150566946
120505,2024-08-11,172.6588,0.0784832170579679
120505,2024-09-01,114.3892,-0.3374841015922734
120505,2024-09-02,122.6759,0.07244302783829237
120505,2024-09-04,139.2045,0.13473388008565657
120505,2024-09-05,146.6462,0.05345876031306451
120505,2024-09-07,153.002,0.043341048046250163
120505,2024-09-08,145.9929,-0.045810512280885285
120505,2024-09-09,151.1249,0.03515239439726181
120505,2024-09-10,162.4391,0.07486655078018245
120505,2024-09-12,178.52,0.09899648545208639
120505,2024-10-01,118.6478,-0.3353809097019942
120505,2024-10-04,139.259,0.17371750677214393
120505,2024-10-05,145.9961,0.04837820176792906
120505,2024-10-06,156.1537,0.06957446123560818
120505,2024-10-07,154.7029,-0.009290846134289432
120505,2024-10-09,155.0061,0.0019598856905720385
120505,2024-10-10,163.6069,0.05548684858208808
120505,2024-10-12,176.9899,0.08179972849555872
120505,2024-11-01,116.2091,-0.34341394621953003
120505,2024-11-03,132.236,0.1379143285680724
120505,2024-11-04,138.6775,0.048712151002752835
120505,2024-11-06,156.1314,0.12585963836959846
120505,2024-11-07,153.2499,-0.01845560854511019
120505,2024-11-09,152.0384,-0.007905388519013679
120505,2024-11-10,162.1992,0.06683048493012289
120505,2024-11-11,180.3729,0.11204555879437139
120505,2024-11-12,178.7498,-0.00899858016364985
120505,2024-12-01,117.9219,-0.3402963248070767
120505,2024-12-02,124.7162,0.05761694816654073
120505,2024-12-03,133.9079,0.07370093059281801
120505,2024-12-04,140.1234,0.04641623085717872
120505,2024-12-06,156.3834,0.1160405756640217
120505,2024-12-07,153.7184,-0.017041450691058002
120505,2024-12-08,146.0671,-0.049774782979786325
120505,2024-12-09,153.2125,0.04891861343177206
120505,2024-12-11,181.1409,0.18228538794158422
120505,2024-12-12,176.4654,-0.02581139875091709
120505,2025-01-01,173.7736,-0.015253981800398275
120505,2025-01-04,186.0208,0.07047790918758667
120505,2025-01-05,181.3379,-0.025174066555998187
120505,2025-01-07,180.0509,-0.00709724773475362
120505,2025-01-08,178.6526,-0.007766137242302018
120505,2025-01-09,174.8579,-0.021240664843388823
120505,2025-01-10,183.5094,0.04947731843971592
120505,2025-01-12,182.5607,-0.005169762420889623
120505,2025-02-01,175.8655,-0.036673829581065354
120505,2025-02-04,185.9881,0.057558759392831504
120505,2025-02-05,183.2507,-0.014718145945896599
120505,2025-02-06,179.6712,-0.01953334966796849
120505,2025-02-07,180.792,0.006238061525720262
120505,2025-02-09,177.2396,-0.019649099517677793
120505,2025-02-10,185.071,0.04418538520736903
120505,2025-02-12,181.2147,-0.0208368680128167
120505,2025-03-01,175.5852,-0.031065360591607694
120505,2025-03-02,179.573,0.022711481377701626
120505,2025-03-03,203.7017,0.13436708191097768
120505,2025-03-04,184.249,-0.09549601206077318
120505,2025-03-06,185.6962,0.007854588084603042
120505,2025-03-07,182.5201,-0.017103742564468116
120505,2025-03-09,176.509,-0.03293390700531085
120505,2025-03-10,180.2272,0.02106521480491086
120505,2025-03-11,181.4175,0.006604441504944658
120505,2025-03-12,178.723,-0.014852481155345987
120505,2025-04-02,181.4998,0.015536892285827664
120505,2025-04-03,200.1476,0.10274281293973897
120505,2025-04-04,180.5947,-0.09769240300658122
120505,2025-04-06,189.5089,0.04936025254340248
120505,2025-04-07,186.7511,-0.014552350839459272
120505,2025-04-08,178.0767,-0.046448990126430445
120505,2025-04-09,171.8496,-0.03496863991751853
120505,2025-04-11,178.7381,0.04008446921028619
120505,2025-04-12,177.3305,-0.007875209594373045
120505,2025-05-02,184.4267,0.04001680477977576
120505,2025-05-03,192.9519,0.04622541096272936
120505,2025-05-05,184.1528,-0.04560255690666937
120505,2025-05-06,187.3996,0.017631010769317612
120505,2025-05-08,178.9919,-0.04486509042708742
120505,2025-05-09,171.811,-0.040118575198095474
120505,2025-05-11,176.794,0.029002799587919403
120505,2025-05-12,175.3653,-0.008081156600337258
120505,2025-06-01,177.2711,0.010867600374760533
120505,2025-06-02,186.0451,0.049494813311363295
120505,2025-06-03,191.9897,0.031952467439346766
120505,2025-06-05,183.7042,-0.04315596097082297
120505,2025-06-06,185.5374,0.00997908594359842
120505,2025-06-08,178.5102,-0.037874843562537786
120505,2025-06-10,179.677,0.006536321173804094
120505,2025-06-11,174.285,-0.030009405767015274
120505,2025-07-01,178.0134,0.02139254669076518
120505,2025-07-02,191.4317,0.07537803333906323
120505,2025-07-03,191.8796,0.002339737880403314
120505,2025-07-04,178.9306,-0.0674850270690579
120505,2025-07-05,185.2785,0.03547688321617448
120505,2025-07-07,186.4134,0.006125373424331393
120505,2025-07-08,179.2166,-0.03860666668812429
120505,2025-07-10,179.4051,0.0010517998890728908
120505,2025-07-11,174.0101,-0.030071608889602364
120505,2025-08-01,174.317,0.0017636907282969627
120505,2025-08-04,178.1343,0.02189861000361404
120505,2025-08-05,182.7229,0.025759216501257898
120505,2025-08-07,184.9982,0.012452188532471764
120505,2025-08-08,181.1153,-0.02098885286451435
120505,2025-08-09,167.9357,-0.07276911448121715
120505,2025-08-10,177.0181,0.05408260423483524
120505,2025-08-12,177.1717,0.0008677078784598002
120505,2025-09-01,173.5354,-0.020524158203595544
120505,2025-09-04,171.8933,-0.009462622611870586
120505,2025-09-05,180.4992,0.05006536031363629
120505,2025-09-06,185.1867,0.02596964418678871
120505,2025-09-07,185.571,0.0020752030248392117
120505,2025-09-09,173.5219,-0.06492986511901111
120505,2025-09-10,179.9134,0.03683396735512923
120505,2025-09-12,174.4135,-0.030569707425906034
120505,2025-10-01,172.0277,-0.013678987005019572
120505,2025-10-02,196.2223,0.14064362890394966
120505,2025-10-03,189.4314,-0.034608196927668256
120505,2025-10-04,171.4704,-0.09481532628698297
120505,2025-10-06,190.2364,0.10944162957571679
120505,2025-10-07,189.2381,-0.005247681305996066
120505,2025-10-09,171.0951,-0.09587392813603601
120505,2025-10-10,177.1367,0.03531135608208524
120505,2025-10-11,177.1515,8.355129117809668e-05
120505,2025-10-12,177.9886,0.004725333965560408
120505,2025-11-02,197.6185,0.11028740042901641
120505,2025-11-03,189.9327,-0.03889210777331065
120505,2025-11-04,173.9337,-0.0842351001170416
120505,2025-11-06,189.8595,0.09156247466707157
120505,2025-11-07,188.8497,-0.005318669858500491
120505,2025-11-08,182.0062,-0.03623781239790169
120505,2025-11-09,170.7653,-0.061761082864210226
120505,2025-11-11,177.2267,0.03783789798044457
120505,2025-11-12,180.0855,0.01613075230763772
120505,2025-12-02,195.2316,0.08410505010120195
120505,2025-12-03,191.4704,-0.019265323851261673
120505,2025-12-05,180.7566,-0.05595538527103938
120505,2025-12-06,186.1739,0.029970136636781275
120505,2025-12-08,180.3312,-0.03138302415107597
120505,2025-12-09,171.512,-0.04890556930802881
120505,2025-12-11,176.137,0.026966043192313105
120505,2025-12-12,180.2309,0.023242703123137032
120505,2026-01-01,169.6622,-0.058639778195636705
120505,2026-01-04,164.9989,-0.0274857923568127
120505,2026-01-05,163.3245,-0.010147946440855038
120505,2026-02-01,168.0908,0.029183006836084102
120505,2026-02-02,153.1942,-0.0886223398306154
120505,2026-02-03,144.3415,-0.05778743581676071
120505,2026-02-04,160.0051,0.1085176473848477
120505,2026-03-02,154.4963,-0.034428902578730325
120505,2026-03-03,147.4878,-0.04536354592310621
120505,2026-03-04,160.8293,0.09045832943470566
120505,2026-04-02,153.7625,-0.04393975475861678
120505,2026-04-03,148.16,-0.036436062108771594
120505,2026-04-05,168.1327,0.13480494060475157
120505,2026-05-01,166.2633,-0.011118598583143013
120505,2026-05-02,149.9831,-0.0979181815830672
120505,2026-05-03,144.6636,-0.03546732931910335
120505,2026-05-05,167.9575,0.16102115528716276
120505,2026-06-01,165.7758,-0.012989595582215796
120505,2026-06-02,148.9947,-0.10122768220693257
120505,2026-06-03,145.8326,-0.021222902559621115
120505,2026-06-04,161.437,0.10700213806789427
120505,2026-06-05,167.6741,0.03863488543518523
120505,2026-07-01,166.2757,-0.008339988107883167
120505,2026-07-04,165.5588,-0.004311513949422641
120505,2026-07-05,165.3298,-0.0013831943696136495
120505,2026-08-01,165.5699,0.0014522487778971804
120505,2026-08-04,161.8455,-0.02249442682516567
120505,2026-08-05,165.4719,0.022406554399102996
120505,2026-09-01,168.5303,0.018482896491791134
120505,2026-09-02,146.6774,-0.12966748412599993
120505,2026-09-03,143.3614,-0.022607436455786667
120505,2026-09-04,165.7068,0.15586761848028807
120505,2026-10-02,147.3385,-0.11084819693579251
120505,2026-10-03,146.4584,-0.005973319940137833
120505,2026-10-04,165.9771,0.13327129068732146
120505,2026-11-02,148.1169,-0.10760641076389466
120505,2026-11-03,144.7239,-0.02290758178168728
120505,2026-11-05,168.9972,0.1677214337092907
120505,2026-12-01,169.899,0.005336183084690305
120505,2026-12-02,144.5055,-0.14946232761817313
120505,2026-12-03,151.2426,0.04662175488130216
120505,2026-12-05,171.7077,0.13531306655664466
120507,2022-01-02,51.3123,
120507,2022-01-03,57.4037,0.11871227756307934
120507,2022-01-04,55.8016,-0.027909350790976895
120507,2022-01-06,47.3432,-0.15157988301410708
120507,2022-01-07,47.6246,0.005943831426688417
120507,2022-01-08,49.6237,0.04197620557442994
120507,2022-01-09,49.0387,-0.011788721921178857
120507,2022-01-11,45.2112,-0.07805060085198023
120507,2022-01-12,44.1082,-0.02439660968963442
120507,2022-02-02,52.0158,0.1792773225840094
120507,2022-02-03,58.3741,0.12223785849684132
120507,2022-02-05,54.958,-0.058520816595031055
120507,2022-02-06,47.9337,-0.1278121474580588
120507,2022-02-08,49.3916,0.030414927284978965
120507,2022-02-09,50.6053,0.02457300431652354
120507,2022-02-11,44.3774,-0.12306813713188136
120507,2022-02-12,45.3031,0.020859716882917878
120507,2022-03-01,63.2672,0.3965313631958962
120507,2022-03-02,51.446,-0.1868456324920339
120507,2022-03-03,58.8866,0.14462932006375628
120507,2022-03-05,54.7564,-0.07013819782429287
120507,2022-03-06,49.7965,-0.09058119233550777
120507,2022-03-08,50.1044,0.006183165483517827
120507,2022-03-10,47.433,-0.05331667478305291
120507,2022-03-11,44.3699,-0.06457740391710409
120507,2022-04-01,61.8723,0.39446561745687947
120507,2022-04-02,50.7925,-0.1790752889419014
120507,2022-04-03,58.725,0.15617463208150828
120507,2022-04-04,55.6861,-0.0517479778629204
120507,2022-04-05,54.2286,-0.02617349751553799
120507,2022-04-07,48.2124,-0.11094145893495311
120507,2022-04-08,51.4067,0.06625473944462423
120507,2022-04-10,46.1939,-0.1014031244954452
120507,2022-04-11,43.9213,-0.049196971894557406
120507,2022-05-01,59.9734,0.3654741549088938
120507,2022-05-04,55.6347,-0.07234373905764879
120507,2022-05-05,52.9589,-0.04809588260564002
120507,2022-05-07,47.0212,-0.11211902059899281
120507,2022-05-08,51.1997,0.08886417190543838
120507,2022-05-09,50.6091,-0.011535223839202247
120507,2022-05-10,46.3503,-0.08415087405229493
120507,2022-05-12,45.6512,-0.01508296602179482
120507,2022-06-01,60.4211,0.3235380450021028
120507,2022-06-04,55.7784,-0.07683905125858359
120507,2022-06-05,52.7786,-0.053780674956614094
120507,2022-06-06,47.4929,-0.10014854505424542
120507,2022-06-07,46.8768,-0.01297246535797969
120507,2022-06-09,50.4029,0.07522057819646388
120507,2022-06-10,47.4003,-0.05957196907320805
120507,2022-06-12,46.1879,-0.025577897186304765
120507,2022-07-01,60.7733,0.31578400403568896
120507,2022-07-02,51.7266,-0.14885977888316093
120507,2022-07-03,57.4187,0.11004202866610213
120507,2022-07-04,55.053,-0.04120086313343918
120507,2022-07-06,46.4627,-0.15603690988683627
120507,2022-07-07,48.0227,0.033575319557408445
120507,2022-07-09,50.0679,0.042588192667217806
120507,2022-07-10,46.2642,-0.07597083161067264
120507,2022-07-11,44.5548,-0.03694865576406814
120507,2022-07-12,45.9396,0.031080826308276466
120507,2022-08-02,52.8368,0.1501362658795462
120507,2022-08-03,56.25,0.06459891590709521
120507,2022-08-04,54.5203,-0.030750222222222234
120507,2022-08-06,44.1059,-0.19101875815063385
120507,2022-08-07,48.3021,0.09513919906407087
120507,2022-08-08,50.6289,0.04817181861658182
120507,2022-08-09,48.6887,-0.03832198605934567
120507,2022-08-11,45.1188,-0.0733209142983895
120507,2022-08-12,44.8831,-0.005223986453540497
120507,2022-09-02,53.8499,0.19978120940844102
120507,2022-09-03,55.2996,0.02692112705873173
120507,2022-09-05,52.5265,-0.05014683650514651
120507,2022-09-06,44.0704,-0.16098731116674436
120507,2022-09-08,50.9488,0.15607754864943368
120507,2022-09-09,49.2951,-0.032458075558207455
120507,2022-09-11,44.3942,-0.09941961777134034
120507,2022-09-12,45.6596,0.0285037234593708
120507,2022-10-01,58.9128,0.2902609746909741
120507,2022-10-02,55.8556,-0.051893646202523014
120507,2022-10-03,55.0974,-0.013574287985448241
120507,2022-10-05,51.3634,-0.06777089300039574
120507,2022-10-06,44.8803,-0.12622022685414125
120507,2022-10-08,49.9923,0.11390298193193904
120507,2022-10-10,46.3518,-0.07282121446702794
120507,2022-10-11,44.4168,-0.04174595161352945
120507,2022-11-01,59.3265,0.3356770411195764
120507,2022-11-02,57.16,-0.03651825069741188
120507,2022-11-03,56.195,-0.016882435269419127
120507,2022-11-04,55.9025,-0.005205089420766917
120507,2022-11-05,51.989,-0.07000581369348424
120507,2022-11-07,48.2638,-0.07165361903479572
120507,2022-11-08,49.8638,0.03315114019202792
120507,2022-11-10,46.0638,-0.07620758947372641
120507,2022-11-11,44.9517,-0.024142602216925213
120507,2022-12-01,58.9317,0.31100047384192364
120507,2022-12-04,57.9538,-0.016593785687499252
120507,2022-12-05,52.4699,-0.09462537400481075
120507,2022-12-07,48.2591,-0.08025172527487201
120507,2022-12-08,49.8841,0.033672405826051355
120507,2022-12-09,49.2286,-0.013140459585318731
120507,2022-12-10,46.8794,-0.04772022767253192
120507,2022-12-12,45.9406,-0.020025853573211072
120507,2023-01-02,54.688,0.19040674261981771
120507,2023-01-03,57.1674,0.04533718548858978
120507,2023-01-05,61.9501,0.08366131746414918
120507,2023-01-06,62.529,0.009344617684233114
120507,2023-01-08,75.9704,0.21496265732700026
120507,2023-01-09,76.1541,0.0024180470288428513
120507,2023-01-11,73.7855,-0.031102724607079635
120507,2023-01-12,81.4793,0.1042725196684986
120507,2023-02-01,50.6306,-0.37860781818204126
120507,2023-02-02,53.9027,0.06462692521913627
120507,2023-02-03,56.6613,0.05117739927684495
120507,2023-02-05,61.9259,0.09291350533785847
120507,2023-02-06,62.6556,0.011783437947611608
120507,2023-02-08,77.4829,0.23664764203040112
120507,2023-02-10,71.533,-0.07678984653388032
120507,2023-02-11,72.1682,0.008879817706513027
120507,2023-03-01,50.4019,-0.3016051391055895
120507,2023-03-02,53.7624,0.06667407379483703
120507,2023-03-03,57.0763,0.061639733345237646
120507,2023-03-04,60.8995,0.06698401963687206
120507,2023-03-05,61.6162,0.011768569528485484
120507,2023-03-07,71.6111,0.1622122104251802
120507,2023-03-08,77.695,0.08495749960550802
120507,2023-03-10,70.757,-0.08929789561747847
120507,2023-03-11,71.6154,0.01213166188504311
120507,2023-04-01,50.0557,-0.30104837786286187
120507,2023-04-04,60.6439,0.21152835740984544
120507,2023-04-05,60.4186,-0.00371513045829841
120507,2023-04-07,70.7154,0.17042433952458347
120507,2023-04-08,76.4022,0.0804181267446693
120507,2023-04-09,76.2742,-0.0016753444272546991
120507,2023-04-10,70.1274,-0.08058819364870429
120507,2023-04-12,84.3326,0.20256276434032916
120507,2023-05-01,50.7488,-0.3982303403428804
120507,2023-05-04,60.7911,0.19788251150766123
120507,2023-05-05,59.1899,-0.026339381916102855
120507,2023-05-06,61.583,0.04043088432316999
120507,2023-05-07,69.3817,0.12663722131107602
120507,2023-05-09,76.2042,0.09833284569274037
120507,2023-05-10,69.6163,-0.08645061558286815
120507,2023-05-12,82.7359,0.18845586450299723
120507,2023-06-01,51.6156,-0.3761402244974672
120507,2023-06-02,53.8731,0.04373677725338854
120507,2023-06-03,57.5049,0.0674139784048069
120507,2023-06-04,60.2285,0.0473629203772199
120507,2023-06-06,64.3022,0.06763741418099412
120507,2023-06-07,71.3056,0.1089138474266822
120507,2023-06-09,74.4667,0.044331721491720266
120507,2023-06-10,69.3952,-0.06810426673936132
120507,2023-06-11,73.2137,0.05502541962556484
120507,2023-06-12,80.9818,0.10610172686259545
120507,2023-07-02,54.33,-0.32910851574057387
120507,2023-07-03,58.5205,0.07713049880360767
120507,2023-07-04,61.6607,0.053659828607069304
120507,2023-07-06,65.9149,0.06899370263393068
120507,2023-07-07,72.9591,0.10686809810831854
120507,2023-07-08,73.8928,0.012797581110512324
120507,2023-07-09,74.7223,0.0112257215858651
120507,2023-07-11,73.6819,-0.013923554280315331
120507,2023-07-12,80.0581,0.08653685640571163
120507,2023-08-02,55.8275,-0.30266269122050105
120507,2023-08-03,57.5772,0.031341184899914776
120507,2023-08-05,61.285,0.06439701826417399
120507,2023-08-06,66.1755,0.07979929836012079
120507,2023-08-08,74.7404,0.12942705381901143
120507,2023-08-09,73.9784,-0.010195289294678611
120507,2023-08-11,73.8804,-0.0013247109967233772
120507,2023-08-12,79.0901,0.07051531935398314
120507,2023-09-01,52.1622,-0.34047118413050437
120507,2023-09-02,55.3798,0.06168451484024828
120507,2023-09-03,57.285,0.03440243554509026
120507,2023-09-05,60.6268,0.058336388234267345
120507,2023-09-06,68.0962,0.1232029399539476
120507,2023-09-08,78.0782,0.14658674052296594
120507,2023-09-10,67.0688,-0.1410047875079088
120507,2023-09-11,73.1842,0.09118099623073639
120507,2023-10-01,52.0895,-0.2882411777405506
120507,2023-10-02,55.9711,0.07451789708098566
120507,2023-10-03,59.4103,0.061445996237343925
120507,2023-10-04,61.8589,0.041215075500376175
120507,2023-10-05,61.3264,-0.008608300503242017
120507,2023-10-07,73.7767,0.2030169714837331
120507,2023-10-08,76.6943,0.039546360842921846
120507,2023-10-10,66.8867,-0.1278791253065742
120507,2023-10-11,74.7902,0.1181625046533914
120507,2023-11-01,52.2495,-0.30138574305189725
120507,2023-11-04,60.9141,0.16583125197370308
120507,2023-11-05,61.5396,0.01026855851108377
120507,2023-11-07,72.9703,0.18574543870938376
120507,2023-11-08,76.9717,0.05483600862268623
120507,2023-11-09,72.225,-0.06166811958161256
120507,2023-11-10,69.0712,-0.043666320526133506
120507,2023-11-12,79.8828,0.15652833597794746
120507,2023-12-01,53.1226,-0.33499326513342054
120507,2023-12-04,61.9536,0.166238098285852
120507,2023-12-05,58.4993,-0.05575624338214413
120507,2023-12-06,69.6194,0.1900894540618434
120507,2023-12-07,74.7639,0.07389463281786401
120507,2023-12-09,72.7467,-0.026980935986485433
120507,2023-12-10,67.9953,-0.06531430291683338
120507,2023-12-12,79.3203,0.16655562958027992
120507,2024-01-01,79.1086,-0.0026689258613495914
120507,2024-01-02,74.9641,-0.05239000563781937
120507,2024-01-03,66.2777,-0.11587413175106487
120507,2024-01-04,74.5136,0.12426351548107428
120507,2024-01-05,75.738,0.016431899680058537
120507,2024-01-07,73.3932,-0.030959359898597882
120507,2024-01-08,80.5534,0.09755944692423824
120507,2024-01-10,85.0254,0.05551596828935845
120507,2024-01-11,82.9831,-0.024019881117877895
120507,2024-02-01,80.1543,-0.03408886869736116
120507,2024-02-02,74.2373,-0.07382011944462119
120507,2024-02-04,73.9858,-0.003387784846701103
120507,2024-02-05,75.7421,0.02373833897856059
120507,2024-02-07,71.0367,-0.06212397068473141
120507,2024-02-08,80.3803,0.13153201091830002
120507,2024-02-09,84.7095,0.053858967931197155
120507,2024-02-10,87.4314,0.03213216935526697
120507,2024-02-12,86.9125,-0.005934938706231407
120507,2024-03-01,79.5168,-0.08509362864950376
120507,2024-03-04,73.6756,-0.07345869049056297
120507,2024-03-05,74.4514,0.010529944784976264
120507,2024-03-06,70.1998,-0.05710570922776481
120507,2024-03-07,70.5301,0.00470514161009028
120507,2024-03-09,81.6821,0.158116889101249
120507,2024-03-10,89.9866,0.10166854182250451
120507,2024-03-12,85.8926,-0.04549566268755567
120507,2024-04-01,80.2602,-0.06557491565047513
120507,2024-04-03,67.1009,-0.16395797668084555
120507,2024-04-04,73.3664,0.09337430645490596
120507,2024-04-06,69.8471,-0.04796882496619703
120507,2024-04-07,70.9643,0.015994937513511553
120507,2024-04-09,78.7194,0.10928170925380787
120507,2024-04-10,86.2945,0.09622913792533994
120507,2024-04-11,82.0914,-0.04870646449078453
120507,2024-04-12,84.4434,0.028650991455865027
120507,2024-05-01,78.9564,-0.0649784352595939
120507,2024-05-02,73.6791,-0.06683815371521495
120507,2024-05-03,69.1287,-0.06175971204860009
120507,2024-05-04,74.1435,0.07254295249295883
120507,2024-05-06,70.8611,-0.04427090709232784
120507,2024-05-07,71.658,0.011245944530920537
120507,2024-05-08,81.4072,0.1360518016132184
120507,2024-05-09,81.8376,0.005287001641132383
120507,2024-05-11,81.9413,0.0012671437090041593
120507,2024-05-12,82.0391,0.001193537324889915
120507,2024-06-02,72.8129,-0.1124610094454962
120507,2024-06-03,70.1068,-0.03716511771952491
120507,2024-06-05,72.5514,0.034869656010543926
120507,2024-06-06,68.1903,-0.06011048718563672
120507,2024-06-08,79.7886,0.17008724114720142
120507,2024-06-09,82.7925,0.03764823546220897
120507,2024-06-11,82.0298,-0.009212187094241764
120507,2024-06-12,81.8679,-0.0019736729822574794
120507,2024-07-02,73.1138,-0.106929578015315
120507,2024-07-03,71.7933,-0.01806088590662769
120507,2024-07-05,72.2094,0.0057958054581694896
120507,2024-07-06,66.9902,-0.0722786783992112
120507,2024-07-08,79.386,0.18503900570531195
120507,2024-07-10,86.7298,0.09250749502431166
120507,2024-07-11,84.8619,-0.021537003429040413
120507,2024-08-01,77.5171,-0.08655003010773987
120507,2024-08-02,71.2949,-0.08026874070366408
120507,2024-08-03,73.0916,0.0252009610785624
120507,2024-08-04,72.7056,-0.00528104460704093
120507,2024-08-05,71.0302,-0.0230436169978655
120507,2024-08-07,72.4572,0.020090046205698542
120507,2024-08-08,81.0817,0.11902888877847895
120507,2024-08-10,81.7617,0.008386602648933206
120507,2024-08-11,87.3004,0.06774198677375831
120507,2024-09-01,76.0028,-0.1294106327118777
120507,2024-09-02,71.723,-0.05631108327587919
120507,2024-09-04,72.778,0.014709367985165311
120507,2024-09-05,70.185,-0.03562889884305698
120507,2024-09-07,73.0154,0.04032770535014607
120507,2024-09-08,80.0781,0.09672890924380351
120507,2024-09-09,83.0184,0.03671790414607723
120507,2024-09-10,82.9767,-0.0005022982856812686
120507,2024-09-12,82.8245,-0.0018342498556822573
120507,2024-10-01,76.0783,-0.08145174435100722
120507,2024-10-04,73.1404,-0.038616793487761925
120507,2024-10-05,72.758,-0.005228300638224659
120507,2024-10-06,65.3938,-0.10121498666813267
120507,2024-10-07,73.8183,0.1288271976854074
120507,2024-10-09,83.6075,0.13261210296091908
120507,2024-10-10,84.6924,0.012976108602697156
120507,2024-10-12,80.4196,-0.050450807864696245
120507,2024-11-01,74.5072,-0.0735193907952788
120507,2024-11-03,74.2279,-0.0037486310047887272
120507,2024-11-04,73.7024,-0.00707954825611401
120507,2024-11-06,65.1916,-0.11547520840569647
120507,2024-11-07,73.9197,0.13388381325201415
120507,2024-11-09,83.8737,0.13465963741735965
120507,2024-11-10,84.6776,0.00958464930007863
120507,2024-11-11,88.3241,0.043063336702976907
120507,2024-11-12,80.4291,-0.08938670193073006
120507,2024-12-01,73.9786,-0.08020107150272726
120507,2024-12-02,72.6359,-0.018149843333071902
120507,2024-12-03,73.8174,0.016266061272731447
120507,2024-12-04,74.0385,0.0029952287672010414
120507,2024-12-06,68.0695,-0.08062021785962703
120507,2024-12-07,72.5661,0.06605895445096555
120507,2024-12-08,79.9376,0.10158324617142167
120507,2024-12-09,85.4255,0.06865229879305845
120507,2024-12-11,90.677,0.06147461823460221
120507,2024-12-12,80.8803,-0.10803952490708779
120507,2025-01-01,80.9475,0.0008308574523090417
120507,2025-01-04,88.5561,0.09399425553599539
120507,2025-01-05,83.449,-0.05767078721849772
120507,2025-01-07,91.286,0.0939136478567748
120507,2025-01-08,100.7453,0.10362268036719757
120507,2025-01-09,103.086,0.023233838203866597
120507,2025-01-10,98.7215,-0.04233843586908015
120507,2025-01-12,105.7011,0.07069989819846723
120507,2025-02-01,81.6677,-0.2273713329378786
120507,2025-02-04,89.8255,0.09989016465505962
120507,2025-02-05,80.9581,-0.0987180700357917
120507,2025-02-06,86.0797,0.06326235423015114
120507,2025-02-07,90.86,0.05553341844825188
120507,2025-02-09,102.5518,0.12867928681488006
120507,2025-02-10,101.8569,-0.006776087791730667
120507,2025-02-12,105.8082,0.03879265911293195
120507,2025-03-01,82.6993,-0.21840367759776658
120507,2025-03-02,85.1047,0.02908609867314471
120507,2025-03-03,86.501,0.016406849445447902
120507,2025-03-04,90.9399,0.051316169755262875
120507,2025-03-06,83.0405,-0.08686396180334488
120507,2025-03-07,91.8436,0.1060097181495776
120507,2025-03-09,103.9508,0.13182410097165187
120507,2025-03-10,104.2549,0.0029254224113715033
120507,2025-03-11,98.8476,-0.05186614729859229
120507,2025-03-12,106.3138,0.07553243579004443
120507,2025-04-02,85.5109,-0.19567450321595126
120507,2025-04-03,87.8351,0.02718016065788098
120507,2025-04-04,88.3562,0.00593270799486767
120507,2025-04-06,81.7967,-0.0742392723996731
120507,2025-04-07,91.3558,0.11686412777043564
120507,2025-04-08,98.3281,0.0763202774208096
120507,2025-04-09,103.9778,0.05745763418595495
120507,2025-04-11,99.4365,-0.043675669229393255
120507,2025-04-12,106.9713,0.07577499208037297
120507,2025-05-02,86.4831,-0.19152987764007734
120507,2025-05-03,87.8433,0.015727928346694453
120507,2025-05-05,81.0878,-0.07690398698591694
120507,2025-05-06,82.0034,0.011291464313990529
120507,2025-05-08,96.0926,0.1718123882668281
120507,2025-05-09,103.9002,0.08125079350543118
120507,2025-05-11,99.8598,-0.03888731686753244
120507,2025-05-12,109.2379,0.09391266555711097
120507,2025-06-01,81.18,-0.25685133090255297
120507,2025-06-02,88.1064,0.08532150776053204
120507,2025-06-03,90.2147,0.023929022182270554
120507,2025-06-05,82.4406,-0.08617331765222291
120507,2025-06-06,83.8109,0.016621664568186034
120507,2025-06-08,95.5201,0.13970975135692365
120507,2025-06-10,100.7283,0.05452464978575189
120507,2025-06-11,103.0498,0.023047147623855402
120507,2025-07-01,80.6706,-0.21716878635378245
120507,2025-07-02,87.1265,0.0800279159941788
120507,2025-07-03,91.5269,0.05050587364349535
120507,2025-07-04,87.9513,-0.03906611061884535
120507,2025-07-05,80.6148,-0.0834154810673634
120507,2025-07-07,90.2507,0.11953016071490574
120507,2025-07-08,96.8327,0.0729301822589743
120507,2025-07-10,99.3297,0.025786743527754563
120507,2025-07-11,106.473,0.07191504655707193
120507,2025-08-01,80.4712,-0.24421026927014367
120507,2025-08-04,86.3146,0.07261479883486266
120507,2025-08-05,81.0331,-0.061188952969717714
120507,2025-08-07,91.0876,0.12407892577230784
120507,2025-08-08,97.923,0.07504204743565546
120507,2025-08-09,102.1116,0.042774424803161626
120507,2025-08-10,100.2383,-0.018345614014470435
120507,2025-08-12,107.1376,0.0688289805393747
120507,2025-09-01,79.2728,-0.26008422813279375
120507,2025-09-04,86.0778,0.08584281115338421
120507,2025-09-05,82.3106,-0.043765059051230404
120507,2025-09-06,86.0152,0.04500756889149149
120507,2025-09-07,92.8463,0.07941735879239964
120507,2025-09-09,102.2103,0.10085485366675906
120507,2025-09-10,97.9123,-0.04205055654860612
120507,2025-09-12,108.2962,0.1060530699411617
120507,2025-10-01,76.927,-0.2896611330776149
120507,2025-10-02,85.3629,0.10966110728352829
120507,2025-10-03,89.8488,0.05255093254798049
120507,2025-10-04,85.051,-0.05339859853442663
120507,2025-10-06,85.6963,0.007587212378455277
120507,2025-10-07,93.6879,0.09325490132012715
120507,2025-10-09,104.6934,0.11746981200347117
120507,2025-10-10,97.7342,-0.06647219404470572
120507,2025-10-11,105.3869,0.07830114739773797
120507,2025-10-12,109.8276,0.042137115713623
120507,2025-11-02,85.3522,-0.2228529076479865
120507,2025-11-03,89.0064,0.04281319052115817
120507,2025-11-04,84.5197,-0.050408734652789056
120507,2025-11-06,85.9836,0.017320222386023598
120507,2025-11-07,92.8252,0.07956866193087975
120507,2025-11-08,99.9716,0.07698771454303355
120507,2025-11-09,105.0442,0.050740410276518544
120507,2025-11-11,107.4521,0.022922731573946864
120507,2025-11-12,111.8369,0.040807020058239996
120507,2025-12-02,84.8925,-0.24092584826653818
120507,2025-12-03,89.4178,0.053306240245015735
120507,2025-12-05,82.3518,-0.07902229757386114
120507,2025-12-06,87.5544,0.06317530400064131
120507,2025-12-08,97.3447,0.11181962300010051
120507,2025-12-09,102.2519,0.050410551370541956
120507,2025-12-11,108.1975,0.05814659678695455
120507,2025-12-12,109.0542,0.007917927863397844
120507,2026-01-01,121.9384,0.11814492243306551
120507,2026-01-04,110.6379,-0.09267384187425787
120507,2026-01-05,113.0407,0.021717693484782252
120507,2026-02-01,119.8377,0.06012878547284295
120507,2026-02-02,119.8745,0.0003070819950650172
120507,2026-02-03,116.0898,-0.03157218591109867
120507,2026-02-04,107.2661,-0.07600753899136703
120507,2026-03-02,119.2168,0.11141171348636725
120507,2026-03-03,114.8846,-0.03633883815032779
120507,2026-03-04,108.9759,-0.05143161050306144
120507,2026-04-02,118.1459,0.0841470453558999
120507,2026-04-03,113.722,-0.0374443802112473
120507,2026-04-05,117.7905,0.03577583932748274
120507,2026-05-01,118.4319,0.005445260865689638
120507,2026-05-02,117.0472,-0.01169195123948863
120507,2026-05-03,115.7123,-0.01140480079831041
120507,2026-05-05,118.9983,0.028398018188213303
120507,2026-06-01,117.4206,-0.013258172595743023
120507,2026-06-02,116.8216,-0.0051013195299631775
120507,2026-06-03,116.8762,0.0004673793202625287
120507,2026-06-04,107.5812,-0.07952859521442346
120507,2026-06-05,115.6496,0.07499823389216709
120507,2026-07-01,115.1204,-0.004575891313069902
120507,2026-07-04,106.9159,-0.07126886286010137
120507,2026-07-05,114.2019,0.06814702022804853
120507,2026-08-01,117.8571,0.0320064727469509
120507,2026-08-04,107.3346,-0.0892818506479458
120507,2026-08-05,112.9822,0.05261677036109513
120507,2026-09-01,120.7386,0.06865152209817116
120507,2026-09-02,120.465,-0.002266052447187583
120507,2026-09-03,118.8417,-0.01347528327730041
120507,2026-09-04,108.527,-0.08679360864073804
120507,2026-10-02,120.2034,0.10758981635906273
120507,2026-10-03,121.7707,0.013038732681438292
120507,2026-10-04,109.4569,-0.10112284810713912
120507,2026-11-02,118.5683,0.0832418970389257
120507,2026-11-03,121.1678,0.021924072454441834
120507,2026-11-05,111.3726,-0.08083995913105624
120507,2026-12-01,120.3795,0.08087177636151077
120507,2026-12-02,118.6873,-0.014057210737708714
120507,2026-12-03,118.6446,-0.0003597689053503883
120507,2026-12-05,110.6562,-0.06733049797462332
120509,2022-01-02,125.0352,
120509,2022-01-03,126.8031,0.014139218396099551
120509,2022-01-04,107.4739,-0.15243475908712012
120509,2022-01-06,105.9799,-0.013901049464102422
120509,2022-01-07,110.6078,0.04366771434960781
120509,2022-01-08,111.9492,0.01212753530944477
120509,2022-01-09,117.6335,0.050775708982288226
120509,2022-01-11,133.0241,0.13083517875435158
120509,2022-01-12,140.0419,0.05275585401442284
120509,2022-02-02,124.561,-0.11054477267160756
120509,2022-02-03,125.7471,0.009522242114305302
120509,2022-02-05,109.4137,-0.12989086825859197
120509,2022-02-06,107.2518,-0.01975895157553398
120509,2022-02-08,111.6008,0.040549436000141714
120509,2022-02-09,117.9179,0.056604432943133
120509,2022-02-11,132.4504,0.12324252721596984
120509,2022-02-12,142.2329,0.07385783659392486
120509,2022-03-01,120.9935,-0.14932831995972806
120509,2022-03-02,123.6394,0.021868116882311828
120509,2022-03-03,124.7391,0.008894413916599397
120509,2022-03-05,106.7681,-0.14406870019103868
120509,2022-03-06,106.3731,-0.003699606905058772
120509,2022-03-08,111.4786,0.04799615692313197
120509,2022-03-10,129.8032,0.16437773707240666
120509,2022-03-11,134.1644,0.033598555351485926
120509,2022-04-01,119.8791,-0.10647608456490698
120509,2022-04-02,124.905,0.04192473917471862
120509,2022-04-03,123.5317,-0.010994756014571117
120509,2022-04-04,109.4956,-0.11362346668911705
120509,2022-04-05,108.4316,-0.00971728544343331
120509,2022-04-07,111.112,0.02471973114848436
120509,2022-04-08,111.3746,0.002363381092951311
120509,2022-04-10,131.4317,0.1800868420627324
120509,2022-04-11,133.0373,0.012216230939719797
120509,2022-05-01,118.6194,-0.10837486930357121
120509,2022-05-04,108.0747,-0.08889523973312963
120509,2022-05-05,108.4147,0.003145972184054102
120509,2022-05-07,110.0248,0.014851307064448038
120509,2022-05-08,109.6264,-0.0036210018105008457
120509,2022-05-09,117.2969,0.06996945991111625
120509,2022-05-10,132.0498,0.12577399743727247
120509,2022-05-12,142.2133,0.07696717450537593
120509,2022-06-01,120.1838,-0.15490463972075752
120509,2022-06-04,105.0741,-0.12572160307795233
120509,2022-06-05,106.6236,0.01474673587496822
120509,2022-06-06,106.3569,-0.002501322408922646
120509,2022-06-07,110.3455,0.0375020332484306
120509,2022-06-09,115.6187,0.047788083791364455
120509,2022-06-10,131.6053,0.13827002033408076
120509,2022-06-12,144.3815,0.09707967688231389
120509,2022-07-01,121.6719,-0.1572888493331902
120509,2022-07-02,123.8942,0.018264693820019273
120509,2022-07-03,124.4287,0.004314164827732059
120509,2022-07-04,103.4841,-0.16832611768828254
120509,2022-07-06,108.3708,0.0472217471089762
120509,2022-07-07,111.4448,0.02836557449054533
120509,2022-07-09,114.9643,0.031580656970984666
120509,2022-07-10,129.2629,0.12437426227098336
120509,2022-07-11,131.0247,0.013629587453167114
120509,2022-07-12,141.5569,0.08038331703869583
120509,2022-08-02,123.735,-0.12589919671877536
120509,2022-08-03,122.1211,-0.01304319715521074
120509,2022-08-04,104.0106,-0.14829951580848844
120509,2022-08-06,106.8932,0.027714482946930463
120509,2022-08-07,110.711,0.03571602309595012
120509,2022-08-08,110.428,-0.002556204893822689
120509,2022-08-09,115.3878,0.04491433332125916
120509,2022-08-11,132.3608,0.1470952735037847
120509,2022-08-12,139.2669,0.05217632410804396
120509,2022-09-02,121.832,-0.1251905513801198
120509,2022-09-03,121.0521,-0.006401438045833596
120509,2022-09-05,107.288,-0.11370393409118884
120509,2022-09-06,107.9451,0.006124636492431668
120509,2022-09-08,109.6125,0.01544674098222143
120509,2022-09-09,116.0431,0.058666666666666645
120509,2022-09-11,131.7753,0.13557204176723991
120509,2022-09-12,139.672,0.059925494383241906
120509,2022-10-01,119.9841,-0.14095810183859325
120509,2022-10-02,122.1579,0.018117400555573537
120509,2022-10-03,121.5274,-0.005161352642768069
120509,2022-10-05,106.2344,-0.1258399340395664
120509,2022-10-06,106.118,-0.0010956902848794359
120509,2022-10-08,109.6223,0.03302267287359362
120509,2022-10-10,130.4572,0.19006078142859617
120509,2022-10-11,131.3341,0.006721744756134518
120509,2022-11-01,119.273,-0.09183525070792742
120509,2022-11-02,122.3126,0.02548439294727234
120509,2022-11-03,119.8261,-0.02032905849438249
120509,2022-11-04,103.9102,-0.1328249855415472
120509,2022-11-05,106.9989,0.029724704600703422
120509,2022-11-07,110.9189,0.03663589064934292
120509,2022-11-08,110.2562,-0.005974635521989402
120509,2022-11-10,130.8491,0.18677317012558015
120509,2022-11-11,130.4051,-0.0033932216576192387
120509,2022-12-01,121.7442,-0.06641534725252307
120509,2022-12-04,104.8948,-0.13840002234192683
120509,2022-12-05,108.179,0.03130946433950976
120509,2022-12-07,110.7752,0.02399911258192433
120509,2022-12-08,112.8759,0.018963630848782165
120509,2022-12-09,114.329,0.012873430023592203
120509,2022-12-10,129.7496,0.13487916451643933
120509,2022-12-12,140.5345,0.08312087281964664
120509,2023-01-02,142.5271,0.014178724797113684
120509,2023-01-03,143.582,0.007401399453156543
120509,2023-01-05,149.4179,0.04064506693039527
120509,2023-01-06,148.4831,-0.006256278531554749
120509,2023-01-08,157.0428,0.05764763801402317
120509,2023-01-09,159.1439,0.013379155236661555
120509,2023-01-11,152.431,-0.04218132143299236
120509,2023-01-12,157.7581,0.034947615642487495
120509,2023-02-01,139.6604,-0.11471803983440476
120509,2023-02-02,140.0129,0.002523979596220416
120509,2023-02-03,141.899,0.013470901609780261
120509,2023-02-05,146.9194,0.03538009429241917
120509,2023-02-06,148.51,0.010826344240447483
120509,2023-02-08,156.8425,0.05610733283953939
120509,2023-02-10,162.3821,0.03531950842405607
120509,2023-02-11,152.3957,-0.06149938940314237
120509,2023-03-01,137.2006,-0.09970819386636232
120509,2023-03-02,141.4244,0.030785579654899253
120509,2023-03-03,142.207,0.005533698569695211
120509,2023-03-04,143.9658,0.012367886250325366
120509,2023-03-05,149.6906,0.03976499974299452
120509,2023-03-07,151.5781,0.012609342203184548
120509,2023-03-08,152.8268,0.008237997441582712
120509,2023-03-10,165.3188,0.08173959017659227
120509,2023-03-11,153.3737,-0.07225494015199718
120509,2023-04-01,137.7216,-0.10205204673291457
120509,2023-04-04,143.6949,0.0433722814721873
120509,2023-04-05,144.8336,0.007924428772350334
120509,2023-04-07,151.4931,0.04598035262535771
120509,2023-04-08,152.9305,0.009488220915672141
120509,2023-04-09,158.7408,0.03799307528583262
120509,2023-04-10,165.2493,0.041000801306280366
120509,2023-04-12,157.7531,-0.04536297581895965
120509,2023-05-01,137.3104,-0.12958667690207037
120509,2023-05-04,140.8614,0.02586111467157637
120509,2023-05-05,148.6373,0.05520248982332987
120509,2023-05-06,146.2865,-0.015815680182565295
120509,2023-05-07,151.9025,0.038390418801461657
120509,2023-05-09,159.4546,0.04971675910534712
120509,2023-05-10,162.5524,0.01942747339995221
120509,2023-05-12,157.9924,-0.028052492611613244
120509,2023-06-01,142.155,-0.10024153060526964
120509,2023-06-02,141.6853,-0.003304139847349674
120509,2023-06-03,141.0777,-0.004288377128749521
120509,2023-06-04,138.8262,-0.0159592905186291
120509,2023-06-06,148.0457,0.06641037498685409
120509,2023-06-07,150.4825,0.016459782350990215
120509,2023-06-09,160.7545,0.0682604289535329
120509,2023-06-10,158.727,-0.012612399652886852
120509,2023-06-11,153.0705,-0.035636659169517415
120509,2023-06-12,153.5047,0.002836601435286301
120509,2023-07-02,142.0792,-0.07443094576257292
120509,2023-07-03,139.0752,-0.021143137067213158
120509,2023-07-04,139.6193,0.003912271921953092
120509,2023-07-06,147.5818,0.05703008108477814
120509,2023-07-07,150.7704,0.021605645140525542
120509,2023-07-08,155.1754,0.029216610156900913
120509,2023-07-09,160.7684,0.03604308414864743
120509,2023-07-11,153.9301,-0.04253510018137896
120509,2023-07-12,153.1495,-0.005071132936313449
120509,2023-08-02,140.5788,-0.08208123434944281
120509,2023-08-03,137.7006,-0.020473926367275852
120509,2023-08-05,148.1917,0.07618775807803302
120509,2023-08-06,145.4848,-0.018266205192328466
120509,2023-08-08,152.5663,0.048675188060883334
120509,2023-08-09,159.3116,0.04421225395123285
120509,2023-08-11,151.0202,-0.05204517436269551
120509,2023-08-12,151.0574,0.0002463246638531036
120509,2023-09-01,143.0011,-0.053332706639992455
120509,2023-09-02,141.3385,-0.011626483992081216
120509,2023-09-03,136.8629,-0.03166582353711134
120509,2023-09-05,147.9213,0.0807991062588913
120509,2023-09-06,149.4016,0.0100073485022103
120509,2023-09-08,152.8677,0.02319988540952722
120509,2023-09-10,161.9761,0.059583548388573826
120509,2023-09-11,148.2877,-0.08450876394727369
120509,2023-10-01,143.1653,-0.034543660735179005
120509,2023-10-02,142.8238,-0.002385354551696528
120509,2023-10-03,138.9687,-0.026991999932784227
120509,2023-10-04,141.368,0.017265038818093492
120509,2023-10-05,147.8813,0.04607336879633306
120509,2023-10-07,151.0527,0.02144557831179461
120509,2023-10-08,151.8692,0.005405398248425897
120509,2023-10-10,162.9791,0.07315439865357809
120509,2023-10-11,152.3652,-0.06512430121408208
120509,2023-11-01,142.9328,-0.061906524586979206
120509,2023-11-04,142.5935,-0.0023738428128461386
120509,2023-11-05,148.6315,0.04234414612166737
120509,2023-11-07,148.981,0.002351453090361
120509,2023-11-08,154.9263,0.03990643102140545
120509,2023-11-09,160.8373,0.038153625304419014
120509,2023-11-10,164.1168,0.020390170688018294
120509,2023-11-12,152.0293,-0.07365181383015029
120509,2023-12-01,140.9079,-0.07315300405908598
120509,2023-12-04,143.7713,0.020321074971665798
120509,2023-12-05,148.6979,0.034266922535999944
120509,2023-12-06,147.5807,-0.007513219756297818
120509,2023-12-07,150.1968,0.017726572648049332
120509,2023-12-09,160.9741,0.0717545247302207
120509,2023-12-10,167.1244,0.03820676742407647
120509,2023-12-12,153.2601,-0.08295796424699209
120509,2024-01-01,155.5996,0.015264899344317406
120509,2024-01-02,147.0403,-0.05500849616579995
120509,2024-01-03,147.938,0.00610512900204907
120509,2024-01-04,143.9668,-0.026843677756898
120509,2024-01-05,141.3107,-0.018449392498826156
120509,2024-01-07,137.9512,-0.023773854350732093
120509,2024-01-08,137.5648,-0.0028009904951896702
120509,2024-01-10,133.9818,-0.026045907092511977
120509,2024-01-11,140.0687,0.04543079731724764
120509,2024-02-01,153.9222,0.09890503731383249
120509,2024-02-02,147.0261,-0.04480250412221232
120509,2024-02-04,145.3573,-0.011350365683371888
120509,2024-02-05,142.9145,-0.016805485517411234
120509,2024-02-07,140.9825,-0.013518572293224396
120509,2024-02-08,138.1448,-0.02012803007465458
120509,2024-02-09,134.0216,-0.029846943207417098
120509,2024-02-10,134.8966,0.006528798342953612
120509,2024-02-12,131.7665,-0.02320369823998525
120509,2024-03-01,155.5368,0.18039714191391587
120509,2024-03-04,146.876,-0.055683285241820535
120509,2024-03-05,143.4752,-0.023154225332933875
120509,2024-03-06,137.2978,-0.04305552457846373
120509,2024-03-07,142.9444,0.04112666044175506
120509,2024-03-09,134.9211,-0.05612881651887036
120509,2024-03-10,135.7757,0.006334072283727288
120509,2024-03-12,131.9462,-0.02820460509502065
120509,2024-04-01,155.652,0.17966262006787592
120509,2024-04-03,147.3595,-0.053275897514969195
120509,2024-04-04,145.9189,-0.009776091802700115
120509,2024-04-06,136.1639,-0.06685220351852983
120509,2024-04-07,143.765,0.05582316605208848
120509,2024-04-09,132.8528,-0.07590303620491767
120509,2024-04-10,138.3684,0.041516625919814976
120509,2024-04-11,138.5811,0.0015372006903309199
120509,2024-04-12,131.8755,-0.04838755068331835
120509,2024-05-01,156.2279,0.18466204867469704
120509,2024-05-02,146.7232,-0.060838685023609784
120509,2024-05-03,148.9385,0.015098498396981519
120509,2024-05-04,144.3779,-0.030620692433454
120509,2024-05-06,135.5547,-0.061111846065083464
120509,2024-05-07,145.2311,0.07138372922517622
120509,2024-05-08,141.3532,-0.026701581135170183
120509,2024-05-09,132.3712,-0.06354295481106897
120509,2024-05-11,134.5624,0.016553449692984668
120509,2024-05-12,131.9332,-0.01953889050730362
120509,2024-06-02,147.6997,0.11950365791173123
120509,2024-06-03,144.7269,-0.020127325918739225
120509,2024-06-05,142.8972,-0.012642432056514719
120509,2024-06-06,133.7704,-0.0638696909386608
120509,2024-06-08,140.7701,0.0523262246356444
120509,2024-06-09,132.0292,-0.06209344171809217
120509,2024-06-11,135.7644,0.02829071144867945
120509,2024-06-12,130.782,-0.03669886951218426
120509,2024-07-02,148.5516,0.13587190897829982
120509,2024-07-03,147.9459,-0.004077371095296267
120509,2024-07-05,142.1291,-0.03931707468743639
120509,2024-07-06,131.8785,-0.07212175409539634
120509,2024-07-08,140.5223,0.06554366329613992
120509,2024-07-10,137.3471,-0.022595701892155096
120509,2024-07-11,136.0953,-0.009114134918028816
120509,2024-08-01,155.192,0.14031858557936983
120509,2024-08-02,145.8166,-0.06041161915562665
120509,2024-08-03,147.8127,0.01368911358514735
120509,2024-08-04,142.5618,-0.035524011130302124
120509,2024-08-05,139.5208,-0.021331099915966267
120509,2024-08-07,141.999,0.01776222613402445
120509,2024-08-08,140.9883,-0.007117655758139052
120509,2024-08-10,137.0465,-0.027958348316846182
120509,2024-08-11,135.1602,-0.013763941435936067
120509,2024-09-01,155.9189,0.15358589288858715
120509,2024-09-02,145.652,-0.06584769389727618
120509,2024-09-04,141.7238,-0.026969763545986125
120509,2024-09-05,139.9736,-0.012349372511885837
120509,2024-09-07,143.3037,0.02379091485823026
120509,2024-09-08,142.6834,-0.00432856932514647
120509,2024-09-09,133.852,-0.06189507679239492
120509,2024-09-10,136.5478,0.020140154797836374
120509,2024-09-12,129.8598,-0.04897918531093137
120509,2024-10-01,156.2416,0.20315601902975366
120509,2024-10-04,142.1321,-0.0903056548320037
120509,2024-10-05,139.8822,-0.015829640172768777
120509,2024-10-06,130.7206,-0.06549510945638559
120509,2024-10-07,144.984,0.10911363625931969
120509,2024-10-09,134.1371,-0.0748144622854936
120509,2024-10-10,136.7327,0.019350351245106534
120509,2024-10-12,131.6768,-0.036976524269615174
120509,2024-11-01,153.5784,0.1663284648472625
120509,2024-11-03,149.5041,-0.026529121282680368
120509,2024-11-04,144.5159,-0.03336497126165772
120509,2024-11-06,133.428,-0.0767244296302344
120509,2024-11-07,141.1525,0.057892646221183064
120509,2024-11-09,135.7347,-0.038382600379022636
120509,2024-11-10,140.9033,0.03807869321551527
120509,2024-11-11,132.8349,-0.05726196618531998
120509,2024-11-12,132.433,-0.003025560300794483
120509,2024-12-01,151.8737,0.1467964933211512
120509,2024-12-02,143.0857,-0.057863869781272226
120509,2024-12-03,149.4633,0.04457188943409429
120509,2024-12-04,146.4978,-0.019840991066034208
120509,2024-12-06,134.5416,-0.08161351228482627
120509,2024-12-07,142.5122,0.05924264316761518
120509,2024-12-08,140.8786,-0.011462878265860788
120509,2024-12-09,136.6993,-0.02966596771972474
120509,2024-12-11,129.6483,-0.05158036654174514
120509,2024-12-12,130.9721,0.010210700795922456
120509,2025-01-01,127.138,-0.029274173659886382
120509,2025-01-04,123.5973,-0.02784926615174066
120509,2025-01-05,121.7716,-0.014771358274007551
120509,2025-01-07,124.0011,0.01830886676367882
120509,2025-01-08,138.5939,0.11768282700717969
120509,2025-01-09,130.7862,-0.05633509122695868
120509,2025-01-10,129.8974,-0.006795824024247277
120509,2025-01-12,130.2125,0.0024257606387809716
120509,2025-02-01,130.3156,0.0007917826629546543
120509,2025-02-04,124.3716,-0.04561234418596072
120509,2025-02-05,123.1687,-0.009671822184485812
120509,2025-02-06,132.0405,0.07202966338038808
120509,2025-02-07,124.04,-0.060591257985239344
120509,2025-02-09,128.5465,0.0363310222508868
120509,2025-02-10,130.8045,0.01756562800231798
120509,2025-02-12,131.8108,0.0076931604035030965
120509,2025-03-01,131.329,-0.003655239176152403
120509,2025-03-02,122.3366,-0.06847231000007614
120509,2025-03-03,123.1787,0.006883467416946454
120509,2025-03-04,124.6389,0.011854322216422242
120509,2025-03-06,134.3622,0.07801176037336655
120509,2025-03-07,124.2451,-0.07529721900951314
120509,2025-03-09,128.4625,0.033944195787198206
120509,2025-03-10,131.5496,0.024031137491485888
120509,2025-03-11,124.8517,-0.05091539616996177
120509,2025-03-12,133.596,0.0700374924810796
120509,2025-04-02,123.7484,-0.07371178777807719
120509,2025-04-03,123.4318,-0.002558416916905615
120509,2025-04-04,123.0267,-0.003281974337245308
120509,2025-04-06,131.4601,0.06854934741808094
120509,2025-04-07,124.5225,-0.05277342707026711
120509,2025-04-08,138.1001,0.10903732257222587
120509,2025-04-09,129.0385,-0.06561617261681929
120509,2025-04-11,124.8404,-0.03253370118220533
120509,2025-04-12,135.7079,0.08705114690436733
120509,2025-05-02,123.3074,-0.0913764047634662
120509,2025-05-03,125.321,0.016329920183216773
120509,2025-05-05,121.9863,-0.02660926740131342
120509,2025-05-06,129.5021,0.06161183673904369
120509,2025-05-08,138.2639,0.06765759010857741
120509,2025-05-09,130.1838,-0.058439693947588744
120509,2025-05-11,128.6702,-0.01162663864474689
120509,2025-05-12,132.7265,0.03152478196194597
120509,2025-06-01,130.6026,-0.016002079464161212
120509,2025-06-02,123.0275,-0.05800114239685883
120509,2025-06-03,125.9571,0.023812562232021328
120509,2025-06-05,124.0551,-0.015100379414896059
120509,2025-06-06,128.3536,0.03464992571849135
120509,2025-06-08,137.3695,0.07024267336482959
120509,2025-06-10,130.7815,-0.04795824400612936
120509,2025-06-11,128.9238,-0.014204608449971845
120509,2025-07-01,129.2436,0.002480535013705598
120509,2025-07-02,121.123,-0.0628317378964992
120509,2025-07-03,126.5209,0.044565441741039935
120509,2025-07-04,123.1076,-0.026978151435849695
120509,2025-07-05,126.7367,0.029479089836858208
120509,2025-07-07,129.082,0.018505294835670982
120509,2025-07-08,135.6259,0.05069568181466044
120509,2025-07-10,128.1923,-0.05480959020364118
120509,2025-07-11,128.3953,0.0015835584508585576
120509,2025-08-01,130.7797,0.01857077322923817
120509,2025-08-04,123.3562,-0.056763396765705965
120509,2025-08-05,126.7498,0.02751057506635246
120509,2025-08-07,128.1625,0.011145579716891119
120509,2025-08-08,134.878,0.052398322442211986
120509,2025-08-09,130.6133,-0.03161894452764702
120509,2025-08-10,126.1116,-0.034465862205457
120509,2025-08-12,133.5904,0.05930303001468529
120509,2025-09-01,129.5596,-0.030172826789948926
120509,2025-09-04,124.5366,-0.038769801697442596
120509,2025-09-05,125.9864,0.011641557582269035
120509,2025-09-06,126.6108,0.004956090498656973
120509,2025-09-07,129.4823,0.02267973980102811
120509,2025-09-09,128.8133,-0.005166729352197308
120509,2025-09-10,129.7737,0.007455751851710879
120509,2025-09-12,131.237,0.01127578238117577
120509,2025-10-01,130.8768,-0.0027446528037061713
120509,2025-10-02,124.1886,-0.05110302207877948
120509,2025-10-03,123.5107,-0.005458633079042596
120509,2025-10-04,122.9957,-0.004169679226172285
120509,2025-10-06,124.1551,0.00942634579908086
120509,2025-10-07,130.3536,0.049925456143162794
120509,2025-10-09,125.0,-0.0410698285279425
120509,2025-10-10,130.3342,0.04267360000000009
120509,2025-10-11,128.6089,-0.013237507883579358
120509,2025-10-12,129.7238,0.008668917936472509
120509,2025-11-02,127.8614,-0.01435665621882809
120509,2025-11-03,122.3481,-0.043119346417292426
120509,2025-11-04,120.0395,-0.018869111984575193
120509,2025-11-06,124.1948,0.03461610553192895
120509,2025-11-07,129.3507,0.0415146205799275
120509,2025-11-08,135.0583,0.0441250028024589
120509,2025-11-09,124.9059,-0.075170500443142
120509,2025-11-11,130.2409,0.04271215370931247
120509,2025-11-12,131.0605,0.006292954056674738
120509,2025-12-02,126.7216,-0.03310608459451925
120509,2025-12-03,125.4191,-0.010278437140945118
120509,2025-12-05,128.503,0.02458875880946354
120509,2025-12-06,125.3015,-0.02491381524166736
120509,2025-12-08,132.7284,0.059272235368291515
120509,2025-12-09,124.1617,-0.06454308196286551
120509,2025-12-11,130.222,0.048809737624404326
120509,2025-12-12,131.368,0.008800356314601077
120509,2026-01-01,142.3098,0.0832912124718348
120509,2026-01-04,121.1771,-0.14849785468042254
120509,2026-01-05,126.6691,0.04532209468620718
120509,2026-02-01,143.4071,0.1321395667925327
120509,2026-02-02,139.8654,-0.02469682463420586
120509,2026-02-03,133.6712,-0.04428686437103102
120509,2026-02-04,121.0477,-0.09443694677686731
120509,2026-03-02,140.0898,0.15731071304948374
120509,2026-03-03,133.094,-0.04993796836029463
120509,2026-03-04,123.582,-0.07146828557260287
120509,2026-04-02,140.0582,0.13332200482270884
120509,2026-04-03,135.009,-0.03605072748328919
120509,2026-04-05,126.1945,-0.06528824004325628
120509,2026-05-01,144.2123,0.14277801330485862
120509,2026-05-02,141.089,-0.02165765333470171
120509,2026-05-03,131.0833,-0.07091764772590348
120509,2026-05-05,124.2829,-0.05187846201613788
120509,2026-06-01,144.8479,0.16546926407414064
120509,2026-06-02,139.5768,-0.03639058626324587
120509,2026-06-03,130.5387,-0.06475359801915492
120509,2026-06-04,125.791,-0.036370057308675596
120509,2026-06-05,124.084,-0.013570128228569511
120509,2026-07-01,142.2189,0.1461501885819283
120509,2026-07-04,125.4994,-0.11756173054354935
120509,2026-07-05,124.3634,-0.009051836104395639
120509,2026-08-01,142.4754,0.14563770369739015
120509,2026-08-04,124.9375,-0.12309423240784023
120509,2026-08-05,123.9199,-0.008144872436218087
120509,2026-09-01,142.7097,0.15162859234069748
120509,2026-09-02,137.3459,-0.03758539188296239
120509,2026-09-03,126.9124,-0.07596513619991563
120509,2026-09-04,124.4505,-0.01939841969736611
120509,2026-10-02,136.5835,0.09749257737011896
120509,2026-10-03,127.3329,-0.0677285323629867
120509,2026-10-04,123.0836,-0.03337157953678893
120509,2026-11-02,136.0086,0.10500992821139454
120509,2026-11-03,128.5548,-0.05480388740123787
120509,2026-11-05,123.3058,-0.04083083634372264
120509,2026-12-01,141.7875,0.14988508245354226
120509,2026-12-02,135.6067,-0.04359199506303446
120509,2026-12-03,126.5283,-0.0669465446766272
120509,2026-12-05,120.975,-0.04388978592141057
120511,2022-01-02,101.362,
120511,2022-01-03,100.8135,-0.00541129811961083
120511,2022-01-04,97.8194,-0.02969939541827238
120511,2022-01-06,96.609,-0.012373823597364164
120511,2022-01-07,100.8719,0.04412528853419451
120511,2022-01-08,107.7988,0.0686702639684591
120511,2022-01-09,105.9498,-0.017152324515671835
120511,2022-01-11,99.5585,-0.06032385148438224
120511,2022-01-12,107.6832,0.0816072962127794
120511,2022-02-02,99.7816,-0.07337820569968201
120511,2022-02-03,98.8101,-0.009736264000577144
120511,2022-02-05,100.1304,0.013361994371020591
120511,2022-02-06,97.5474,-0.025796361544545898
120511,2022-02-08,108.4189,0.11144838304250038
120511,2022-02-09,104.1266,-0.0395899607909691
120511,2022-02-11,99.9235,-0.04036528610364687
120511,2022-02-12,107.7685,0.07851006019605
120511,2022-03-01,99.4496,-0.07719231500856005
120511,2022-03-02,99.2108,-0.0024012162944848647
120511,2022-03-03,98.3727,-0.008447669003777913
120511,2022-03-05,98.5145,0.0014414568269449646
120511,2022-03-06,98.8474,0.0033791979860833266
120511,2022-03-08,106.045,0.07281526878805122
120511,2022-03-10,92.8263,-0.12465179876467536
120511,2022-03-11,98.7907,0.06425334199467181
120511,2022-04-01,99.5805,0.00799467966114209
120511,2022-04-02,101.0573,0.014830212742454663
120511,2022-04-03,98.8406,-0.02193508039498382
120511,2022-04-04,98.7928,-0.0004836069388489683
120511,2022-04-05,98.3995,-0.0039810593484544965
120511,2022-04-07,101.8664,0.03523290260621237
120511,2022-04-08,107.5885,0.05617259469265634
120511,2022-04-10,94.3051,-0.12346486845713067
120511,2022-04-11,100.0408,0.06082067671843849
120511,2022-05-01,100.0782,0.0003738474702319472
120511,2022-05-04,97.9692,-0.02107352050696354
120511,2022-05-05,99.8156,0.018846739587543793
120511,2022-05-07,100.9609,0.01147415834799359
120511,2022-05-08,107.1371,0.06117417733003583
120511,2022-05-09,103.1218,-0.03747814715910747
120511,2022-05-10,95.818,-0.07082692505367438
120511,2022-05-12,107.8287,0.1253490993341544
120511,2022-06-01,99.763,-0.07480105018422734
120511,2022-06-04,96.6953,-0.030749877208985366
120511,2022-06-05,100.0053,0.034231239781044254
120511,2022-06-06,99.6844,-0.003208829932013657
120511,2022-06-07,100.6911,0.010098872040158913
120511,2022-06-09,102.9048,0.02198506124175803
120511,2022-06-10,94.3665,-0.08297280593325085
120511,2022-06-12,107.1028,0.13496632809312636
120511,2022-07-01,98.878,-0.0767935105338049
120511,2022-07-02,101.0647,0.022115131778555508
120511,2022-07-03,97.9515,-0.030804029497935592
120511,2022-07-04,95.5961,-0.024046594488088435
120511,2022-07-06,102.1969,0.06904884195066519
120511,2022-07-07,102.2291,0.0003150780503127226
120511,2022-07-09,102.4978,0.0026284101102327373
120511,2022-07-10,93.7922,-0.08493450591134644
120511,2022-07-11,100.9571,0.07639121376830915
120511,2022-07-12,107.072,0.06056929131284483
120511,2022-08-02,100.1806,-0.06436229826658701
120511,2022-08-03,97.5694,-0.026064926742303318
120511,2022-08-04,96.5465,-0.010483819722167054
120511,2022-08-06,102.4464,0.06110941359862876
120511,2022-08-07,102.7976,0.0034281341267239362
120511,2022-08-08,106.927,0.04017019852603565
120511,2022-08-09,105.071,-0.01735763651837241
120511,2022-08-11,100.7705,-0.040929466741536635
120511,2022-08-12,106.2992,0.05486427079353584
120511,2022-09-02,102.5287,-0.03547063383355664
120511,2022-09-03,98.072,-0.04346782900787782
120511,2022-09-05,99.8158,0.017780814095766262
120511,2022-09-06,102.484,0.026731238942131474
120511,2022-09-08,106.1122,0.035402599430155
120511,2022-09-09,103.4598,-0.02499618328523956
120511,2022-09-11,99.7422,-0.03593279708640462
120511,2022-09-12,108.0841,0.08363461002464367
120511,2022-10-01,100.3979,-0.07111314245110978
120511,2022-10-02,101.4299,0.010279099463235797
120511,2022-10-03,98.2016,-0.031827892958585235
120511,2022-10-05,100.8068,0.026529099322210703
120511,2022-10-06,101.7312,0.009170016308423623
120511,2022-10-08,106.409,0.04598196030323054
120511,2022-10-10,94.6491,-0.11051602777960512
120511,2022-10-11,99.9624,0.05613682538978182
120511,2022-11-01,101.2042,0.01242267092426741
120511,2022-11-02,100.3048,-0.008886982951300415
120511,2022-11-03,99.4795,-0.008227921295890117
120511,2022-11-04,97.3632,-0.02127372976341857
120511,2022-11-05,100.1271,0.028387522184973202
120511,2022-11-07,102.924,0.027933496525915702
120511,2022-11-08,106.69,0.0365901053204305
120511,2022-11-10,93.9794,-0.11913581404067863
120511,2022-11-11,99.2381,0.055955879692783705
120511,2022-12-01,102.8442,0.036337858141177515
120511,2022-12-04,96.2887,-0.0637420486522331
120511,2022-12-05,101.1952,0.0509561350397294
120511,2022-12-07,102.7396,0.015261593435261789
120511,2022-12-08,105.9116,0.03087417120565017
120511,2022-12-09,103.4504,-0.02323824774623373
120511,2022-12-10,94.1405,-0.08999385212623634
120511,2022-12-12,109.0627,0.15850988681810696
120511,2023-01-02,111.1239,0.01889922035673064
120511,2023-01-03,112.6095,0.013368861244070773
120511,2023-01-05,108.1835,-0.03930396636163025
120511,2023-01-06,108.7162,0.004924041096840082
120511,2023-01-08,98.1152,-0.0975107665646886
120511,2023-01-09,100.7797,0.02715685235315224
120511,2023-01-11,109.2011,0.08356246347230623
120511,2023-01-12,117.3388,0.07452031160858286
120511,2023-02-01,105.7832,-0.09848063897022985
120511,2023-02-02,109.3125,0.03336352086153571
120511,2023-02-03,111.3381,0.018530360205831986
120511,2023-02-05,110.6969,-0.005759034867668822
120511,2023-02-06,107.4004,-0.029779515054170425
120511,2023-02-08,102.0026,-0.050258658254531685
120511,2023-02-10,111.4867,0.09297900249601487
120511,2023-02-11,110.5096,-0.008764274124178018
120511,2023-03-01,106.3891,-0.0372863534027813
120511,2023-03-02,109.9116,0.033109594873911075
120511,2023-03-03,112.2666,0.021426309870841598
120511,2023-03-04,106.7795,-0.04887562284775704
120511,2023-03-05,112.6411,0.05489443198366728
120511,2023-03-07,98.3226,-0.12711612368842284
120511,2023-03-08,103.654,0.054223545756519886
120511,2023-03-10,112.378,0.08416462461651264
120511,2023-03-11,109.0449,-0.029659719873996737
120511,2023-04-01,107.7976,-0.011438407481688673
120511,2023-04-04,108.201,0.003742198342078007
120511,2023-04-05,113.7852,0.05160950453322988
120511,2023-04-07,97.4792,-0.14330510470606017
120511,2023-04-08,104.4746,0.07176300174806505
120511,2023-04-09,101.6686,-0.02685820285504803
120511,2023-04-10,111.4552,0.09625980882986496
120511,2023-04-12,116.0379,0.041116968970491996
120511,2023-05-01,108.6329,-0.06381535687908857
120511,2023-05-04,111.3627,0.025128667282195316
120511,2023-05-05,113.7484,0.02142279237123379
120511,2023-05-06,105.0696,-0.07629821606281939
120511,2023-05-07,96.5103,-0.08146314442997782
120511,2023-05-09,100.4379,0.04069617439796569
120511,2023-05-10,115.1937,0.1469146607007914
120511,2023-05-12,114.8537,-0.0029515503017960576
120511,2023-06-01,106.0345,-0.0767863812833196
120511,2023-06-02,108.4123,0.022424776841499794
120511,2023-06-03,109.6177,0.011118664579572668
120511,2023-06-04,111.6091,0.018166774161472166
120511,2023-06-06,103.6707,-0.07112681672014198
120511,2023-06-07,97.487,-0.059647518537060185
120511,2023-06-09,101.6524,0.04272774831516002
120511,2023-06-10,116.1868,0.14298137574715408
120511,2023-06-11,108.6692,-0.06470270288879632
120511,2023-06-12,115.23,0.06037405262944784
120511,2023-07-02,109.0367,-0.0537472880326304
120511,2023-07-03,110.1126,0.009867319902381544
120511,2023-07-04,112.1065,0.01810782780535547
120511,2023-07-06,104.9619,-0.06373047057931513
120511,2023-07-07,98.0537,-0.06581626285347342
120511,2023-07-08,104.6165,0.06693067166256861
120511,2023-07-09,102.0457,-0.024573561531880728
120511,2023-07-11,108.7515,0.06571369494256007
120511,2023-07-12,112.48,0.0342845845804427
120511,2023-08-02,109.8448,-0.02342816500711231
120511,2023-08-03,108.4032,-0.013123971275836532
120511,2023-08-05,113.1244,0.04355221986066837
120511,2023-08-06,104.1063,-0.07971843386572652
120511,2023-08-08,103.8868,-0.0021084218726437065
120511,2023-08-09,103.556,-0.003184235148257497
120511,2023-08-11,110.2074,0.0642299818455716
120511,2023-08-12,112.5221,0.02100312683177341
120511,2023-09-01,106.7182,-0.05158008960017635
120511,2023-09-02,108.906,0.02050072058936525
120511,2023-09-03,107.3228,-0.014537307402714306
120511,2023-09-05,114.2039,0.06411591945048034
120511,2023-09-06,101.9683,-0.10713819755717624
120511,2023-09-08,102.3002,0.003254933150792949
120511,2023-09-10,115.924,0.13317471520094792
120511,2023-09-11,112.2792,-0.03144128912045829
120511,2023-10-01,105.4717,-0.060630107802691846
120511,2023-10-02,110.2052,0.04487933730090643
120511,2023-10-03,105.5538,-0.042206719828102535
120511,2023-10-04,111.0488,0.052058760556228156
120511,2023-10-05,114.2901,0.02918806866890944
120511,2023-10-07,99.0043,-0.13374561751192793
120511,2023-10-08,102.2065,0.03234404970289173
120511,2023-10-10,115.0063,0.12523469642341722
120511,2023-10-11,112.536,-0.021479692851609
120511,2023-11-01,105.1271,-0.06583582142603261
120511,2023-11-04,110.4306,0.05044845715329349
120511,2023-11-05,114.4234,0.03615664498789295
120511,2023-11-07,99.8034,-0.12777106780606073
120511,2023-11-08,101.198,0.013973471845648566
120511,2023-11-09,104.9567,0.037142038380205245
120511,2023-11-10,115.1846,0.09744875743997294
120511,2023-11-12,114.4748,-0.0061622821106294134
120511,2023-12-01,106.044,-0.073647649963136
120511,2023-12-04,110.3,0.040134283882162114
120511,2023-12-05,112.345,0.01854034451495923
120511,2023-12-06,101.3881,-0.09752904001068141
120511,2023-12-07,98.7858,-0.02566672025612471
120511,2023-12-09,104.8043,0.06092474829378314
120511,2023-12-10,113.5557,0.08350229904689033
120511,2023-12-12,115.4423,0.016613873191746453
120511,2024-01-01,116.0209,0.005012027653641615
120511,2024-01-02,117.6639,0.014161241638360078
120511,2024-01-03,133.754,0.1367462747707664
120511,2024-01-04,123.1427,-0.0793344498108467
120511,2024-01-05,125.1877,0.01660674973019116
120511,2024-01-07,135.0771,0.07899657873736787
120511,2024-01-08,122.9544,-0.08974652254157067
120511,2024-01-10,124.3047,0.010982120200659695
120511,2024-01-11,127.0469,0.0220603082586579
120511,2024-02-01,114.4976,-0.09877690837005848
120511,2024-02-02,116.3168,0.015888542641941727
120511,2024-02-04,121.4238,0.04390595339624204
120511,2024-02-05,126.9746,0.045714266890016564
120511,2024-02-07,135.3958,0.06632192580248342
120511,2024-02-08,123.2312,-0.08984473669050297
120511,2024-02-09,126.6944,0.028103272547861158
120511,2024-02-10,125.4723,-0.009646045918367374
120511,2024-02-12,135.9056,0.0831522176607904
120511,2024-03-01,115.9001,-0.14720143982293588
120511,2024-03-04,121.3381,0.04691971792949268
120511,2024-03-05,126.2275,0.040295669703085846
120511,2024-03-06,135.3412,0.07220059020419467
120511,2024-03-07,135.5542,0.0015738001436371718
120511,2024-03-09,128.8854,-0.04919655753934593
120511,2024-03-10,123.2159,-0.04398869072835243
120511,2024-03-12,136.3192,0.10634422992487158
120511,2024-04-01,116.4274,-0.14592075070863086
120511,2024-04-03,133.3743,0.14555766082554444
120511,2024-04-04,122.0461,-0.08493540359724483
120511,2024-04-06,134.6697,0.10343304702075695
120511,2024-04-07,133.5275,-0.00848149212480609
120511,2024-04-09,128.2191,-0.03975510662597592
120511,2024-04-10,124.8822,-0.02602498379726581
120511,2024-04-11,127.0689,0.01751010151967214
120511,2024-04-12,135.4124,0.06566122788502926
120511,2024-05-01,119.558,-0.11708233514803656
120511,2024-05-02,115.6246,-0.032899513206979036
120511,2024-05-03,131.7872,0.13978513222964684
120511,2024-05-04,121.3639,-0.07909189966855668
120511,2024-05-06,135.6616,0.11780850813133048
120511,2024-05-07,133.2738,-0.017601148740690076
120511,2024-05-08,124.1179,-0.06869992451629647
120511,2024-05-09,127.7637,0.029373684214766715
120511,2024-05-11,128.9202,0.009051866844808076
120511,2024-05-12,132.7443,0.0296625354288933
120511,2024-06-02,117.8163,-0.11245680605494934
120511,2024-06-03,132.0332,0.12067006008506453
120511,2024-06-05,127.5342,-0.03407476301415091
120511,2024-06-06,134.4242,0.05402472434844929
120511,2024-06-08,123.8032,-0.07901107092324156
120511,2024-06-09,128.2346,0.035793905165617756
120511,2024-06-11,129.8323,0.012459195880051066
120511,2024-06-12,133.1198,0.025321125790731536
120511,2024-07-02,119.5086,-0.10224774977125861
120511,2024-07-03,130.3908,0.09105788202690035
120511,2024-07-05,128.6223,-0.01356307346837371
120511,2024-07-06,134.0863,0.04248096947418922
120511,2024-07-08,124.158,-0.07404410443125053
120511,2024-07-10,124.7521,0.004785031975386156
120511,2024-07-11,128.8694,0.03300385324174915
120511,2024-08-01,119.2742,-0.07445677561934816
120511,2024-08-02,117.4336,-0.015431669212620958
120511,2024-08-03,129.6254,0.10381866859229394
120511,2024-08-04,121.5073,-0.06262738629929021
120511,2024-08-05,126.6817,0.04258509571029889
120511,2024-08-07,131.4248,0.03744108265045387
120511,2024-08-08,122.8868,-0.06496490768865548
120511,2024-08-10,126.9836,0.03333799887376032
120511,2024-08-11,128.5667,0.012466964237901612
120511,2024-09-01,120.9148,-0.05951696667955231
120511,2024-09-02,117.3672,-0.02933966726984627
120511,2024-09-04,124.3285,0.05931214172273003
120511,2024-09-05,129.0388,0.03788592317931938
120511,2024-09-07,132.2441,0.02483981562134785
120511,2024-09-08,121.2046,-0.08347820432064645
120511,2024-09-09,126.4372,0.04317162879956715
120511,2024-09-10,125.665,-0.006107379790124989
120511,2024-09-12,134.9611,0.07397525166116248
120511,2024-10-01,118.867,-0.11924991719836298
120511,2024-10-04,123.8114,0.04159606955673145
120511,2024-10-05,131.1204,0.05903333618713602
120511,2024-10-06,135.5927,0.034108346222250896
120511,2024-10-07,131.6214,-0.029288449894426583
120511,2024-10-09,126.4377,-0.03938341333552131
120511,2024-10-10,122.9879,-0.027284583632888104
120511,2024-10-12,134.9213,0.09702905733003009
120511,2024-11-01,120.9118,-0.10383460580353143
120511,2024-11-03,130.7744,0.08156854831372962
120511,2024-11-04,121.0639,-0.07425382949568116
120511,2024-11-06,136.0559,0.12383542905853862
120511,2024-11-07,130.86,-0.038189450071624886
120511,2024-11-09,124.05,-0.0520403484640074
120511,2024-11-10,123.0005,-0.008460298266827815
120511,2024-11-11,129.5761,0.05345994528477527
120511,2024-11-12,132.5832,0.02320721182378538
120511,2024-12-01,122.3361,-0.07728807269699334
120511,2024-12-02,119.4691,-0.023435437291200234
120511,2024-12-03,131.4452,0.10024433096089291
120511,2024-12-04,122.3873,-0.06891008572393664
120511,2024-12-06,134.4036,0.09818257286499521
120511,2024-12-07,128.5051,-0.043886473278989646
120511,2024-12-08,121.2812,-0.05621488952578535
120511,2024-12-09,124.8145,0.029133122033752956
120511,2024-12-11,128.5322,0.029785802130361416
120511,2024-12-12,132.8164,0.033331725435338466
120511,2025-01-01,140.1548,0.055252212829138614
120511,2025-01-04,140.3148,0.0011415948651063434
120511,2025-01-05,150.3392,0.0714422142211657
120511,2025-01-07,150.7563,0.002774392839658635
120511,2025-01-08,164.0863,0.08842084874728284
120511,2025-01-09,174.2977,0.0622318865133773
120511,2025-01-10,165.3611,-0.05127204776655114
120511,2025-01-12,168.5797,0.01946406984472171
120511,2025-02-01,142.6906,-0.15357187134631278
120511,2025-02-04,139.7521,-0.020593507911523035
120511,2025-02-05,149.7039,0.07121037894958282
120511,2025-02-06,155.1841,0.036606928744007394
120511,2025-02-07,150.2525,-0.03177902890824513
120511,2025-02-09,171.7314,0.1429520307482406
120511,2025-02-10,167.3425,-0.025556770631346426
120511,2025-02-12,168.1839,0.005028011413717337
120511,2025-03-01,142.4961,-0.15273637964157083
120511,2025-03-02,127.3774,-0.10609904411418991
120511,2025-03-03,137.6003,0.08025678024516125
120511,2025-03-04,140.7708,0.02304137418305041
120511,2025-03-06,155.4642,0.10437818070224791
120511,2025-03-07,152.2822,-0.02046773469390395
120511,2025-03-09,173.5355,0.13956522824072692
120511,2025-03-10,170.6228,-0.01678446196887673
120511,2025-03-11,174.3579,0.02189097822799768
120511,2025-03-12,169.6744,-0.02686141551372212
120511,2025-04-02,127.9761,-0.24575481038978175
120511,2025-04-03,139.3404,0.08880017440756505
120511,2025-04-04,140.0148,0.0048399459166186265
120511,2025-04-06,154.0572,0.10029225481877613
120511,2025-04-07,155.6312,0.010216984340881252
120511,2025-04-08,165.5368,0.0636479060753885
120511,2025-04-09,172.253,0.040572247379434545
120511,2025-04-11,174.1225,0.010853221714571148
120511,2025-04-12,168.2612,-0.03366193340895063
120511,2025-05-02,128.7765,-0.23466313089410984
120511,2025-05-03,142.4055,0.10583452726234976
120511,2025-05-05,152.0481,0.06771227234903154
120511,2025-05-06,154.883,0.018644757810192925
120511,2025-05-08,167.1032,0.07889955643937663
120511,2025-05-09,171.6366,0.02712934282527213
120511,2025-05-11,173.7482,0.012302737294959343
120511,2025-05-12,166.0512,-0.04429973950809274
120511,2025-06-01,141.2842,-0.14915279142818594
120511,2025-06-02,129.1855,-0.08563377929025329
120511,2025-06-03,142.5199,0.10321901451788329
120511,2025-06-05,151.9509,0.06617321510890739
120511,2025-06-06,156.4629,0.029693802405908798
120511,2025-06-08,168.1105,0.07444320666432747
120511,2025-06-10,169.0263,0.005447607377290442
120511,2025-06-11,173.9668,0.029229179127745253
120511,2025-07-01,140.517,-0.19227691720489204
120511,2025-07-02,128.2884,-0.0870257691240206
120511,2025-07-03,140.0996,0.09206756027824814
120511,2025-07-04,138.1259,-0.014087834654774256
120511,2025-07-05,149.8035,0.08454315953778413
120511,2025-07-07,156.5228,0.04485409219410741
120511,2025-07-08,170.5534,0.08963933688893899
120511,2025-07-10,171.898,0.007883747846715305
120511,2025-07-11,171.2422,-0.0038150531128925413
120511,2025-08-01,142.0924,-0.17022556355851537
120511,2025-08-04,139.2693,-0.01986805768640698
120511,2025-08-05,147.894,0.06192822107959195
120511,2025-08-07,156.2753,0.056670994090361804
120511,2025-08-08,165.981,0.06210642372787012
120511,2025-08-09,169.531,0.021387990191648498
120511,2025-08-10,169.1904,-0.0020090720871108747
120511,2025-08-12,166.2743,-0.017235611476774104
120511,2025-09-01,138.8828,-0.1647368234297183
120511,2025-09-04,139.88,0.0071801547779855035
120511,2025-09-05,148.3991,0.060902916785816386
120511,2025-09-06,156.4887,0.054512459981226336
120511,2025-09-07,155.4054,-0.006922544567115718
120511,2025-09-09,170.9887,0.1002751513139184
120511,2025-09-10,171.5979,0.0035628085364707296
120511,2025-09-12,166.7338,-0.028345917986175917
120511,2025-10-01,133.9504,-0.19662120098024516
120511,2025-10-02,128.0359,-0.04415440342096777
120511,2025-10-03,141.5557,0.10559382173281096
120511,2025-10-04,139.5453,-0.014202183310174088
120511,2025-10-06,156.1183,0.11876430091160373
120511,2025-10-07,157.1737,0.006760258086335735
120511,2025-10-09,169.7391,0.07994594515494646
120511,2025-10-10,171.0949,0.00798755266170259
120511,2025-10-11,170.4912,-0.003528451169497182
120511,2025-10-12,163.1591,-0.04300573871261393
120511,2025-11-02,130.5456,-0.19988771695847785
120511,2025-11-03,143.4096,0.0985402801779609
120511,2025-11-04,140.1137,-0.022982422376186973
120511,2025-11-06,158.0917,0.12831007959963947
120511,2025-11-07,159.3822,0.008162983888464703
120511,2025-11-08,167.7561,0.052539744086855356
120511,2025-11-09,169.7441,0.011850537774781289
120511,2025-11-11,169.9232,0.0010551176741930846
120511,2025-11-12,163.2119,-0.03949607822828194
120511,2025-12-02,128.3781,-0.21342683958706454
120511,2025-12-03,143.2346,0.11572456672906051
120511,2025-12-05,153.8129,0.0738529656940432
120511,2025-12-06,157.8229,0.02607063516779151
120511,2025-12-08,171.8084,0.08861515027286915
120511,2025-12-09,169.7807,-0.011802100479371247
120511,2025-12-11,169.4206,-0.002120971347155387
120511,2025-12-12,160.8825,-0.050395878659383886
120511,2026-01-01,162.0599,0.00731838453529754
120511,2026-01-04,236.9468,0.4620939541490523
120511,2026-01-05,255.7872,0.07951320718405985
120511,2026-02-01,162.4598,-0.36486344899197465
120511,2026-02-02,181.2914,0.11591544492853001
120511,2026-02-03,222.0263,0.2246929528924151
120511,2026-02-04,234.667,0.05693334528386962
120511,2026-03-02,186.2599,-0.20627996267050763
120511,2026-03-03,225.4605,0.21046183316967326
120511,2026-03-04,233.5651,0.035946873177341576
120511,2026-04-02,187.0617,-0.19910252002546613
120511,2026-04-03,231.0594,0.23520421336917186
120511,2026-04-05,254.9213,0.10327171281497316
120511,2026-05-01,164.4186,-0.3550221185911103
120511,2026-05-02,186.4816,0.13418798116514785
120511,2026-05-03,229.0562,0.22830456195142035
120511,2026-05-05,250.8845,0.09529670011115177
120511,2026-06-01,168.2657,-0.32931010086314616
120511,2026-06-02,187.7646,0.11588160867009734
120511,2026-06-03,232.1874,0.2365877273990944
120511,2026-06-04,231.497,-0.0029734602308306712
120511,2026-06-05,249.2767,0.07680315511648095
120511,2026-07-01,170.745,-0.31503826871905793
120511,2026-07-04,229.8212,0.3459908050016105
120511,2026-07-05,245.2225,0.06701427022398287
120511,2026-08-01,172.711,-0.2956967651826402
120511,2026-08-04,232.3339,0.3452177336706983
120511,2026-08-05,241.6934,0.040284693710216146
120511,2026-09-01,171.1171,-0.2920075599912948
120511,2026-09-02,189.1914,0.10562532908750777
120511,2026-09-03,228.49,0.20771874408667634
120511,2026-09-04,234.0174,0.024190993041270925
120511,2026-10-02,190.6039,-0.18551398314826162
120511,2026-10-03,224.2273,0.17640457514248142
120511,2026-10-04,236.581,0.05509454022770632
120511,2026-11-02,193.8298,-0.18070428309965714
120511,2026-11-03,223.2601,0.1518357858285979
120511,2026-11-05,238.493,0.06822938805456058
120511,2026-12-01,173.1708,-0.27389566989387526
120511,2026-12-02,194.815,0.12498758451193837
120511,2026-12-03,227.4124,0.16732489798013495
120511,2026-12-05,241.3291,0.06119587146523231
120716,2022-01-02,50.9488,
120716,2022-01-03,49.1337,-0.03562596174983512
120716,2022-01-04,44.9406,-0.0853406114337002
120716,2022-01-06,43.8162,-0.025019692660979143
120716,2022-01-07,48.8966,0.11594798270959128
120716,2022-01-08,49.9476,0.0214943370295686
120716,2022-01-09,47.3368,-0.05227077977720662
120716,2022-01-11,48.907,0.033170810025181297
120716,2022-01-12,47.9757,-0.01904226388860475
120716,2022-02-02,50.5937,0.054569292370929334
120716,2022-02-03,49.0948,-0.02962621828409462
120716,2022-02-05,45.6877,-0.06939838842402857
120716,2022-02-06,44.0651,-0.035515029209174376
120716,2022-02-08,50.7114,0.15082911419694933
120716,2022-02-09,47.8813,-0.05580796428416479
120716,2022-02-11,48.3024,0.008794665140670732
120716,2022-02-12,46.8999,-0.029035824306866687
120716,2022-03-01,51.0206,0.08786159458762177
120716,2022-03-02,50.1338,-0.017381214646632892
120716,2022-03-03,48.8285,-0.026036326789511288
120716,2022-03-05,45.2101,-0.07410426287926108
120716,2022-03-06,43.682,-0.03379996947584707
120716,2022-03-08,50.4054,0.15391694519481702
120716,2022-03-10,47.6916,-0.05383946958064012
120716,2022-03-11,47.889,0.004139093676873928
120716,2022-04-01,50.3227,0.05081960366681271
120716,2022-04-02,48.9097,-0.028078779556740763
120716,2022-04-03,48.875,-0.0007094707184873705
120716,2022-04-04,44.8747,-0.08184757033248091
120716,2022-04-05,45.5582,0.01523129959643188
120716,2022-04-07,47.0167,0.0320139952851517
120716,2022-04-08,49.9433,0.06224596792203618
120716,2022-04-10,47.7245,-0.04442637951436934
120716,2022-04-11,48.3661,0.013443828641473532
120716,2022-05-01,50.0895,0.035632395417451335
120716,2022-05-04,44.3488,-0.11460885015821687
120716,2022-05-05,44.6946,0.007797279746013519
120716,2022-05-07,47.2055,0.0561790462382481
120716,2022-05-08,49.727,0.053415385919013625
120716,2022-05-09,47.6272,-0.04222655700122657
120716,2022-05-10,47.517,-0.002313803876776266
120716,2022-05-12,46.8712,-0.013590925353031524
120716,2022-06-01,49.818,0.0628701633412414
120716,2022-06-04,44.5491,-0.10576297723714312
120716,2022-06-05,44.9005,0.007887925906471693
120716,2022-06-06,43.6274,-0.028353804523334913
120716,2022-06-07,47.2257,0.08247798401921735
120716,2022-06-09,47.4013,0.0037183143923753548
120716,2022-06-10,49.4641,0.04351779381578158
120716,2022-06-12,48.1357,-0.026855840902796246
120716,2022-07-01,49.5188,0.02873335175348024
120716,2022-07-02,49.0221,-0.010030533857847912
120716,2022-07-03,50.4434,0.02899304599354169
120716,2022-07-04,44.445,-0.11891347530103036
120716,2022-07-06,44.1066,-0.007613904826189621
120716,2022-07-07,47.3263,0.07299814540227545
120716,2022-07-09,48.666,0.028307727415834094
120716,2022-07-10,49.8879,0.025107878190112398
120716,2022-07-11,47.5308,-0.047247929858743376
120716,2022-07-12,48.6224,0.0229661608893601
120716,2022-08-02,48.9955,0.007673418013096844
120716,2022-08-03,51.1643,0.04426528966945931
120716,2022-08-04,44.4706,-0.13082754967819354
120716,2022-08-06,44.545,0.0016730154304192002
120716,2022-08-07,47.3782,0.06360309799079578
120716,2022-08-08,49.4828,0.044421273919228677
120716,2022-08-09,48.5439,-0.01897426984730044
120716,2022-08-11,48.1556,-0.007998945284577452
120716,2022-08-12,49.9223,0.03668732193140567
120716,2022-09-02,49.6855,-0.004743371198843049
120716,2022-09-03,51.9011,0.044592486741604764
120716,2022-09-05,44.5812,-0.1410355464527726
120716,2022-09-06,44.5532,-0.0006280674364980143
120716,2022-09-08,49.8687,0.11930680624511814
120716,2022-09-09,48.9939,-0.01754206546390824
120716,2022-09-11,47.8697,-0.02294571365006659
120716,2022-09-12,50.4734,0.05439139998788378
120716,2022-10-01,49.8183,-0.012979113751005467
120716,2022-10-02,49.922,0.002081564405047809
120716,2022-10-03,52.1958,0.04554705340330911
120716,2022-10-05,44.2085,-0.15302572237612988
120716,2022-10-06,43.628,-0.013130958978477048
120716,2022-10-08,48.9579,0.12216695700009184
120716,2022-10-10,49.6653,0.014449149166937403
120716,2022-10-11,47.6681,-0.040213187074275236
120716,2022-11-01,49.8879,0.046567830477824756
120716,2022-11-02,50.7437,0.017154460299992458
120716,2022-11-03,52.3235,0.031132928816779426
120716,2022-11-04,45.0991,-0.1380718033006202
120716,2022-11-05,43.461,-0.036322232594442005
120716,2022-11-07,46.6455,0.07327258921791957
120716,2022-11-08,48.3468,0.036472971669292864
120716,2022-11-10,49.0583,0.014716589308909844
120716,2022-11-11,47.0466,-0.0410063128971041
120716,2022-12-01,49.7379,0.05720498399459273
120716,2022-12-04,44.4807,-0.10569806927916148
120716,2022-12-05,43.238,-0.02793795960944856
120716,2022-12-07,46.9785,0.08650955178315356
120716,2022-12-08,48.5676,0.033826111944825765
120716,2022-12-09,49.0197,0.009308674919081827
120716,2022-12-10,47.9734,-0.021344479872377864
120716,2022-12-12,51.1184,0.06555716292778913
120716,2023-01-02,58.0022,0.13466383924379488
120716,2023-01-03,58.1722,0.0029309233098053777
120716,2023-01-05,60.5903,0.04156796545428931
120716,2023-01-06,62.2456,0.027319554450134786
120716,2023-01-08,58.8166,-0.05508823113601602
120716,2023-01-09,60.7352,0.03262004264102303
120716,2023-01-11,61.8725,0.018725549598914704
120716,2023-01-12,66.6688,0.077519091680472
120716,2023-02-01,53.8638,-0.1920688537966786
120716,2023-02-02,58.5242,0.08652193124139029
120716,2023-02-03,58.7362,0.0036224331131393672
120716,2023-02-05,61.2903,0.04348425672753775
120716,2023-02-06,61.8927,0.009828635200023417
120716,2023-02-08,59.1666,-0.04404558211226839
120716,2023-02-10,63.0304,0.06530373555350488
120716,2023-02-11,62.6505,-0.006027250342691803
120716,2023-03-01,55.6322,-0.11202304849921396
120716,2023-03-02,59.2748,0.06547646866383139
120716,2023-03-03,60.3086,0.017440801149898322
120716,2023-03-04,59.4865,-0.013631555035268583
120716,2023-03-05,61.4419,0.03287132374572388
120716,2023-03-07,60.3163,-0.018319745971397294
120716,2023-03-08,58.4088,-0.031624950469441915
120716,2023-03-10,63.8516,0.09318458862363199
120716,2023-03-11,62.3436,-0.023617262527485527
120716,2023-04-01,55.8188,-0.10465869792568927
120716,2023-04-04,58.5393,0.0487380595784932
120716,2023-04-05,61.9682,0.05857432528233186
120716,2023-04-07,61.3563,-0.009874419460303874
120716,2023-04-08,59.1281,-0.03631574915697322
120716,2023-04-09,61.3144,0.03697565117093227
120716,2023-04-10,63.2381,0.031374359041269395
120716,2023-04-12,65.6355,0.03791068991636348
120716,2023-05-01,55.2739,-0.1578657890927927
120716,2023-05-04,57.9136,0.04775671700386619
120716,2023-05-05,61.9681,0.07000946237153283
120716,2023-05-06,62.1339,0.0026755701723950587
120716,2023-05-07,61.2098,-0.014872718435507748
120716,2023-05-09,61.6489,0.00717368787351047
120716,2023-05-10,62.811,0.018850295787921745
120716,2023-05-12,65.0804,0.036130614064415534
120716,2023-06-01,55.8718,-0.14149574987246538
120716,2023-06-02,59.5776,0.06632684108978038
120716,2023-06-03,61.0274,0.024334649264152963
120716,2023-06-04,58.5023,-0.04137649645896768
120716,2023-06-06,62.8655,0.07458168311331348
120716,2023-06-07,60.274,-0.04122292831521257
120716,2023-06-09,60.9482,0.011185585824733613
120716,2023-06-10,63.2866,0.038367006736868436
120716,2023-06-11,61.7119,-0.02488204454023446
120716,2023-06-12,65.5212,0.06172715473028689
120716,2023-07-02,58.9108,-0.10088948309860002
120716,2023-07-03,61.0133,0.035689550982162865
120716,2023-07-04,58.6906,-0.03806874894490209
120716,2023-07-06,62.4424,0.06392505784571978
120716,2023-07-07,60.4371,-0.03211439662793225
120716,2023-07-08,58.8842,-0.025694482362654703
120716,2023-07-09,61.3934,0.04261244951956544
120716,2023-07-11,60.6712,-0.011763479461961768
120716,2023-07-12,65.5567,0.08052420258705961
120716,2023-08-02,57.9809,-0.11556103342602675
120716,2023-08-03,60.3888,0.0415291932343238
120716,2023-08-05,62.1699,0.029493879659804323
120716,2023-08-06,61.8196,-0.005634559489399171
120716,2023-08-08,59.3373,-0.04015393176274196
120716,2023-08-09,60.888,0.026133646121411003
120716,2023-08-11,61.048,0.002627775587964898
120716,2023-08-12,66.328,0.0864893198794392
120716,2023-09-01,56.4126,-0.14949041128934992
120716,2023-09-02,58.1105,0.03009788593328455
120716,2023-09-03,60.0071,0.03263781932697185
120716,2023-09-05,63.067,0.05099229924458948
120716,2023-09-06,62.3025,-0.012122028953335362
120716,2023-09-08,60.362,-0.031146422695718434
120716,2023-09-10,63.3174,0.04896126702229875
120716,2023-09-11,62.0888,-0.019403828963286518
120716,2023-10-01,56.3109,-0.09305865147981607
120716,2023-10-02,58.0172,0.030301415889286254
120716,2023-10-03,59.6073,0.02740738953275934
120716,2023-10-04,58.7887,-0.013733217240170292
120716,2023-10-05,63.5686,0.08130644154403832
120716,2023-10-07,59.847,-0.05854462737892607
120716,2023-10-08,59.5135,-0.005572543318796308
120716,2023-10-10,63.7901,0.07185932603526934
120716,2023-10-11,63.0603,-0.011440646746125216
120716,2023-11-01,56.9043,-0.09762084861632436
120716,2023-11-04,59.0313,0.03737854608526958
120716,2023-11-05,63.4681,0.07516012691572094
120716,2023-11-07,60.3518,-0.04910025666437157
120716,2023-11-08,59.1361,-0.02014355827001013
120716,2023-11-09,61.8409,0.04573855901894097
120716,2023-11-10,64.0009,0.03492834030552605
120716,2023-11-12,66.5021,0.039080700427650106
120716,2023-12-01,56.3663,-0.15241323206334834
120716,2023-12-04,59.1234,0.04891397874261738
120716,2023-12-05,64.5266,0.09138851960475902
120716,2023-12-06,62.3062,-0.03441061515716004
120716,2023-12-07,61.9792,-0.0052482738475464474
120716,2023-12-09,61.1481,-0.013409337326070636
120716,2023-12-10,64.3981,0.05314964814932921
120716,2023-12-12,66.2507,0.02876792948860296
120716,2024-01-01,68.268,0.030449489590298695
120716,2024-01-02,68.0636,-0.0029940821468331658
120716,2024-01-03,68.9356,0.012811546847360411
120716,2024-01-04,71.1083,0.0315178224313708
120716,2024-01-05,69.9729,-0.01596719370312616
120716,2024-01-07,82.5633,0.1799325167314776
120716,2024-01-08,86.1597,0.043559305405670656
120716,2024-01-10,90.8521,0.05446165666779246
120716,2024-01-11,95.5897,0.052146290509520465
120716,2024-02-01,68.6357,-0.2819759869525691
120716,2024-02-02,68.0158,-0.009031742955925237
120716,2024-02-04,72.228,0.06192972809259012
120716,2024-02-05,70.0618,-0.029991139170404635
120716,2024-02-07,82.0181,0.17065362294431474
120716,2024-02-08,86.0555,0.04922571968870271
120716,2024-02-09,89.4248,0.03915263986613304
120716,2024-02-10,91.0974,0.0187039836823788
120716,2024-02-12,90.9019,-0.0021460546623722765
120716,2024-03-01,69.0046,-0.2408893543479289
120716,2024-03-04,71.2762,0.032919544494135256
120716,2024-03-05,70.1995,-0.015106024170761123
120716,2024-03-06,76.1514,0.08478550417025765
120716,2024-03-07,80.6346,0.0588721940765371
120716,2024-03-09,89.3585,0.10819052863162959
120716,2024-03-10,91.1957,0.020559879586161234
120716,2024-03-12,91.3036,0.001183169820506924
120716,2024-04-01,70.0415,-0.23287252638450184
120716,2024-04-03,68.1576,-0.02689691111698056
120716,2024-04-04,71.7439,0.052617756493773093
120716,2024-04-06,76.2794,0.0632179181784096
120716,2024-04-07,81.2884,0.06566648400485575
120716,2024-04-09,89.1065,0.09617731435235544
120716,2024-04-10,92.0901,0.033483528137677965
120716,2024-04-11,93.207,0.012128339528353127
120716,2024-04-12,91.4377,-0.018982479856663015
120716,2024-05-01,69.9512,-0.23498513195323156
120716,2024-05-02,67.8847,-0.02954202358215452
120716,2024-05-03,66.9637,-0.013567121899338064
120716,2024-05-04,71.2458,0.06394658598613878
120716,2024-05-06,74.7693,0.049455546853288235
120716,2024-05-07,83.0265,0.11043570021385785
120716,2024-05-08,85.7045,0.032254762033808504
120716,2024-05-09,87.0566,0.01577630112771211
120716,2024-05-11,92.7748,0.0656837046243477
120716,2024-05-12,92.2311,-0.005860427616119934
120716,2024-06-02,67.5599,-0.26749328588729826
120716,2024-06-03,67.5776,0.00026198973059465835
120716,2024-06-05,72.1736,0.06801070177100099
120716,2024-06-06,75.5487,0.046763636565170685
120716,2024-06-08,88.9907,0.17792496760367826
120716,2024-06-09,86.7715,-0.0249374372827722
120716,2024-06-11,92.887,0.07047821001135168
120716,2024-06-12,92.6189,-0.0028863027118972706
120716,2024-07-02,68.44,-0.2610579482157529
120716,2024-07-03,68.1706,-0.003936294564582221
120716,2024-07-05,70.9941,0.04141814799928434
120716,2024-07-06,76.3729,0.07576404236408374
120716,2024-07-08,89.999,0.17841538032469617
120716,2024-07-10,91.7171,0.019090212113467953
120716,2024-07-11,92.6213,0.009858575990736806
120716,2024-08-01,70.3234,-0.24074268013944955
120716,2024-08-02,67.5933,-0.03882207060523246
120716,2024-08-03,69.4975,0.028171431192144825
120716,2024-08-04,72.6603,0.04550955070326279
120716,2024-08-05,71.7046,-0.013152987257140536
120716,2024-08-07,83.725,0.1676377805608007
120716,2024-08-08,90.4857,0.08074888026276494
120716,2024-08-10,93.4847,0.03314335856383943
120716,2024-08-11,91.3753,-0.022564120118051534
120716,2024-09-01,70.3688,-0.22989254207646925
120716,2024-09-02,67.9039,-0.035028308000136454
120716,2024-09-04,72.0213,0.060635692500725424
120716,2024-09-05,73.1686,0.015930009594383954
120716,2024-09-07,83.9684,0.1476015667923125
120716,2024-09-08,90.2732,0.07508538926548569
120716,2024-09-09,87.728,-0.028194414289069325
120716,2024-09-10,92.6427,0.056022022615356715
120716,2024-09-12,92.7336,0.0009811890197499729
120716,2024-10-01,69.5671,-0.24981775753340751
120716,2024-10-04,73.0418,0.0499474607968422
120716,2024-10-05,72.9163,-0.0017181942394627336
120716,2024-10-06,76.7071,0.05198837571297488
120716,2024-10-07,84.4185,0.1005304593707752
120716,2024-10-09,88.3366,0.04641281235748096
120716,2024-10-10,93.4147,0.05748579863838987
120716,2024-10-12,92.4767,-0.010041246185022334
120716,2024-11-01,67.7152,-0.26775933829818754
120716,2024-11-03,68.8699,0.017052301403525538
120716,2024-11-04,73.2367,0.06340650995572816
120716,2024-11-06,75.7096,0.03376585782811081
120716,2024-11-07,85.8897,0.13446247239451825
120716,2024-11-09,89.0326,0.036592280564491375
120716,2024-11-10,95.064,0.06774372533206918
120716,2024-11-11,89.4255,-0.05931267356728087
120716,2024-11-12,92.6086,0.0355949924797736
120716,2024-12-01,68.096,-0.26469032033742
120716,2024-12-02,67.6214,-0.006969572368421217
120716,2024-12-03,69.4735,0.02738925843002371
120716,2024-12-04,73.4913,0.057832123039720074
120716,2024-12-06,76.9975,0.04770904855404656
120716,2024-12-07,85.0274,0.10428780155199835
120716,2024-12-08,89.8251,0.05642534053728565
120716,2024-12-09,88.6715,-0.012842735493754143
120716,2024-12-11,88.9141,0.0027359410859184585
120716,2024-12-12,93.1888,0.048076739234834465
120716,2025-01-01,91.6873,-0.016112451281699136
120716,2025-01-04,83.5536,-0.08871130461906929
120716,2025-01-05,80.9118,-0.03161802723042462
120716,2025-01-07,82.9562,0.02526701914924634
120716,2025-01-08,88.8986,0.07163298222435466
120716,2025-01-09,94.0035,0.05742385144422979
120716,2025-01-10,93.3967,-0.00645507880025753
120716,2025-01-12,93.5473,0.0016124766720881922
120716,2025-02-01,92.7667,-0.008344441795754776
120716,2025-02-04,83.8965,-0.09561836305484617
120716,2025-02-05,81.7502,-0.025582712032087063
120716,2025-02-06,82.6886,0.011478870999703794
120716,2025-02-07,83.2491,0.006778443461372019
120716,2025-02-09,93.8173,0.12694671774229405
120716,2025-02-10,93.7697,-0.0005073691099616306
120716,2025-02-12,93.005,-0.008155086344522888
120716,2025-03-01,93.5949,0.006342669748938157
120716,2025-03-02,89.9681,-0.03874997462468566
120716,2025-03-03,84.6951,-0.05860966275824442
120716,2025-03-04,82.8696,-0.02155378528391838
120716,2025-03-06,84.5534,0.020318669331093497
120716,2025-03-07,83.0584,-0.017681134052563108
120716,2025-03-09,94.9628,0.14332566001752967
120716,2025-03-10,93.0473,-0.020171056455791092
120716,2025-03-11,95.2241,0.023394553092889403
120716,2025-03-12,91.2638,-0.04158926154198361
120716,2025-04-02,90.233,-0.011294730221621307
120716,2025-04-03,84.4529,-0.06405749559473817
120716,2025-04-04,83.5268,-0.010965875653766832
120716,2025-04-06,84.444,0.010980906726942852
120716,2025-04-07,83.7606,-0.008092937331249161
120716,2025-04-08,90.7165,0.08304501161644029
120716,2025-04-09,95.3533,0.05111308306647633
120716,2025-04-11,93.9773,-0.014430544092338793
120716,2025-04-12,92.9368,-0.011071822663558106
120716,2025-05-02,90.4172,-0.02711089686754886
120716,2025-05-03,83.25,-0.07926810385634586
120716,2025-05-05,83.4383,0.002261861861861947
120716,2025-05-06,84.834,0.01672733025481099
120716,2025-05-08,90.0189,0.061118183747082444
120716,2025-05-09,96.7099,0.0743288353890128
120716,2025-05-11,93.9396,-0.02864546442504856
120716,2025-05-12,95.2699,0.0141612270011795
120716,2025-06-01,93.6156,-0.017364351174925186
120716,2025-06-02,88.7183,-0.05231286238618349
120716,2025-06-03,83.8534,-0.054835360912010356
120716,2025-06-05,83.8691,0.00018723152549582345
120716,2025-06-06,83.8664,-3.2193024606219645e-05
120716,2025-06-08,89.396,0.06593343699026066
120716,2025-06-10,93.0758,0.04116291556669194
120716,2025-06-11,93.604,0.005674944507594759
120716,2025-07-01,93.0444,-0.005978376992436307
120716,2025-07-02,86.8261,-0.06683153419227805
120716,2025-07-03,83.2387,-0.041317069406549445
120716,2025-07-04,83.4475,0.0025084485942237222
120716,2025-07-05,82.8121,-0.00761436831540796
120716,2025-07-07,82.2453,-0.006844410418284319
120716,2025-07-08,91.0717,0.10731798655971847
120716,2025-07-10,92.8501,0.01952747121224263
120716,2025-07-11,91.6866,-0.012530950424393672
120716,2025-08-01,91.5793,-0.001170290969454535
120716,2025-08-04,83.6995,-0.08604346178667022
120716,2025-08-05,82.7262,-0.011628504351877789
120716,2025-08-07,81.9238,-0.009699466432641746
120716,2025-08-08,90.6264,0.10622798258869826
120716,2025-08-09,97.15,0.07198343970410392
120716,2025-08-10,93.4369,-0.03822027792074123
120716,2025-08-12,97.0766,0.038953561173369566
120716,2025-09-01,93.1812,-0.040127074907856275
120716,2025-09-04,82.7563,-0.11187771782290856
120716,2025-09-05,81.6531,-0.013330707148579646
120716,2025-09-06,83.756,0.025754074248252712
120716,2025-09-07,82.2522,-0.017954534600506222
120716,2025-09-09,95.6801,0.16325277621753576
120716,2025-09-10,92.1561,-0.03683106518492352
120716,2025-09-12,96.7291,0.04962232559754609
120716,2025-10-01,93.8853,-0.029399632582128854
120716,2025-10-02,87.1735,-0.07148935988914129
120716,2025-10-03,81.1221,-0.06941788502239787
120716,2025-10-04,82.9527,0.02256598386876063
120716,2025-10-06,83.5936,0.007726089687255522
120716,2025-10-07,82.816,-0.009302147532825433
120716,2025-10-09,92.8289,0.120905380602782
120716,2025-10-10,92.1651,-0.0071507903249958815
120716,2025-10-11,90.9684,-0.012984307509024462
120716,2025-10-12,95.4324,0.04907198543670099
120716,2025-11-02,87.3544,-0.08464630460933609
120716,2025-11-03,80.7972,-0.07506433562590997
120716,2025-11-04,82.5681,0.02191783873698583
120716,2025-11-06,83.8166,0.01512085175751876
120716,2025-11-07,84.3369,0.006207600880971054
120716,2025-11-08,92.4084,0.09570543854469404
120716,2025-11-09,93.0364,0.006795918985719851
120716,2025-11-11,90.809,-0.023941167113086914
120716,2025-11-12,94.2549,0.03794667929390272
120716,2025-12-02,86.9474,-0.077529125806722
120716,2025-12-03,81.7849,-0.05937497843523798
120716,2025-12-05,82.3197,0.00653910440680372
120716,2025-12-06,84.189,0.02270780870192679
120716,2025-12-08,93.4389,0.10987064818444225
120716,2025-12-09,92.8394,-0.006415957379635295
120716,2025-12-11,90.7246,-0.022779121795272306
120716,2025-12-12,92.393,0.0183897200979668
120716,2026-01-01,100.304,0.08562336973580242
120716,2026-01-04,118.6619,0.18302261126176433
120716,2026-01-05,121.6036,0.024790602543866225
120716,2026-02-01,101.8133,-0.1627443595419873
120716,2026-02-02,110.2354,0.08272101974889323
120716,2026-02-03,117.0732,0.062029075959265434
120716,2026-02-04,120.7058,0.031028450576220612
120716,2026-03-02,112.4187,-0.06865535873172623
120716,2026-03-03,116.8547,0.03945962726841712
120716,2026-03-04,122.4854,0.04818548162803893
120716,2026-04-02,113.4531,-0.07374185004906697
120716,2026-04-03,118.3801,0.043427636618126764
120716,2026-04-05,121.5195,0.026519659976634635
120716,2026-05-01,102.0491,-0.16022449071959644
120716,2026-05-02,113.3909,0.11114061760466298
120716,2026-05-03,117.5654,0.036815123612212286
120716,2026-05-05,121.0077,0.02927987315996039
120716,2026-06-01,100.5485,-0.16907353829549687
120716,2026-06-02,115.3161,0.14687041576950421
120716,2026-06-03,118.7417,0.029706172858776858
120716,2026-06-04,121.7447,0.0252901887037158
120716,2026-06-05,120.7485,-0.008182697070180378
120716,2026-07-01,99.1102,-0.17920139794697243
120716,2026-07-04,121.6505,0.2274266422628548
120716,2026-07-05,121.2867,-0.0029905343586750233
120716,2026-08-01,99.2824,-0.18142384944103518
120716,2026-08-04,122.6848,0.23571549438772643
120716,2026-08-05,121.0922,-0.012981233209003795
120716,2026-09-01,98.7315,-0.1846584668541823
120716,2026-09-02,112.3347,0.1377797359505326
120716,2026-09-03,118.7929,0.057490695217061294
120716,2026-09-04,124.3123,0.04646237275123344
120716,2026-10-02,110.4681,-0.11136629279644883
120716,2026-10-03,118.5938,0.07355698160826507
120716,2026-10-04,125.7689,0.06050147646841575
120716,2026-11-02,111.4214,-0.11407828167376832
120716,2026-11-03,119.0013,0.06802912187425392
120716,2026-11-05,121.0506,0.0172208202767532
120716,2026-12-01,98.3718,-0.18734975291324463
120716,2026-12-02,111.4904,0.13335732394852995
120716,2026-12-03,118.4963,0.06283859417492454
120716,2026-12-05,118.6222,0.0010624804318783987
120717,2022-01-02,95.8634,
120717,2022-01-03,95.0504,-0.00848081749656282
120717,2022-01-04,97.6451,0.027298149192428456
120717,2022-01-06,96.636,-0.010334363936336799
120717,2022-01-07,108.6519,0.12434186017633175
120717,2022-01-08,110.5459,0.01743181665483995
120717,2022-01-09,105.1738,-0.048596103518990796
120717,2022-01-11,98.7474,-0.061102670056611075
120717,2022-01-12,99.3403,0.006004208718406678
120717,2022-02-02,96.8846,-0.024720078356920583
120717,2022-02-03,93.8169,-0.03166344290011003
120717,2022-02-05,92.9081,-0.009686954056252084
120717,2022-02-06,99.0948,0.06658945775449077
120717,2022-02-08,106.815,0.07790721612032114
120717,2022-02-09,105.9321,-0.008265693020643061
120717,2022-02-11,98.5749,-0.069452035785187
120717,2022-02-12,98.0379,-0.005447634235489995
120717,2022-03-01,83.5394,-0.14788668463930776
120717,2022-03-02,95.3619,0.14152004922228323
120717,2022-03-03,93.4827,-0.019705983207130018
120717,2022-03-05,92.6912,-0.008466807227433537
120717,2022-03-06,97.8502,0.05565792653455781
120717,2022-03-08,107.2647,0.0962133955781388
120717,2022-03-10,107.3878,0.001147628250486754
120717,2022-03-11,97.2201,-0.09468207747993718
120717,2022-04-01,84.467,-0.13117760627689135
120717,2022-04-02,96.5876,0.14349509275811845
120717,2022-04-03,95.4124,-0.01216719330431637
120717,2022-04-04,93.6167,-0.018820404894961396
120717,2022-04-05,92.9609,-0.007005160404073174
120717,2022-04-07,106.8413,0.14931438916791917
120717,2022-04-08,108.5434,0.01593110529355224
120717,2022-04-10,107.1643,-0.012705516871592493
120717,2022-04-11,99.4547,-0.07194186870067731
120717,2022-05-01,86.1148,-0.1341304131428681
120717,2022-05-04,93.63,0.087269551807587
120717,2022-05-05,92.9981,-0.006748905265406391
120717,2022-05-07,105.807,0.1377329214252765
120717,2022-05-08,107.0551,0.01179600593533503
120717,2022-05-09,105.3394,-0.016026326629931642
120717,2022-05-10,106.0375,0.006627149955287459
120717,2022-05-12,97.869,-0.07703406813627245
120717,2022-06-01,85.659,-0.12475860589154886
120717,2022-06-04,92.6353,0.08144269720636466
120717,2022-06-05,94.0707,0.015495173006402574
120717,2022-06-06,99.998,0.06300899217290823
120717,2022-06-07,107.446,0.07448148962979251
120717,2022-06-09,105.13,-0.02155501368129109
120717,2022-06-10,103.5453,-0.015073718253590829
120717,2022-06-12,99.9614,-0.034611904161753304
120717,2022-07-01,87.1395,-0.12826851164549513
120717,2022-07-02,96.6608,0.10926502906259494
120717,2022-07-03,95.0729,-0.01642754870640417
120717,2022-07-04,95.0283,-0.0004691137011704205
120717,2022-07-06,100.3496,0.0559970029980541
120717,2022-07-07,107.2997,0.06925887098702943
120717,2022-07-09,104.6154,-0.025016845340667393
120717,2022-07-10,104.6945,0.0007561028299849504
120717,2022-07-11,100.8901,-0.036338107541465936
120717,2022-07-12,99.342,-0.015344419323600644
120717,2022-08-02,98.6428,-0.007038312093575749
120717,2022-08-03,97.646,-0.010105147055841868
120717,2022-08-04,94.2413,-0.03486778772299948
120717,2022-08-06,102.3431,0.08596867827587285
120717,2022-08-07,105.4088,0.029955121547031505
120717,2022-08-08,106.7005,0.01225419509566561
120717,2022-08-09,107.0539,0.0033120744513848166
120717,2022-08-11,99.0544,-0.07472404088034157
120717,2022-08-12,100.8306,0.01793156083929648
120717,2022-09-02,100.3811,-0.004457972083871331
120717,2022-09-03,99.7917,-0.005871623243817736
120717,2022-09-05,94.805,-0.049971089780011746
120717,2022-09-06,105.3138,0.11084647434207051
120717,2022-09-08,104.9045,-0.0038864802143688815
120717,2022-09-09,109.1335,0.04031285597853285
120717,2022-09-11,99.1603,-0.09138532164734015
120717,2022-09-12,99.6614,0.005053433682633113
120717,2022-10-01,90.0864,-0.09607531100305633
120717,2022-10-02,102.592,0.1388178459789713
120717,2022-10-03,98.9745,-0.035261033998752245
120717,2022-10-05,92.7077,-0.06331731910744687
120717,2022-10-06,103.5773,0.11724592455642835
120717,2022-10-08,100.9127,-0.025725714031935465
120717,2022-10-10,104.478,0.035330538178048876
120717,2022-10-11,99.4242,-0.04837190604720609
120717,2022-11-01,90.221,-0.09256498920785883
120717,2022-11-02,104.8914,0.1626051584442647
120717,2022-11-03,97.3744,-0.07166459786026314
120717,2022-11-04,92.7367,-0.04762750784600467
120717,2022-11-05,90.8659,-0.020173243171258015
120717,2022-11-07,103.1059,0.1347039978693878
120717,2022-11-08,102.5177,-0.005704814176492379
120717,2022-11-10,104.7978,0.022241037401346198
120717,2022-11-11,98.9584,-0.055720635356849124
120717,2022-12-01,91.3283,-0.07710411647722681
120717,2022-12-04,93.4897,0.023666267739572477
120717,2022-12-05,90.4074,-0.03296940732508502
120717,2022-12-07,103.2328,0.14186228118494726
120717,2022-12-08,102.5632,-0.006486310552460073
120717,2022-12-09,107.1626,0.04484454463199272
120717,2022-12-10,103.4341,-0.034792922157543704
120717,2022-12-12,100.8455,-0.025026562806656605
120717,2023-01-02,87.1999,-0.13531193756786375
120717,2023-01-03,89.6806,0.028448427119755815
120717,2023-01-05,84.6494,-0.0561013195719029
120717,2023-01-06,90.539,0.06957639392600545
120717,2023-01-08,106.0572,0.17139796109963656
120717,2023-01-09,112.3011,0.05887294780552388
120717,2023-01-11,111.8606,-0.003922490518792787
120717,2023-01-12,110.9503,-0.008137807235076622
120717,2023-02-01,92.1385,-0.16955159201912928
120717,2023-02-02,87.598,-0.0492790744368532
120717,2023-02-03,91.9049,0.049166647640357164
120717,2023-02-05,85.3698,-0.07110719885446803
120717,2023-02-06,90.9277,0.06510381891488559
120717,2023-02-08,105.9849,0.1655953026415493
120717,2023-02-10,109.6648,0.03472098383826383
120717,2023-02-11,114.3588,0.04280316017537089
120717,2023-03-01,91.3898,-0.20085030622916655
120717,2023-03-02,86.6746,-0.05159437924144705
120717,2023-03-03,93.3136,0.07659683459744837
120717,2023-03-04,92.7187,-0.006375276487028625
120717,2023-03-05,85.3068,-0.07993964540055032
120717,2023-03-07,104.141,0.22078193063155593
120717,2023-03-08,106.1648,0.019433268357323286
120717,2023-03-10,112.1512,0.05638780462074067
120717,2023-03-11,118.128,0.053292341053863046
120717,2023-04-01,90.4331,-0.2344482256535284
120717,2023-04-04,92.1646,0.019146750470790064
120717,2023-04-05,85.3905,-0.07350002061529037
120717,2023-04-07,105.5368,0.2359313975208015
120717,2023-04-08,106.2359,0.006624229652595126
120717,2023-04-09,112.1036,0.05523274147439805
120717,2023-04-10,109.2906,-0.025092860532578865
120717,2023-04-12,111.7936,0.022902244108825354
120717,2023-05-01,87.1937,-0.22004748035665722
120717,2023-05-04,90.3689,0.03641547497124198
120717,2023-05-05,86.8263,-0.0392015394676708
120717,2023-05-06,93.4072,0.07579385508768666
120717,2023-05-07,103.9997,0.11340132238200051
120717,2023-05-09,111.2528,0.06974154733138649
120717,2023-05-10,110.7546,-0.004478089540218333
120717,2023-05-12,111.4859,0.006602886020084187
120717,2023-06-01,87.4227,-0.2158407475743569
120717,2023-06-02,83.9573,-0.03963959017509189
120717,2023-06-03,93.4496,0.11306104412600204
120717,2023-06-04,88.7637,-0.05014360682121699
120717,2023-06-06,94.0182,0.05919649586486364
120717,2023-06-07,103.4138,0.09993384259643356
120717,2023-06-09,112.8712,0.09145201124027946
120717,2023-06-10,108.9882,-0.0344020440998235
120717,2023-06-11,118.2977,0.08541750391326763
120717,2023-06-12,110.6466,-0.06467665897139163
120717,2023-07-02,84.3854,-0.2373430362975455
120717,2023-07-03,91.6624,0.08623529662714158
120717,2023-07-04,87.0881,-0.04990377733945439
120717,2023-07-06,94.9469,0.09023965386775012
120717,2023-07-07,103.7911,0.09314890744194915
120717,2023-07-08,107.3665,0.03444804034257265
120717,2023-07-09,109.1356,0.016477206577470538
120717,2023-07-11,119.3338,0.09344521860877664
120717,2023-07-12,110.3479,-0.07530054351742754
120717,2023-08-02,84.6156,-0.23319247579700197
120717,2023-08-03,91.9223,0.08635168928660919
120717,2023-08-05,87.8622,-0.04416882519258114
120717,2023-08-06,96.6529,0.1000509889349459
120717,2023-08-08,107.0731,0.10781052611975417
120717,2023-08-09,106.8277,-0.0022918921745984644
120717,2023-08-11,118.571,0.10992748135549113
120717,2023-08-12,113.7732,-0.040463519747661714
120717,2023-09-01,88.6921,-0.22044822506530537
120717,2023-09-02,85.315,-0.03807667199220677
120717,2023-09-03,92.322,0.08213092656625443
120717,2023-09-05,90.4382,-0.020404670609388997
120717,2023-09-06,95.3026,0.05378700593333363
120717,2023-09-08,108.0309,0.1335566920524729
120717,2023-09-10,110.4416,0.02231491175210043
120717,2023-09-11,120.2006,0.08836344276069896
120717,2023-10-01,90.089,-0.25051122872930753
120717,2023-10-02,84.4964,-0.06207861115119495
120717,2023-10-03,93.3501,0.10478197887720664
120717,2023-10-04,87.7558,-0.05992816290502101
120717,2023-10-05,90.6921,0.03345989666779858
120717,2023-10-07,102.8584,0.13414950144499915
120717,2023-10-08,107.8506,0.04853468457607746
120717,2023-10-10,109.71,0.017240516047198673
120717,2023-10-11,118.0691,0.07619268981861271
120717,2023-11-01,88.9573,-0.2465657822410775
120717,2023-11-04,89.7439,0.008842444633548885
120717,2023-11-05,89.7972,0.000593912232474958
120717,2023-11-07,103.8004,0.15594250154793232
120717,2023-11-08,110.8543,0.06795638552452599
120717,2023-11-09,106.7091,-0.03739322696548519
120717,2023-11-10,108.4254,0.016083914117914766
120717,2023-11-12,113.1186,0.04328506051165126
120717,2023-12-01,87.3316,-0.2279642782000485
120717,2023-12-04,89.0282,0.019427103133344614
120717,2023-12-05,89.5883,0.006291265014905401
120717,2023-12-06,95.1143,0.061682161621551046
120717,2023-12-07,104.9741,0.10366264589026053
120717,2023-12-09,109.2456,0.040690989491693585
120717,2023-12-10,107.4877,-0.016091265918261155
120717,2023-12-12,111.4088,0.03647952277330324
120717,2024-01-01,114.274,0.025717896611398672
120717,2024-01-02,117.9519,0.0321849239547054
120717,2024-01-03,130.6707,0.1078303952712929
120717,2024-01-04,122.5204,-0.0623728196144967
120717,2024-01-05,132.5919,0.0822026372750988
120717,2024-01-07,131.3392,-0.009447786780338752
120717,2024-01-08,121.8113,-0.07254422137488281
120717,2024-01-10,139.7483,0.14725234850953894
120717,2024-01-11,143.2863,0.025316944821511367
120717,2024-02-01,114.6858,-0.19960387001409075
120717,2024-02-02,120.8653,0.0538819975969127
120717,2024-02-04,121.6285,0.006314467427789516
120717,2024-02-05,133.5384,0.0979203065071097
120717,2024-02-07,133.6408,0.0007668206298714342
120717,2024-02-08,124.36,-0.06944585785179391
120717,2024-02-09,136.8331,0.10029832743647482
120717,2024-02-10,143.0229,0.0452361307315261
120717,2024-02-12,151.611,0.06004702743406831
120717,2024-03-01,117.0325,-0.22807382050115088
120717,2024-03-04,122.6326,0.047850810672249056
120717,2024-03-05,135.3505,0.1037073339389365
120717,2024-03-06,127.426,-0.05854799206504602
120717,2024-03-07,132.4702,0.03958532795504843
120717,2024-03-09,134.0107,0.011629030529130446
120717,2024-03-10,138.9732,0.0370306251664978
120717,2024-03-12,153.7305,0.10618809957603337
120717,2024-04-01,116.4953,-0.2422108820305665
120717,2024-04-03,131.9807,0.13292725114232096
120717,2024-04-04,123.3577,-0.06533531039007989
120717,2024-04-06,127.0777,0.03015620427423671
120717,2024-04-07,131.3064,0.03327649146939238
120717,2024-04-09,133.0727,0.013451743403215755
120717,2024-04-10,140.41,0.05513753008693745
120717,2024-04-11,138.7431,-0.011871661562566804
120717,2024-04-12,154.0791,0.11053522661667503
120717,2024-05-01,117.998,-0.23417257759163967
120717,2024-05-02,122.5457,0.038540483737012465
120717,2024-05-03,131.9909,0.07707491980542791
120717,2024-05-04,124.3832,-0.057638064442321446
120717,2024-05-06,124.5659,0.00146884788299384
120717,2024-05-07,133.2561,0.06976387598853306
120717,2024-05-08,124.4524,-0.06606601874135598
120717,2024-05-09,134.5585,0.08120454085256701
120717,2024-05-11,140.8901,0.04705462679800965
120717,2024-05-12,151.7526,0.07709910064653247
120717,2024-06-02,125.105,-0.17559896832080635
120717,2024-06-03,131.9932,0.05505935014587737
120717,2024-06-05,133.2437,0.009473972901634209
120717,2024-06-06,123.0615,-0.07641787191439442
120717,2024-06-08,125.4504,0.01941224509696382
120717,2024-06-09,132.2622,0.05429875074132884
120717,2024-06-11,137.7855,0.0417602308142464
120717,2024-06-12,150.4356,0.09181009612767665
120717,2024-07-02,124.1761,-0.17455642148533979
120717,2024-07-03,132.2284,0.06484581171417036
120717,2024-07-05,133.026,0.006031987076906553
120717,2024-07-06,123.8808,-0.06874746290198919
120717,2024-07-08,126.5226,0.021325338551252626
120717,2024-07-10,137.7584,0.08880468785813767
120717,2024-07-11,138.0759,0.002304759637161924
120717,2024-08-01,115.5165,-0.16338405181498006
120717,2024-08-02,125.014,0.08221769184488803
120717,2024-08-03,131.9195,0.05523781336490319
120717,2024-08-04,123.6194,-0.06291791585019657
120717,2024-08-05,133.6931,0.08148963673986431
120717,2024-08-07,131.3018,-0.01788648778433588
120717,2024-08-08,126.6925,-0.03510462156649785
120717,2024-08-10,135.841,0.07221027290486814
120717,2024-08-11,138.8346,0.022037529170132686
120717,2024-09-01,113.0726,-0.18555893127505685
120717,2024-09-02,125.4466,0.10943411578048101
120717,2024-09-04,124.1235,-0.01054711725945534
120717,2024-09-05,132.1633,0.06477258536860453
120717,2024-09-07,133.5098,0.01018815359483316
120717,2024-09-08,126.6137,-0.05165238806439687
120717,2024-09-09,136.5759,0.07868184880467122
120717,2024-09-10,131.8138,-0.034867791462476205
120717,2024-09-12,151.8538,0.15203263998154992
120717,2024-10-01,112.3103,-0.2604050738275895
120717,2024-10-04,124.2998,0.10675334319292173
120717,2024-10-05,130.4865,0.04977240510443304
120717,2024-10-06,123.9604,-0.050013602939767754
120717,2024-10-07,134.246,0.08297488552795884
120717,2024-10-09,136.6737,0.018083965257810197
120717,2024-10-10,130.7941,-0.04301924949716007
120717,2024-10-12,157.5076,0.2042408640756732
120717,2024-11-01,114.789,-0.2712161190952055
120717,2024-11-03,128.6481,0.12073543632229566
120717,2024-11-04,123.78,-0.03784043448756724
120717,2024-11-06,123.4483,-0.002679754402972967
120717,2024-11-07,135.3557,0.09645657331854718
120717,2024-11-09,136.8422,0.010982175113423143
120717,2024-11-10,133.8235,-0.022059715497120047
120717,2024-11-11,139.5841,0.043046251218956444
120717,2024-11-12,156.7814,0.12320386061163124
120717,2024-12-01,114.965,-0.2667178632159172
120717,2024-12-02,127.6319,0.11018048971426087
120717,2024-12-03,127.2298,-0.003150466301919841
120717,2024-12-04,124.2975,-0.023047273516110245
120717,2024-12-06,121.8223,-0.019913513948389916
120717,2024-12-07,134.9021,0.10736786286254651
120717,2024-12-08,128.6608,-0.04626540283657554
120717,2024-12-09,135.5422,0.05348482210587857
120717,2024-12-11,139.0612,0.02596239399980238
120717,2024-12-12,157.9318,0.13569996519518024
120717,2025-01-01,140.2682,-0.11184321333638947
120717,2025-01-04,170.0156,0.212075153170854
120717,2025-01-05,172.1831,0.012748830107354836
120717,2025-01-07,173.1974,0.005890822037702748
120717,2025-01-08,178.3656,0.02983993986052913
120717,2025-01-09,181.1356,0.01552990038437918
120717,2025-01-10,184.8745,0.02064144210193919
120717,2025-01-12,165.9967,-0.10211143235005371
120717,2025-02-01,140.2467,-0.15512356570943875
120717,2025-02-04,169.2225,0.2066059308347361
120717,2025-02-05,173.6771,0.026323922646220188
120717,2025-02-06,163.298,-0.059760901120527676
120717,2025-02-07,173.2407,0.06088684490930696
120717,2025-02-09,183.3724,0.05848337024729178
120717,2025-02-10,184.1483,0.004231280170843732
120717,2025-02-12,164.6561,-0.10585055631792417
120717,2025-03-01,140.6805,-0.14561015352604623
120717,2025-03-02,160.5581,0.14129605737824358
120717,2025-03-03,169.9146,0.058274855021328786
120717,2025-03-04,167.9071,-0.011814758708198037
120717,2025-03-06,166.4951,-0.008409412109434355
120717,2025-03-07,172.4153,0.0355578032026167
120717,2025-03-09,182.6377,0.05928940181062803
120717,2025-03-10,185.9379,0.018069653746187297
120717,2025-03-11,175.7364,-0.054865092054928066
120717,2025-03-12,164.4449,-0.06425248269567385
120717,2025-04-02,161.3519,-0.01880873167851349
120717,2025-04-03,168.0313,0.041396475653525
120717,2025-04-04,168.1244,0.0005540634393712551
120717,2025-04-06,163.4361,-0.02788589877495473
120717,2025-04-07,173.1115,0.05919989524958069
120717,2025-04-08,178.6247,0.03184768198530996
120717,2025-04-09,182.5451,0.02194769256435425
120717,2025-04-11,175.7481,-0.03723463407125138
120717,2025-04-12,165.7633,-0.05681313197696025
120717,2025-05-02,161.6619,-0.024742509349174324
120717,2025-05-03,167.1294,0.033820584813119225
120717,2025-05-05,171.2483,0.02464497568949575
120717,2025-05-06,164.3335,-0.04037879500117669
120717,2025-05-08,179.364,0.09146339608174858
120717,2025-05-09,180.3566,0.005533997903704124
120717,2025-05-11,170.8955,-0.05245774205102549
120717,2025-05-12,160.4337,-0.06121752767041855
120717,2025-06-01,144.7509,-0.09775252954958957
120717,2025-06-02,162.6843,0.12389145766969323
120717,2025-06-03,165.9001,0.019767119506922226
120717,2025-06-05,170.8472,0.02981975297181849
120717,2025-06-06,162.9479,-0.046236051863887684
120717,2025-06-08,177.8563,0.09149182039167125
120717,2025-06-10,189.1242,0.06335395485006723
120717,2025-06-11,176.6111,-0.06616339950149164
120717,2025-07-01,140.6625,-0.20354666269560628
120717,2025-07-02,170.0372,0.20883106727095013
120717,2025-07-03,167.8038,-0.013134772861468025
120717,2025-07-04,171.5637,0.022406524762848212
120717,2025-07-05,171.7625,0.0011587532793939648
120717,2025-07-07,176.1882,0.025766392547849515
120717,2025-07-08,174.7559,-0.008129375293010499
120717,2025-07-10,188.9216,0.08105992415706709
120717,2025-07-11,179.8806,-0.04785583014329764
120717,2025-08-01,140.6594,-0.21804018888084642
120717,2025-08-04,171.2663,0.21759583788925596
120717,2025-08-05,169.2809,-0.011592473241962997
120717,2025-08-07,173.2569,0.023487587790471443
120717,2025-08-08,176.4806,0.01860647397015658
120717,2025-08-09,182.832,0.03598922487797518
120717,2025-08-10,187.5609,0.02586472827513786
120717,2025-08-12,161.4624,-0.13914680511769772
120717,2025-09-01,140.0639,-0.1325293071328062
120717,2025-09-04,171.1255,0.2217673504736053
120717,2025-09-05,166.0348,-0.029748342590671717
120717,2025-09-06,163.3688,-0.016056874823832112
120717,2025-09-07,174.6131,0.0688277076161421
120717,2025-09-09,184.4765,0.05648717077928289
120717,2025-09-10,191.4324,0.037706157694882725
120717,2025-09-12,162.2918,-0.15222397044596425
120717,2025-10-01,142.1226,-0.12427738185170167
120717,2025-10-02,167.2357,0.176700257383414
120717,2025-10-03,168.7606,0.00911826840800134
120717,2025-10-04,175.7741,0.04155887096869759
120717,2025-10-06,166.0317,-0.055425685581664164
120717,2025-10-07,175.1513,0.054926860352571216
120717,2025-10-09,183.1452,0.04563996955774807
120717,2025-10-10,189.6489,0.03551116818786415
120717,2025-10-11,176.5034,-0.06931492879737244
120717,2025-10-12,162.5243,-0.07920017404763868
120717,2025-11-02,165.1995,0.01646030778166696
120717,2025-11-03,170.6088,0.03274404583548973
120717,2025-11-04,178.1722,0.0443318281354772
120717,2025-11-06,171.4197,-0.03789872943141526
120717,2025-11-07,175.6429,0.024636608277811556
120717,2025-11-08,175.8446,0.0011483527088200773
120717,2025-11-09,180.3737,0.02575626433794387
120717,2025-11-11,175.6779,-0.026033728864019667
120717,2025-11-12,162.2415,-0.07648315468251832
120717,2025-12-02,161.8611,-0.002344652878579212
120717,2025-12-03,167.7246,0.036225504460305924
120717,2025-12-05,167.3428,-0.00227635063669851
120717,2025-12-06,173.4371,0.03641805921736685
120717,2025-12-08,176.3842,0.01699232747780033
120717,2025-12-09,176.8892,0.0028630682340027303
120717,2025-12-11,175.1438,-0.009867193700915489
120717,2025-12-12,156.0777,-0.10885969129366846
120717,2026-01-01,177.7354,0.13876229595900003
120717,2026-01-04,189.7323,0.06749865249128773
120717,2026-01-05,213.1653,0.12350559182595688
120717,2026-02-01,175.7163,-0.1756805633937607
120717,2026-02-02,190.293,0.08295587831066342
120717,2026-02-03,182.2187,-0.04243088290163066
120717,2026-02-04,187.2,0.027336930841894702
120717,2026-03-02,187.4478,0.001323717948717995
120717,2026-03-03,182.4375,-0.026729041365116002
120717,2026-03-04,187.0902,0.02550298047276467
120717,2026-04-02,184.2267,-0.015305451595006181
120717,2026-04-03,180.6143,-0.01960844980667842
120717,2026-04-05,216.5686,0.19906674056262452
120717,2026-05-01,176.7361,-0.18392555522822795
120717,2026-05-02,190.114,0.07569421301024537
120717,2026-05-03,176.5265,-0.07147027572929932
120717,2026-05-05,220.9605,0.2517129156245663
120717,2026-06-01,178.7663,-0.19095811242280858
120717,2026-06-02,191.072,0.0688367997771393
120717,2026-06-03,178.9596,-0.06339181041701558
120717,2026-06-04,184.8422,0.032871106104394476
120717,2026-06-05,217.3658,0.1759533266754021
120717,2026-07-01,177.486,-0.18346860453668434
120717,2026-07-04,184.7613,0.04099083871403941
120717,2026-07-05,214.9179,0.16321924558876777
120717,2026-08-01,177.8089,-0.17266593429397925
120717,2026-08-04,187.739,0.05584703577829919
120717,2026-08-05,218.6169,0.16447248573817896
120717,2026-09-01,180.3262,-0.1751497711293134
120717,2026-09-02,188.7797,0.04687893384322406
120717,2026-09-03,180.2926,-0.044957694074098
120717,2026-09-04,189.6718,0.052022101849992675
120717,2026-10-02,191.1865,0.00798589985438003
120717,2026-10-03,181.15,-0.05249586137096496
120717,2026-10-04,196.8342,0.08658128622688377
120717,2026-11-02,187.9028,-0.045375244749134014
120717,2026-11-03,182.4002,-0.029284289536930852
120717,2026-11-05,216.786,0.18851843364206822
120717,2026-12-01,178.4951,-0.17662994842840407
120717,2026-12-02,184.9076,0.03592535593414037
120717,2026-12-03,180.616,-0.023209430007203546
120717,2026-12-05,211.947,0.17346746689108383
120841,2022-01-02,241.5742,
120841,2022-01-03,234.2197,-0.030444062321224763
120841,2022-01-04,250.0557,0.06761173376961893
120841,2022-01-06,211.1185,-0.15571410689698328
120841,2022-01-07,196.8235,-0.06771078801715635
120841,2022-01-08,183.9286,-0.06551504266512898
120841,2022-01-09,177.5079,-0.03490865477147098
120841,2022-01-11,188.5272,0.06207780048099254
120841,2022-01-12,206.727,0.09653673316105049
120841,2022-02-02,243.7051,0.178874070634218
120841,2022-02-03,235.1612,-0.035058355364742
120841,2022-02-05,243.9178,0.03723658494683635
120841,2022-02-06,210.451,-0.13720523881405955
120841,2022-02-08,178.4443,-0.15208623385015985
120841,2022-02-09,173.855,-0.025718389435807176
120841,2022-02-11,191.3808,0.10080699433435902
120841,2022-02-12,205.8427,0.07556609649452817
120841,2022-03-01,248.574,0.20759201079270717
120841,2022-03-02,241.3697,-0.028982516272820225
120841,2022-03-03,235.6606,-0.023652927438696736
120841,2022-03-05,238.4525,0.011847122514327735
120841,2022-03-06,208.9511,-0.12372023778320629
120841,2022-03-08,178.1992,-0.14717271170144597
120841,2022-03-10,179.5222,0.007424275754324361
120841,2022-03-11,192.2431,0.07085975996283467
120841,2022-04-01,245.0076,0.2744675881735157
120841,2022-04-02,242.3704,-0.010763747736804885
120841,2022-04-03,234.9612,-0.030569739539151652
120841,2022-04-04,252.2211,0.07345851144784765
120841,2022-04-05,242.6929,-0.03777717248874102
120841,2022-04-07,191.2349,-0.2120292765054107
120841,2022-04-08,180.5464,-0.05589199460977057
120841,2022-04-10,178.308,-0.012397920977654575
120841,2022-04-11,190.9634,0.07097494223478473
120841,2022-05-01,249.2075,0.3050013772272593
120841,2022-05-04,249.8686,0.0026528094058162477
120841,2022-05-05,239.2267,-0.04258998529627167
120841,2022-05-07,194.5164,-0.18689510828013756
120841,2022-05-08,178.6913,-0.08135612215730903
120841,2022-05-09,172.1376,-0.036676100067546735
120841,2022-05-10,180.8829,0.050804124142546536
120841,2022-05-12,207.2636,0.1458440792357929
120841,2022-06-01,245.2646,0.18334623156212682
120841,2022-06-04,250.5093,0.021383844223748616
120841,2022-06-05,237.637,-0.05138451945696221
120841,2022-06-06,212.1628,-0.10719795318069159
120841,2022-06-07,196.1732,-0.07536476705624173
120841,2022-06-09,173.6039,-0.11504782508517986
120841,2022-06-10,177.3465,0.02155827144436251
120841,2022-06-12,208.1189,0.17351568821487873
120841,2022-07-01,244.7987,0.17624444488222846
120841,2022-07-02,238.6902,-0.024953155388488524
120841,2022-07-03,234.7675,-0.01643427338030634
120841,2022-07-04,246.8649,0.051529278967489045
120841,2022-07-06,215.3848,-0.1275195461161145
120841,2022-07-07,192.7293,-0.10518615984043445
120841,2022-07-09,174.0293,-0.09702728126963567
120841,2022-07-10,174.2452,0.001240595692794333
120841,2022-07-11,193.2852,0.10927130273889896
120841,2022-07-12,205.7194,0.06433084374799525
120841,2022-08-02,240.0925,0.16708730435729446
120841,2022-08-03,243.6017,0.014616033403792361
120841,2022-08-04,246.1902,0.010625952117739867
120841,2022-08-06,214.6164,-0.128249621634005
120841,2022-08-07,189.3959,-0.11751431857024897
120841,2022-08-08,177.9398,-0.060487581832552983
120841,2022-08-09,176.5739,-0.00767619161087052
120841,2022-08-11,193.3739,0.09514429935568036
120841,2022-08-12,207.0927,0.070944424247533
120841,2022-09-02,239.1749,0.15491709751237015
120841,2022-09-03,242.9566,0.01581144175245819
120841,2022-09-05,238.7658,-0.017249171251161766
120841,2022-09-06,210.0929,-0.12008796904749353
120841,2022-09-08,177.6437,-0.15445167352157063
120841,2022-09-09,177.5078,-0.0007650144643462919
120841,2022-09-11,195.0525,0.09883903693246165
120841,2022-09-12,209.3318,0.07320746978377612
120841,2022-10-01,241.8471,0.1553290040022588
120841,2022-10-02,239.3664,-0.010257307199466159
120841,2022-10-03,244.5532,0.02166887249004046
120841,2022-10-05,235.4449,-0.03724465678633526
120841,2022-10-06,208.7587,-0.11334371651286557
120841,2022-10-08,171.5427,-0.17827280970805048
120841,2022-10-10,174.6092,0.01787601570920816
120841,2022-10-11,190.0992,0.08871239316141422
120841,2022-11-01,243.6114,0.28149618725381287
120841,2022-11-02,241.4789,-0.00875369543461424
120841,2022-11-03,242.7576,0.005295286668938637
120841,2022-11-04,246.4006,0.015006739232880761
120841,2022-11-05,231.3311,-0.06115853613992828
120841,2022-11-07,193.2818,-0.16447982999259503
120841,2022-11-08,175.0604,-0.09427374952013079
120841,2022-11-10,174.741,-0.0018245131394648562
120841,2022-11-11,191.2043,0.09421543884949712
120841,2022-12-01,242.7522,0.2695959243594417
120841,2022-12-04,247.3057,0.018757811463706586
120841,2022-12-05,225.5392,-0.08801455041270789
120841,2022-12-07,191.6585,-0.1502208928647436
120841,2022-12-08,173.2456,-0.09607139782477692
120841,2022-12-09,175.5286,0.013177823852380754
120841,2022-12-10,173.317,-0.012599656124415048
120841,2022-12-12,209.8568,0.21082640479583636
120841,2023-01-02,206.8233,-0.014455095093416137
120841,2023-01-03,217.6195,0.05220011478397257
120841,2023-01-05,251.2442,0.15451142935260864
120841,2023-01-06,245.8821,-0.021342184217585936
120841,2023-01-08,248.6025,0.011063839132657405
120841,2023-01-09,247.7255,-0.003527719954545816
120841,2023-01-11,244.8962,-0.011421109251974482
120841,2023-01-12,243.2318,-0.006796348820439002
120841,2023-02-01,198.6989,-0.1830883132879828
120841,2023-02-02,204.7056,0.03023016232097908
120841,2023-02-03,219.9486,0.07446303374211549
120841,2023-02-05,247.9102,0.12712788351460302
120841,2023-02-06,244.9775,-0.011829686717206522
120841,2023-02-08,244.9818,1.7552632384676414e-05
120841,2023-02-10,249.1672,0.01708453444296687
120841,2023-02-11,247.4436,-0.006917443387412181
120841,2023-03-01,199.8531,-0.1923286761104348
120841,2023-03-02,201.2928,0.007203791184624997
120841,2023-03-03,220.9482,0.09764581743609324
120841,2023-03-04,250.4442,0.13349735367837345
120841,2023-03-05,248.282,-0.0086334600681508
120841,2023-03-07,251.0837,0.011284346025889791
120841,2023-03-08,240.5868,-0.041806377713885734
120841,2023-03-10,248.0849,0.031165882750009644
120841,2023-03-11,245.6793,-0.009696680450926198
120841,2023-04-01,200.4217,-0.184214136070886
120841,2023-04-04,246.715,0.23097947976691158
120841,2023-04-05,249.088,0.00961838558660788
120841,2023-04-07,251.0583,0.007910055883864286
120841,2023-04-08,245.2549,-0.023115746422245342
120841,2023-04-09,245.611,0.0014519587580106297
120841,2023-04-10,248.5811,0.012092699431214493
120841,2023-04-12,241.6784,-0.027768402344345522
120841,2023-05-01,203.1435,-0.1594470171930964
120841,2023-05-04,244.175,0.2019828347941235
120841,2023-05-05,247.0538,0.011789904781406735
120841,2023-05-06,244.7512,-0.009320237130535869
120841,2023-05-07,251.1213,0.026026838683528286
120841,2023-05-09,246.95,-0.016610697698681842
120841,2023-05-10,248.5042,0.0062935816966998015
120841,2023-05-12,240.7494,-0.031205911207939252
120841,2023-06-01,204.4026,-0.1509735849808972
120841,2023-06-02,201.5509,-0.013951388093889183
120841,2023-06-03,225.0254,0.11646933851448926
120841,2023-06-04,240.3686,0.06818430274982279
120841,2023-06-06,245.2953,0.02049643755465569
120841,2023-06-07,253.2935,0.032606413575800186
120841,2023-06-09,250.5198,-0.010950537617427925
120841,2023-06-10,246.6487,-0.015452271636812842
120841,2023-06-11,246.6484,-1.216304809203983e-06
120841,2023-06-12,248.4786,0.007420279231489024
120841,2023-07-02,203.7277,-0.18009961421225007
120841,2023-07-03,225.3279,0.10602485572654086
120841,2023-07-04,244.3323,0.08434108692265796
120841,2023-07-06,243.1632,-0.004784876989247899
120841,2023-07-07,255.2031,0.04951365996170476
120841,2023-07-08,243.5649,-0.04560367801174836
120841,2023-07-09,250.5632,0.028732793600391604
120841,2023-07-11,245.6833,-0.019475725086525064
120841,2023-07-12,249.4905,0.015496372769333577
120841,2023-08-02,199.6756,-0.19966652036851096
120841,2023-08-03,228.2025,0.1428662290234759
120841,2023-08-05,245.4222,0.07545798139810045
120841,2023-08-06,243.8865,-0.00625738013920496
120841,2023-08-08,246.9946,0.01274404282319841
120841,2023-08-09,254.5203,0.030469087178424115
120841,2023-08-11,245.2513,-0.036417527403511674
120841,2023-08-12,248.4461,0.013026638390907674
120841,2023-09-01,202.3819,-0.1854092296075487
120841,2023-09-02,201.7309,-0.0032166908206712197
120841,2023-09-03,235.5402,0.16759604007120377
120841,2023-09-05,246.2118,0.04530691576215018
120841,2023-09-06,248.475,0.009192085838290343
120841,2023-09-08,246.6493,-0.007347620484958184
120841,2023-09-10,249.6716,0.012253430275293686
120841,2023-09-11,238.0399,-0.04658799799416524
120841,2023-10-01,207.7638,-0.12718918130951995
120841,2023-10-02,203.8002,-0.019077433123576015
120841,2023-10-03,237.3367,0.16455577570581403
120841,2023-10-04,248.9828,0.04906994999087799
120841,2023-10-05,242.9738,-0.02413419722165544
120841,2023-10-07,254.6438,0.04802986988720592
120841,2023-10-08,246.2809,-0.03284156142815964
120841,2023-10-10,250.1612,0.01575558640560426
120841,2023-10-11,237.5136,-0.05055780033034707
120841,2023-11-01,208.3418,-0.12282159842636375
120841,2023-11-04,250.0516,0.20019890391654482
120841,2023-11-05,244.1035,-0.02378749026200999
120841,2023-11-07,254.9529,0.04444590102149304
120841,2023-11-08,247.6874,-0.028497420503944104
120841,2023-11-09,257.9426,0.041403801727500245
120841,2023-11-10,248.8432,-0.03527684066144965
120841,2023-11-12,241.9832,-0.027567560616484577
120841,2023-12-01,208.0672,-0.1401584903414782
120841,2023-12-04,253.8288,0.2199366358561079
120841,2023-12-05,241.5906,-0.04821438701991265
120841,2023-12-06,246.2668,0.01935588553528156
120841,2023-12-07,253.9302,0.03111828309784359
120841,2023-12-09,254.7269,0.003137476361614322
120841,2023-12-10,245.0595,-0.037952018416586464
120841,2023-12-12,246.1277,0.004358941399945637
120841,2024-01-01,251.5471,0.02201865129361713
120841,2024-01-02,262.6271,0.04404741696485459
120841,2024-01-03,256.7722,-0.022293586610064198
120841,2024-01-04,272.9018,0.0628167691050665
120841,2024-01-05,266.814,-0.022307657919441892
120841,2024-01-07,266.2727,-0.00202875411335246
120841,2024-01-08,267.5859,0.004931786097485791
120841,2024-01-10,219.4931,-0.1797284535545407
120841,2024-01-11,212.3616,-0.03249077078049378
120841,2024-02-01,253.8995,0.1955998636288292
120841,2024-02-02,258.9921,0.020057542452820876
120841,2024-02-04,275.2873,0.06291774922864457
120841,2024-02-05,260.5882,-0.05339548900367019
120841,2024-02-07,263.7915,0.012292575028339803
120841,2024-02-08,265.9384,0.008138624633470037
120841,2024-02-09,245.2036,-0.07796843178721091
120841,2024-02-10,218.3197,-0.10963909175884845
120841,2024-02-12,228.2273,0.045381154334675156
120841,2024-03-01,253.7335,0.11175788347844451
120841,2024-03-04,273.9417,0.07964340538399561
120841,2024-03-05,256.0175,-0.06543071025696356
120841,2024-03-06,283.6835,0.10806292538595996
120841,2024-03-07,262.7527,-0.07378222561410863
120841,2024-03-09,243.0599,-0.07494804049587311
120841,2024-03-10,219.8083,-0.09566201582408285
120841,2024-03-12,230.7463,0.04976154221655871
120841,2024-04-01,250.5535,0.08583972960779884
120841,2024-04-03,259.0949,0.0340901244644356
120841,2024-04-04,274.522,0.059542275822488167
120841,2024-04-06,278.9145,0.016000539118904866
120841,2024-04-07,264.4609,-0.05182089851908023
120841,2024-04-09,241.8239,-0.08559677441920521
120841,2024-04-10,218.1572,-0.09786749779488302
120841,2024-04-11,212.7325,-0.024866014048585128
120841,2024-04-12,228.7414,0.0752536636386072
120841,2024-05-01,249.4537,0.09054897801622275
120841,2024-05-02,261.2181,0.04716065546432069
120841,2024-05-03,266.4393,0.019987895172654646
120841,2024-05-04,274.4969,0.03024178490185192
120841,2024-05-06,277.3158,0.010269332731990932
120841,2024-05-07,266.2347,-0.039958415640219735
120841,2024-05-08,267.6846,0.005445946752996589
120841,2024-05-09,235.3953,-0.12062442142730656
120841,2024-05-11,210.5137,-0.10570134577878143
120841,2024-05-12,228.0043,0.08308532888833353
120841,2024-06-02,258.4231,0.13341327334616038
120841,2024-06-03,264.8681,0.024939720945999166
120841,2024-06-05,258.8926,-0.022560285666714863
120841,2024-06-06,277.0195,0.07001706499142868
120841,2024-06-08,265.1891,-0.04270601889036696
120841,2024-06-09,236.4503,-0.1083709699983898
120841,2024-06-11,213.0285,-0.09905591153828097
120841,2024-06-12,228.5048,0.07264896480987271
120841,2024-07-02,255.0227,0.11604964097034287
120841,2024-07-03,268.03,0.05100447920910556
120841,2024-07-05,262.5035,-0.02061896056411594
120841,2024-07-06,278.605,0.06133822977598413
120841,2024-07-08,270.0845,-0.03058272464600431
120841,2024-07-10,218.3538,-0.19153524174841574
120841,2024-07-11,214.8206,-0.01618107859812834
120841,2024-08-01,249.819,0.16291919862434034
120841,2024-08-02,254.0763,0.017041538073565343
120841,2024-08-03,267.8094,0.05405108622882171
120841,2024-08-04,271.5706,0.01404431659232297
120841,2024-08-05,261.0069,-0.03889854056366937
120841,2024-08-07,270.6259,0.03685343184413914
120841,2024-08-08,274.5905,0.014649743428104989
120841,2024-08-10,217.6275,-0.20744708939311451
120841,2024-08-11,212.2722,-0.024607643795016676
120841,2024-09-01,252.6601,0.1902646696081729
120841,2024-09-02,252.4046,-0.0010112400018840173
120841,2024-09-04,271.3224,0.07495029805320508
120841,2024-09-05,263.2643,-0.029699353978882792
120841,2024-09-07,270.4806,0.027410856694204178
120841,2024-09-08,273.1766,0.00996744313640252
120841,2024-09-09,235.7825,-0.13688617546305215
120841,2024-09-10,218.0632,-0.07515103962338177
120841,2024-09-12,226.678,0.039505978083417936
120841,2024-10-01,252.2173,0.11266774896549281
120841,2024-10-04,270.9768,0.074378323770812
120841,2024-10-05,267.7748,-0.011816509752864413
120841,2024-10-06,282.9695,0.056744323961776644
120841,2024-10-07,271.597,-0.04018984378175039
120841,2024-10-09,238.6336,-0.12136879273335122
120841,2024-10-10,211.9316,-0.11189539109329116
120841,2024-10-12,231.3834,0.09178338671533637
120841,2024-11-01,248.6711,0.07471452143930812
120841,2024-11-03,271.8937,0.09338680691081525
120841,2024-11-04,270.5619,-0.004898237803965477
120841,2024-11-06,283.014,0.04602310968395784
120841,2024-11-07,270.2925,-0.044950073141257985
120841,2024-11-09,235.5956,-0.1283679717343249
120841,2024-11-10,207.3737,-0.11978958860012656
120841,2024-11-11,213.3393,0.028767389500211404
120841,2024-11-12,231.8883,0.08694600572890221
120841,2024-12-01,248.9523,0.07358715381500502
120841,2024-12-02,251.847,0.011627528647053964
120841,2024-12-03,271.9909,0.07998467323414604
120841,2024-12-04,270.7868,-0.004426986344028383
120841,2024-12-06,278.3112,0.027787174264033432
120841,2024-12-07,271.0044,-0.02625406379621087
120841,2024-12-08,271.2387,0.0008645616085938279
120841,2024-12-09,233.9513,-0.13747079601841472
120841,2024-12-11,215.9884,-0.07678050944790638
120841,2024-12-12,224.4702,0.039269701521007505
120841,2025-01-01,234.551,0.04490930199197929
120841,2025-01-04,236.7474,0.00936427472063639
120841,2025-01-05,244.0799,0.030971829046485766
120841,2025-01-07,232.1244,-0.04898191125119278
120841,2025-01-08,224.5733,-0.03253040180179256
120841,2025-01-09,205.3382,-0.08565176715130418
120841,2025-01-10,223.0725,0.08636629716243727
120841,2025-01-12,227.0082,0.017643142924385513
120841,2025-02-01,238.1898,0.049256370474722866
120841,2025-02-04,235.1272,-0.012857813390833694
120841,2025-02-05,243.53,0.03573725200657352
120841,2025-02-06,220.9532,-0.09270644273806095
120841,2025-02-07,234.6362,0.061927141132149144
120841,2025-02-09,204.4119,-0.12881345674708333
120841,2025-02-10,220.376,0.07809770370511693
120841,2025-02-12,227.2017,0.030972973463534892
120841,2025-03-01,236.3372,0.04020876604356394
120841,2025-03-02,216.6662,-0.08323277080374991
120841,2025-03-03,247.3782,0.14174799761107182
120841,2025-03-04,230.2519,-0.0692312418798422
120841,2025-03-06,225.8164,-0.01926368468620676
120841,2025-03-07,227.1184,0.0057657459777058495
120841,2025-03-09,204.5833,-0.09922181558165255
120841,2025-03-10,225.1927,0.10073842781888831
120841,2025-03-11,219.1984,-0.02661853603602604
120841,2025-03-12,221.2578,0.009395141570376575
120841,2025-04-02,216.4826,-0.02158206399955176
120841,2025-04-03,245.6832,0.13488659134729541
120841,2025-04-04,235.1658,-0.04280878790246956
120841,2025-04-06,223.6052,-0.049159359056461405
120841,2025-04-07,225.2583,0.007392940772396939
120841,2025-04-08,225.0606,-0.000877659114003726
120841,2025-04-09,208.2652,-0.07462612291978254
120841,2025-04-11,217.2813,0.043291438031893836
120841,2025-04-12,218.2558,0.004484969484258361
120841,2025-05-02,219.469,0.005558615166240788
120841,2025-05-03,242.8224,0.10640864996878818
120841,2025-05-05,236.6889,-0.02525920178698504
120841,2025-05-06,221.9096,-0.06244188045996235
120841,2025-05-08,223.7685,0.008376834530817945
120841,2025-05-09,207.633,-0.07210800447784194
120841,2025-05-11,216.6893,0.043616862444794346
120841,2025-05-12,215.4812,-0.005575263753217152
120841,2025-06-01,238.7699,0.10807764204023362
120841,2025-06-02,221.3725,-0.07286261794304894
120841,2025-06-03,243.671,0.1007284102587267
120841,2025-06-05,237.3426,-0.025971083961571106
120841,2025-06-06,219.4043,-0.0755797737110826
120841,2025-06-08,221.3844,0.009024891490276188
120841,2025-06-10,229.838,0.038185165711766444
120841,2025-06-11,217.7379,-0.05264621167953076
120841,2025-07-01,236.1527,0.08457324149814993
120841,2025-07-02,225.1966,-0.04639413396501513
120841,2025-07-03,238.5376,0.05924156936650027
120841,2025-07-04,231.6327,-0.028946799162899217
120841,2025-07-05,238.4901,0.029604628362057683
120841,2025-07-07,222.8618,-0.06553018343319084
120841,2025-07-08,216.8205,-0.027107830951737744
120841,2025-07-10,227.5037,0.04927209373652408
120841,2025-07-11,212.7628,-0.06479411104083144
120841,2025-08-01,238.2311,0.11970278638935006
120841,2025-08-04,231.8994,-0.026577974076432476
120841,2025-08-05,238.4853,0.028399814747256613
120841,2025-08-07,219.6098,-0.07914743592162699
120841,2025-08-08,215.1094,-0.020492710252456914
120841,2025-08-09,210.3988,-0.02189862460682801
120841,2025-08-10,228.0082,0.08369534427002434
120841,2025-08-12,217.7038,-0.045193111475815284
120841,2025-09-01,236.8614,0.08799846396801536
120841,2025-09-04,234.5434,-0.009786313852742645
120841,2025-09-05,236.7195,0.009278027009073986
120841,2025-09-06,224.2381,-0.05272653921624537
120841,2025-09-07,219.1422,-0.022725397691114924
120841,2025-09-09,214.1008,-0.023005153731230243
120841,2025-09-10,226.2489,0.056740096253727224
120841,2025-09-12,220.0803,-0.027264662944217588
120841,2025-10-01,234.0596,0.06351908826005781
120841,2025-10-02,224.4794,-0.040930600582073984
120841,2025-10-03,237.8208,0.05943262499810675
120841,2025-10-04,235.8359,-0.008346200164157103
120841,2025-10-06,225.8268,-0.042440951526039994
120841,2025-10-07,220.2552,-0.024672005271296316
120841,2025-10-09,217.8822,-0.010773865951859474
120841,2025-10-10,228.0203,0.046530189249052833
120841,2025-10-11,206.7695,-0.09319696535790889
120841,2025-10-12,221.0351,0.06899276730852466
120841,2025-11-02,228.2065,0.03244462078647237
120841,2025-11-03,238.6271,0.04566302887954543
120841,2025-11-04,235.7732,-0.011959664262776615
120841,2025-11-06,223.3904,-0.05251996410109383
120841,2025-11-07,222.2115,-0.005277308246012358
120841,2025-11-08,216.4275,-0.02602925591159766
120841,2025-11-09,218.7248,0.010614640006468612
120841,2025-11-11,207.7214,-0.05030705251530687
120841,2025-11-12,223.3204,0.07509577732482065
120841,2025-12-02,227.7798,0.019968619078239103
120841,2025-12-03,237.9615,0.04469974949490685
120841,2025-12-05,231.0041,-0.02923750270526959
120841,2025-12-06,226.4564,-0.019686663570040452
120841,2025-12-08,214.6993,-0.05191772014392182
120841,2025-12-09,213.6701,-0.004793681209021239
120841,2025-12-11,209.0413,-0.02166330244615411
120841,2025-12-12,222.981,0.06668395192720289
120841,2026-01-01,225.4548,0.011094218789941879
120841,2026-01-04,207.5411,-0.07945583771115095
120841,2026-01-05,203.968,-0.017216348954496308
120841,2026-02-01,225.0146,0.1031857938500158
120841,2026-02-02,213.0738,-0.05306677877791044
120841,2026-02-03,203.1808,-0.04642992240247279
120841,2026-02-04,206.095,0.014342890666834585
120841,2026-03-02,208.1466,0.009954632572357403
120841,2026-03-03,205.5351,-0.012546445630147285
120841,2026-03-04,208.4099,0.013986905399612892
120841,2026-04-02,204.5407,-0.018565336867394477
120841,2026-04-03,201.2608,-0.016035439401546947
120841,2026-04-05,204.5175,0.01618149187521878
120841,2026-05-01,228.894,0.11919028933954312
120841,2026-05-02,204.6269,-0.10601894326631545
120841,2026-05-03,199.9552,-0.022830331691483408
120841,2026-05-05,204.5009,0.02273359232468075
120841,2026-06-01,233.2246,0.14045757255836033
120841,2026-06-02,203.3842,-0.1279470518976129
120841,2026-06-03,199.4261,-0.019461197084139292
120841,2026-06-04,206.4383,0.03516189706362405
120841,2026-06-05,202.804,-0.017604775857968158
120841,2026-07-01,237.7303,0.17221701741582995
120841,2026-07-04,211.1052,-0.11199708240809014
120841,2026-07-05,202.4353,-0.04106909730314545
120841,2026-08-01,237.0324,0.17090448158004046
120841,2026-08-04,216.0979,-0.0883191496183644
120841,2026-08-05,202.9644,-0.060775694719846896
120841,2026-09-01,240.6397,0.1856251638218327
120841,2026-09-02,208.3375,-0.134234708570531
120841,2026-09-03,197.9932,-0.0496516469670607
120841,2026-09-04,216.861,0.09529519195608738
120841,2026-10-02,213.0161,-0.017729790049847538
120841,2026-10-03,196.7398,-0.07640877849139094
120841,2026-10-04,216.9286,0.10261675573523998
120841,2026-11-02,210.8934,-0.027821135617894455
120841,2026-11-03,201.2457,-0.04574680857722435
120841,2026-11-05,201.071,-0.0008680930822373423
120841,2026-12-01,238.0077,0.18369978763720285
120841,2026-12-02,212.3982,-0.10759946001747
120841,2026-12-03,199.2814,-0.06175570226113036
120841,2026-12-05,197.5995,-0.008439824288669073
120846,2022-01-02,71.1489,
120846,2022-01-03,81.9171,0.15134738555339577
120846,2022-01-04,89.9506,0.09806865721564839
120846,2022-01-06,88.4699,-0.016461257623628933
120846,2022-01-07,89.8368,0.015450452639824475
120846,2022-01-08,89.2688,-0.006322576049013318
120846,2022-01-09,96.4818,0.08080090692380781
120846,2022-01-11,101.3189,0.050134844084583685
120846,2022-01-12,103.6547,0.023053941564703084
120846,2022-02-02,71.1442,-0.313642314337893
120846,2022-02-03,82.135,0.15448624062116112
120846,2022-02-05,94.1361,0.14611432397881519
120846,2022-02-06,87.6171,-0.06925079751551222
120846,2022-02-08,89.7793,0.02467783115396438
120846,2022-02-09,96.9085,0.07940805954156471
120846,2022-02-11,102.0546,0.05310266901252203
120846,2022-02-12,104.5397,0.024350690708698997
120846,2022-03-01,66.1577,-0.3671523832572696
120846,2022-03-02,71.9874,0.08811823869330393
120846,2022-03-03,82.1984,0.14184426719120302
120846,2022-03-05,95.3899,0.16048365904932438
120846,2022-03-06,89.3991,-0.06280329468843127
120846,2022-03-08,92.2221,0.03157749910233987
120846,2022-03-10,94.3927,0.023536657699184893
120846,2022-03-11,101.4683,0.07495918646251232
120846,2022-04-01,64.4683,-0.36464590418879594
120846,2022-04-02,74.2386,0.1515520030774815
120846,2022-04-03,84.4367,0.13736923918285093
120846,2022-04-04,92.0415,0.09006510202317242
120846,2022-04-05,94.4887,0.02658800649706916
120846,2022-04-07,90.1287,-0.04614308377615528
120846,2022-04-08,94.7991,0.051819231831813806
120846,2022-04-10,95.0298,0.0024335674072855085
120846,2022-04-11,101.3161,0.06615082847696208
120846,2022-05-01,66.8618,-0.3400673732999987
120846,2022-05-04,93.0795,0.39211777128345315
120846,2022-05-05,93.7107,0.006781299856574385
120846,2022-05-07,87.7529,-0.06357651794298846
120846,2022-05-08,94.0284,0.07151330611296047
120846,2022-05-09,96.4761,0.02603149686690398
120846,2022-05-10,94.5277,-0.02019567540561862
120846,2022-05-12,103.2398,0.09216451897168776
120846,2022-06-01,66.4258,-0.3565872851361588
120846,2022-06-04,93.5322,0.4080703582041918
120846,2022-06-05,93.1082,-0.004533198192708032
120846,2022-06-06,88.2913,-0.051734433701865035
120846,2022-06-07,86.8054,-0.016829517744103906
120846,2022-06-09,97.7985,0.12664073894020422
120846,2022-06-10,94.8457,-0.030192692116954856
120846,2022-06-12,102.3825,0.07946380278705312
120846,2022-07-01,67.2026,-0.3436124337655361
120846,2022-07-02,75.7307,0.12690134012672116
120846,2022-07-03,84.0117,0.10934799229374614
120846,2022-07-04,94.5141,0.12501115915997407
120846,2022-07-06,90.2119,-0.04551913418209552
120846,2022-07-07,86.464,-0.041545516722295006
120846,2022-07-09,98.336,0.13730569948186533
120846,2022-07-10,95.0456,-0.03346078750406778
120846,2022-07-11,100.8819,0.06140526231619359
120846,2022-07-12,104.4206,0.03507765020286091
120846,2022-08-02,77.0786,-0.26184488501311043
120846,2022-08-03,84.0165,0.09001071633371649
120846,2022-08-04,95.5166,0.13687906542167316
120846,2022-08-06,92.4543,-0.032060395784606954
120846,2022-08-07,86.7768,-0.06140871760426514
120846,2022-08-08,94.4325,0.08822288906712394
120846,2022-08-09,97.9201,0.03693220024885502
120846,2022-08-11,99.5483,0.01662784249607574
120846,2022-08-12,103.2582,0.037267336559238196
120846,2022-09-02,76.7625,-0.25659657053870777
120846,2022-09-03,85.9028,0.11907246376811598
120846,2022-09-05,94.1408,0.09589908594364793
120846,2022-09-06,89.795,-0.04616276895883609
120846,2022-09-08,92.4552,0.029625257531042948
120846,2022-09-09,98.3092,0.0633171525236007
120846,2022-09-11,98.2721,-0.00037738075378512814
120846,2022-09-12,103.5032,0.05323077455351033
120846,2022-10-01,67.2006,-0.35073891435240656
120846,2022-10-02,77.0653,0.14679482028434276
120846,2022-10-03,86.1352,0.11769110092350266
120846,2022-10-05,95.5425,0.1092155123573173
120846,2022-10-06,89.9643,-0.05838448857838141
120846,2022-10-08,93.6451,0.0409140070005547
120846,2022-10-10,94.7734,0.012048681671545047
120846,2022-10-11,99.8364,0.05342216275874878
120846,2022-11-01,66.4247,-0.33466451114022533
120846,2022-11-02,75.5799,0.13782824762475387
120846,2022-11-03,87.6474,0.15966546661215486
120846,2022-11-04,94.2352,0.07516252621298514
120846,2022-11-05,95.4498,0.012889026605769294
120846,2022-11-07,86.3014,-0.09584514582534476
120846,2022-11-08,95.8739,0.1109194057106837
120846,2022-11-10,94.5211,-0.014110201003609935
120846,2022-11-11,97.1486,0.02779802604921011
120846,2022-12-01,65.5392,-0.32537164714674227
120846,2022-12-04,94.5548,0.44272130267076815
120846,2022-12-05,95.3814,0.008742020500281278
120846,2022-12-07,85.0017,-0.10882310387559835
120846,2022-12-08,95.979,0.12914212303989214
120846,2022-12-09,100.2975,0.04499421748507482
120846,2022-12-10,97.7377,-0.025522071836286964
120846,2022-12-12,102.34,0.04708827811581395
120846,2023-01-02,100.7018,-0.016007426226304466
120846,2023-01-03,93.3984,-0.07252501941375433
120846,2023-01-05,83.6693,-0.10416773734881957
120846,2023-01-06,95.4127,0.14035494500372292
120846,2023-01-08,95.4849,0.0007567126808065705
120846,2023-01-09,109.8762,0.15071807165321438
120846,2023-01-11,130.3411,0.18625416605233913
120846,2023-01-12,132.2581,0.01470756346233082
120846,2023-02-01,102.1199,-0.22787413398498846
120846,2023-02-02,99.8156,-0.02256465194345081
120846,2023-02-03,92.8519,-0.06976564785464401
120846,2023-02-05,82.2943,-0.11370365065227517
120846,2023-02-06,98.4462,0.1962699725254362
120846,2023-02-08,97.1984,-0.012674943268506045
120846,2023-02-10,122.4812,0.26011539284597274
120846,2023-02-11,131.8482,0.07647704300741665
120846,2023-03-01,101.0655,-0.23347076410599454
120846,2023-03-02,98.9841,-0.020594564910874635
120846,2023-03-03,91.8715,-0.07185598495111845
120846,2023-03-04,91.0731,-0.00869039909003333
120846,2023-03-05,85.2894,-0.06350612859340454
120846,2023-03-07,97.5549,0.14381036799414693
120846,2023-03-08,97.0238,-0.005444114032201464
120846,2023-03-10,124.0877,0.27894083719664664
120846,2023-03-11,132.4585,0.06745874087439763
120846,2023-04-01,99.7957,-0.24658893162764184
120846,2023-04-04,91.3195,-0.08493552327404885
120846,2023-04-05,86.2567,-0.05544051380044801
120846,2023-04-07,97.8774,0.13472228823963817
120846,2023-04-08,98.1138,0.0024152664455738826
120846,2023-04-09,111.1274,0.13263781445627432
120846,2023-04-10,126.4368,0.13776440373841203
120846,2023-04-12,132.6085,0.04881252926363211
120846,2023-05-01,98.7307,-0.2554723113525905
120846,2023-05-04,89.498,-0.09351397285747998
120846,2023-05-05,86.5439,-0.03300744150707291
120846,2023-05-06,96.5832,0.11600239878258334
120846,2023-05-07,97.4529,0.009004671619909033
120846,2023-05-09,111.7652,0.146863767009499
120846,2023-05-10,128.4289,0.1490956039983824
120846,2023-05-12,131.1695,0.021339433725586776
120846,2023-06-01,98.7024,-0.2475201933376281
120846,2023-06-02,98.2707,-0.0043737538296940714
120846,2023-06-03,95.0563,-0.03270964794185871
120846,2023-06-04,89.9283,-0.05394697668644788
120846,2023-06-06,98.7451,0.09804255167728071
120846,2023-06-07,99.1361,0.003959690151713824
120846,2023-06-09,111.3666,0.12337080034417336
120846,2023-06-10,128.735,0.15595699249146522
120846,2023-06-11,129.3768,0.004985435196333432
120846,2023-06-12,134.1381,0.03680180681544143
120846,2023-07-02,100.3433,-0.2519403510262931
120846,2023-07-03,97.6975,-0.026367480439650648
120846,2023-07-04,87.3033,-0.10639166815936962
120846,2023-07-06,100.5942,0.1522382315445121
120846,2023-07-07,97.5052,-0.030707535822144805
120846,2023-07-08,97.5841,0.0008091876125582154
120846,2023-07-09,113.0828,0.15882402973435217
120846,2023-07-11,132.2056,0.1691044084511526
120846,2023-07-12,131.2942,-0.006893807826597431
120846,2023-08-02,98.4838,-0.24989984325278636
120846,2023-08-03,98.4316,-0.0005300364120799372
120846,2023-08-05,86.3513,-0.12272786381609169
120846,2023-08-06,103.5127,0.19873933571353297
120846,2023-08-08,97.6826,-0.056322557521927274
120846,2023-08-09,113.251,0.15937741214914447
120846,2023-08-11,132.5864,0.17073050127592682
120846,2023-08-12,130.7005,-0.014223932469695222
120846,2023-09-01,99.6105,-0.2378720815911186
120846,2023-09-02,97.5464,-0.020721711064596526
120846,2023-09-03,100.1623,0.0268169814570296
120846,2023-09-05,86.0741,-0.14065371901404022
120846,2023-09-06,101.0985,0.1745519267700737
120846,2023-09-08,97.2019,-0.038542609435352704
120846,2023-09-10,127.4506,0.3111945342632192
120846,2023-09-11,131.8649,0.034635380296365925
120846,2023-10-01,100.6612,-0.23663385783479918
120846,2023-10-02,96.7733,-0.03862362062045743
120846,2023-10-03,96.8681,0.000979609045056673
120846,2023-10-04,88.2554,-0.08891162312464063
120846,2023-10-05,87.6241,-0.0071531033795099175
120846,2023-10-07,97.2243,0.10956118236877765
120846,2023-10-08,98.368,0.011763520025343421
120846,2023-10-10,127.3589,0.2947188109954457
120846,2023-10-11,131.1832,0.030027740503411948
120846,2023-11-01,99.2861,-0.24314927521206975
120846,2023-11-04,89.2585,-0.1009970177094277
120846,2023-11-05,87.0231,-0.025044113445778282
120846,2023-11-07,97.4738,0.12009110224756414
120846,2023-11-08,100.5316,0.03137048109338103
120846,2023-11-09,112.5178,0.11922818297928206
120846,2023-11-10,128.2987,0.14025247560830367
120846,2023-11-12,129.4011,0.008592448715380785
120846,2023-12-01,97.8619,-0.24373208573961125
120846,2023-12-04,91.1231,-0.06886030211961969
120846,2023-12-05,87.8197,-0.036252059027842565
120846,2023-12-06,99.8315,0.13677796667490338
120846,2023-12-07,96.8772,-0.0295928639757993
120846,2023-12-09,112.2692,0.15888155314150287
120846,2023-12-10,130.1107,0.15891713844936994
120846,2023-12-12,127.2152,-0.022254126678282526
120846,2024-01-01,129.1411,0.015138914217797783
120846,2024-01-02,124.5675,-0.03541552611833099
120846,2024-01-03,119.7953,-0.038310153129829216
120846,2024-01-04,140.7792,0.17516463500654877
120846,2024-01-05,137.2332,-0.025188380101605845
120846,2024-01-07,136.3603,-0.006360705718441384
120846,2024-01-08,134.0267,-0.01711348537660884
120846,2024-01-10,129.8518,-0.031149763442657408
120846,2024-01-11,139.5792,0.07491155301659269
120846,2024-02-01,128.2891,-0.08088669371940804
120846,2024-02-02,122.3578,-0.04623385774785227
120846,2024-02-04,139.0581,0.13648741641317508
120846,2024-02-05,135.544,-0.025270732161592813
120846,2024-02-07,136.7352,0.00878829014932414
120846,2024-02-08,132.3704,-0.03192155348439907
120846,2024-02-09,123.1494,-0.06966058877211212
120846,2024-02-10,129.0134,0.04761695956293721
120846,2024-02-12,144.6392,0.12111765134474406
120846,2024-03-01,131.7464,-0.08913766115963029
120846,2024-03-04,137.9109,0.04679065234420077
120846,2024-03-05,137.9261,0.00011021608879357991
120846,2024-03-06,126.6518,-0.08174159930571512
120846,2024-03-07,136.6111,0.0786352819304581
120846,2024-03-09,122.0055,-0.10691371345373835
120846,2024-03-10,131.6616,0.07914479265279017
120846,2024-03-12,141.21,0.07252228440183028
120846,2024-04-01,131.3037,-0.07015296367112822
120846,2024-04-03,122.0046,-0.07082130968129607
120846,2024-04-04,138.1928,0.13268516105130468
120846,2024-04-06,125.2663,-0.09353960553661267
120846,2024-04-07,138.3244,0.10424272130652845
120846,2024-04-09,126.3077,-0.08687332097590883
120846,2024-04-10,133.5811,0.05758477115805283
120846,2024-04-11,140.3323,0.05054008388911324
120846,2024-04-12,144.4415,0.02928192582890743
120846,2024-05-01,125.8248,-0.12888747347542084
120846,2024-05-02,121.9678,-0.030653734398942034
120846,2024-05-03,120.9433,-0.008399757968906574
120846,2024-05-04,136.9632,0.1324579369010106
120846,2024-05-06,128.0475,-0.06509558771991297
120846,2024-05-07,137.008,0.06997793787461681
120846,2024-05-08,133.4132,-0.026237883919187355
120846,2024-05-09,127.4762,-0.0445008439944472
120846,2024-05-11,143.2674,0.12387567247847042
120846,2024-05-12,143.9641,0.004862934624345838
120846,2024-06-02,120.7776,-0.16105751364402654
120846,2024-06-03,120.3889,-0.0032183120048751013
120846,2024-06-05,138.6352,0.15156131503818027
120846,2024-06-06,128.5801,-0.07252919893360421
120846,2024-06-08,135.0276,0.05014384029877106
120846,2024-06-09,128.8328,-0.045878027899481366
120846,2024-06-11,143.4227,0.11324678187542303
120846,2024-06-12,141.5558,-0.0130167679174914
120846,2024-07-02,117.5308,-0.1697210569966049
120846,2024-07-03,123.0682,0.04711445850789753
120846,2024-07-05,137.5311,0.11751939168688574
120846,2024-07-06,129.0146,-0.061924175695533656
120846,2024-07-08,132.9557,0.03054770545349128
120846,2024-07-10,134.658,0.01280351274898317
120846,2024-07-11,143.9491,0.06899775728140911
120846,2024-08-01,125.5047,-0.12813140200251327
120846,2024-08-02,119.4531,-0.04821811454073033
120846,2024-08-03,121.0582,0.013437072792585436
120846,2024-08-04,134.7565,0.11315466445065248
120846,2024-08-05,135.8288,0.007957315602586945
120846,2024-08-07,132.5625,-0.024047182924387123
120846,2024-08-08,131.6146,-0.007150589344648739
120846,2024-08-10,135.0357,0.025993316850866144
120846,2024-08-11,146.5752,0.0854551796302756
120846,2024-09-01,125.8215,-0.14159080117236744
120846,2024-09-02,118.266,-0.06004935563476821
120846,2024-09-04,137.2524,0.16053980011161273
120846,2024-09-05,134.8466,-0.017528290944274882
120846,2024-09-07,133.5651,-0.009503391260884508
120846,2024-09-08,133.1742,-0.0029266627285120528
120846,2024-09-09,131.1638,-0.015096017096404624
120846,2024-09-10,135.7496,0.03496239053763284
120846,2024-09-12,141.1014,0.039424057234791254
120846,2024-10-01,120.945,-0.14285046073249463
120846,2024-10-04,136.1992,0.1261250981851254
120846,2024-10-05,134.015,-0.01603680491515369
120846,2024-10-06,133.2053,-0.006041860985710468
120846,2024-10-07,135.611,0.018060092203538325
120846,2024-10-09,131.2629,-0.032063033234767
120846,2024-10-10,138.2346,0.05311249408629548
120846,2024-10-12,139.6425,0.010184859651635847
120846,2024-11-01,123.4255,-0.11613226632293183
120846,2024-11-03,119.7986,-0.029385337713843662
120846,2024-11-04,136.5496,0.13982634187711707
120846,2024-11-06,133.7641,-0.020399180956956142
120846,2024-11-07,136.5868,0.021102074472896692
120846,2024-11-09,132.8972,-0.027012859222121155
120846,2024-11-10,140.8408,0.05977251589950727
120846,2024-11-11,143.2529,0.01712642927333574
120846,2024-11-12,140.6357,-0.018269787208496258
120846,2024-12-01,122.1659,-0.1313308071848046
120846,2024-12-02,120.4468,-0.014071848199865955
120846,2024-12-03,118.4771,-0.01635327796172259
120846,2024-12-04,137.2245,0.15823648620703934
120846,2024-12-06,132.41,-0.035084842721234244
120846,2024-12-07,135.3434,0.02215391586738158
120846,2024-12-08,131.5251,-0.028211940885185305
120846,2024-12-09,134.3951,0.021820929997392158
120846,2024-12-11,144.4422,0.07475793388300622
120846,2024-12-12,139.3388,-0.035331779770731986
120846,2025-01-01,123.4923,-0.11372639925132122
120846,2025-01-04,145.6073,0.1790799912221248
120846,2025-01-05,148.0039,0.016459339607286072
120846,2025-01-07,151.2718,0.022079823572216828
120846,2025-01-08,157.0543,0.03822589537507981
120846,2025-01-09,153.5409,-0.022370606853807984
120846,2025-01-10,151.9266,-0.01051381097805204
120846,2025-01-12,141.0399,-0.07165762940788523
120846,2025-02-01,122.9968,-0.1279290470285359
120846,2025-02-04,143.667,0.16805477866090834
120846,2025-02-05,146.0801,0.016796480750624676
120846,2025-02-06,150.8669,0.03276832367995364
120846,2025-02-07,154.9543,0.027092755269711333
120846,2025-02-09,154.9003,-0.0003484898450704099
120846,2025-02-10,151.7216,-0.02052094153465156
120846,2025-02-12,143.5615,-0.05378337692194124
120846,2025-03-01,121.2439,-0.15545672063888993
120846,2025-03-02,121.5873,0.0028323074397968995
120846,2025-03-03,141.7889,0.16614893167296274
120846,2025-03-04,148.9504,0.050508185055388566
120846,2025-03-06,151.2944,0.01573678217715413
120846,2025-03-07,158.252,0.04598716145475312
120846,2025-03-09,153.0887,-0.0326270758031495
120846,2025-03-10,150.6819,-0.01572160453384197
120846,2025-03-11,152.2272,0.01025537904685292
120846,2025-03-12,145.4103,-0.04478109037018352
120846,2025-04-02,120.5985,-0.1706330294346412
120846,2025-04-03,140.9246,0.16854355568269908
120846,2025-04-04,148.9553,0.05698579240246193
120846,2025-04-06,148.9401,-0.00010204403602953604
120846,2025-04-07,156.8603,0.05317708259897769
120846,2025-04-08,153.254,-0.022990520864743957
120846,2025-04-09,151.3887,-0.012171297323397723
120846,2025-04-11,153.9997,0.017246993996249405
120846,2025-04-12,146.5341,-0.04847801651561656
120846,2025-05-02,118.9702,-0.18810570372357005
120846,2025-05-03,143.3944,0.20529678860756717
120846,2025-05-05,147.0693,0.025627918524014914
120846,2025-05-06,151.1729,0.02790249222645369
120846,2025-05-08,154.3193,0.020813254227444178
120846,2025-05-09,151.9722,-0.015209374329717695
120846,2025-05-11,149.2944,-0.017620327928397406
120846,2025-05-12,149.5895,0.001976631407474061
120846,2025-06-01,121.8787,-0.18524562218604912
120846,2025-06-02,118.5742,-0.027113023030275074
120846,2025-06-03,141.8717,0.19648034732682151
120846,2025-06-05,145.6539,0.026659298507031304
120846,2025-06-06,152.519,0.04713296382726462
120846,2025-06-08,152.5358,0.0001101502107934138
120846,2025-06-10,153.1441,0.0039879162793259315
120846,2025-06-11,149.4612,-0.024048592142955627
120846,2025-07-01,124.0835,-0.1697945687576441
120846,2025-07-02,121.3222,-0.022253563124831288
120846,2025-07-03,145.2162,0.19694664290624453
120846,2025-07-04,151.8145,0.04543776796252774
120846,2025-07-05,146.8093,-0.032969182785570594
120846,2025-07-07,150.3075,0.023828190720887488
120846,2025-07-08,149.828,-0.003190126906508328
120846,2025-07-10,152.0198,0.014628774327895888
120846,2025-07-11,150.6876,-0.008763332144891667
120846,2025-08-01,123.2596,-0.18201895842789984
120846,2025-08-04,149.2602,0.21094178465612412
120846,2025-08-05,145.0483,-0.028218507009906135
120846,2025-08-07,149.9032,0.03347091968675242
120846,2025-08-08,148.0282,-0.01250807187571712
120846,2025-08-09,150.465,0.016461728238268192
120846,2025-08-10,151.999,0.01019506197454545
120846,2025-08-12,150.6791,-0.00868360976059046
120846,2025-09-01,121.5743,-0.1931575115593338
120846,2025-09-04,143.9655,0.18417708347899175
120846,2025-09-05,144.25,0.0019761679013374778
120846,2025-09-06,148.051,0.026350086655112515
120846,2025-09-07,149.3312,0.00864702028355091
120846,2025-09-09,151.5218,0.014669405991514228
120846,2025-09-10,153.2305,0.011276925168523633
120846,2025-09-12,151.7684,-0.009541834034346941
120846,2025-10-01,121.9361,-0.1965646340081335
120846,2025-10-02,125.4011,0.028416523080531553
120846,2025-10-03,143.7638,0.14643172986520847
120846,2025-10-04,140.996,-0.019252412637951966
120846,2025-10-06,148.7411,0.05493134557008705
120846,2025-10-07,148.8464,0.0007079415171731274
120846,2025-10-09,146.6862,-0.014512947575487045
120846,2025-10-10,154.5604,0.053680577995748546
120846,2025-10-11,149.2677,-0.034243570798212164
120846,2025-10-12,155.3903,0.041017581164578765
120846,2025-11-02,125.6997,-0.1910711286354424
120846,2025-11-03,141.2658,0.12383561774610441
120846,2025-11-04,134.1923,-0.05007227510126322
120846,2025-11-06,147.0909,0.09612026919577366
120846,2025-11-07,150.1009,0.02046353649342003
120846,2025-11-08,149.3068,-0.005290441296487813
120846,2025-11-09,145.6868,-0.02424537931293147
120846,2025-11-11,149.5095,0.026239165113105534
120846,2025-11-12,158.0348,0.057021794601680664
120846,2025-12-02,127.6445,-0.19230131591269772
120846,2025-12-03,140.8946,0.10380470760588989
120846,2025-12-05,148.4135,0.0533654235151666
120846,2025-12-06,149.585,0.007893486778493886
120846,2025-12-08,152.2006,0.01748571046562164
120846,2025-12-09,149.6861,-0.01652095983852886
120846,2025-12-11,148.178,-0.010075083792015493
120846,2025-12-12,156.119,0.05359095142328818
120846,2026-01-01,162.9663,0.04385949179792337
120846,2026-01-04,174.8649,0.07301264126386875
120846,2026-01-05,177.321,0.014045700423584107
120846,2026-02-01,163.5387,-0.0777251425381088
120846,2026-02-02,157.096,-0.0393955681438094
120846,2026-02-03,187.3079,0.19231489025818593
120846,2026-02-04,178.3371,-0.04789333498480308
120846,2026-03-02,159.5869,-0.10513908771646496
120846,2026-03-03,186.9802,0.1716513072188255
120846,2026-03-04,176.2188,-0.057553687502741036
120846,2026-04-02,163.348,-0.07303874501472019
120846,2026-04-03,183.9452,0.12609398339740907
120846,2026-04-05,183.8889,-0.00030606941632616014
120846,2026-05-01,161.2702,-0.12300198652555983
120846,2026-05-02,165.5244,0.026379331085346402
120846,2026-05-03,187.6273,0.13353257888262982
120846,2026-05-05,180.2984,-0.03906094688779305
120846,2026-06-01,162.9741,-0.09608682051532347
120846,2026-06-02,166.9342,0.02429895302382401
120846,2026-06-03,186.2301,0.11558985516448983
120846,2026-06-04,175.3596,-0.058371337393901324
120846,2026-06-05,180.1576,0.0273609200750915
120846,2026-07-01,163.8626,-0.09044858501667441
120846,2026-07-04,170.4631,0.04028069858527816
120846,2026-07-05,185.4949,0.08818213443261325
120846,2026-08-01,167.0999,-0.09916714691347317
120846,2026-08-04,178.5782,0.0686912439803975
120846,2026-08-05,188.66,0.05645593919078573
120846,2026-09-01,167.301,-0.11321424785328105
120846,2026-09-02,167.8361,0.003198426787646147
120846,2026-09-03,184.3948,0.09865994264642719
120846,2026-09-04,178.2668,-0.03323304127882143
120846,2026-10-02,170.0986,-0.04582008540008564
120846,2026-10-03,179.5188,0.05538082030069624
120846,2026-10-04,181.1335,0.008994601122556567
120846,2026-11-02,170.4116,-0.05919335738557474
120846,2026-11-03,181.1469,0.0629962983740544
120846,2026-11-05,187.3014,0.03397518809319955
120846,2026-12-01,162.8267,-0.13067013914471548
120846,2026-12-02,173.0136,0.06256283521068728
120846,2026-12-03,176.8317,0.02206820735479753
120846,2026-12-05,187.9742,0.06301189209853209
120848,2022-01-02,168.6601,
120848,2022-01-03,168.8667,0.0012249488764681793
120848,2022-01-04,157.5288,-0.06714112373842807
120848,2022-01-06,144.8592,-0.08042719807425691
120848,2022-01-07,135.1687,-0.06689599279852432
120848,2022-01-08,134.308,-0.006367598415905507
120848,2022-01-09,147.6744,0.09952050510766308
120848,2022-01-11,157.3103,0.06525098459854939
120848,2022-01-12,146.5999,-0.06808454373299155
120848,2022-02-02,172.9272,0.17958607065898424
120848,2022-02-03,172.1196,-0.004670173344621387
120848,2022-02-05,147.4843,-0.14312896381353435
120848,2022-02-06,143.6544,-0.0259681878003285
120848,2022-02-08,132.4691,-0.07786256459948326
120848,2022-02-09,147.5191,0.11361140069646436
120848,2022-02-11,158.1472,0.07204558596141108
120848,2022-02-12,151.0059,-0.04515603184880923
120848,2022-03-01,180.9456,0.19826841202893397
120848,2022-03-02,173.8021,-0.03947871625505128
120848,2022-03-03,169.003,-0.027612439665573696
120848,2022-03-05,149.5826,-0.11491156961710725
120848,2022-03-06,146.5843,-0.020044443671924372
120848,2022-03-08,130.2937,-0.11113468495602874
120848,2022-03-10,149.8704,0.15025054933584658
120848,2022-03-11,158.9211,0.060390177113025745
120848,2022-04-01,182.1634,0.14625056081288146
120848,2022-04-02,172.4479,-0.05333398476313023
120848,2022-04-03,172.1712,-0.0016045425893850274
120848,2022-04-04,158.315,-0.08047919744998
120848,2022-04-05,149.0297,-0.05865079114423777
120848,2022-04-07,140.5912,-0.05662294160157344
120848,2022-04-08,133.5947,-0.04976485014709309
120848,2022-04-10,152.6368,0.14253634313337282
120848,2022-04-11,154.5511,0.012541536510199291
120848,2022-05-01,181.4977,0.17435398389270618
120848,2022-05-04,159.0072,-0.12391617083852846
120848,2022-05-05,151.0364,-0.05012854763809449
120848,2022-05-07,140.9633,-0.06669319448821598
120848,2022-05-08,132.4874,-0.06012841640341848
120848,2022-05-09,146.1188,0.10288827465857109
120848,2022-05-10,151.0779,0.03393882238288293
120848,2022-05-12,148.1527,-0.01936219658864724
120848,2022-06-01,184.7893,0.24728945203158625
120848,2022-06-04,158.2858,-0.1434255121914526
120848,2022-06-05,148.4219,-0.06231702401605199
120848,2022-06-06,148.6111,0.0012747444952529996
120848,2022-06-07,136.0102,-0.08479110914326049
120848,2022-06-09,146.8629,0.07979328020986665
120848,2022-06-10,150.8839,0.02737927686297903
120848,2022-06-12,152.0069,0.007442808676074719
120848,2022-07-01,187.6918,0.2347584221505734
120848,2022-07-02,168.4383,-0.10258040042239458
120848,2022-07-03,174.1801,0.034088446630012426
120848,2022-07-04,158.2258,-0.0915965715945738
120848,2022-07-06,153.9899,-0.02677123452685959
120848,2022-07-07,138.4198,-0.10111117677198311
120848,2022-07-09,145.8452,0.05364405959263041
120848,2022-07-10,148.4655,0.017966309484302334
120848,2022-07-11,157.5899,0.06145804917640807
120848,2022-07-12,150.1505,-0.04720734006430616
120848,2022-08-02,164.8003,0.09756744066786327
120848,2022-08-03,172.6839,0.0478372915583285
120848,2022-08-04,157.0887,-0.09031067748643629
120848,2022-08-06,154.548,-0.016173664942163213
120848,2022-08-07,137.9181,-0.1076034630017858
120848,2022-08-08,129.7872,-0.05895455346325096
120848,2022-08-09,145.201,0.11876209672448423
120848,2022-08-11,157.9824,0.08802556456222765
120848,2022-08-12,151.1416,-0.04330102593706642
120848,2022-09-02,166.1198,0.09910044620408942
120848,2022-09-03,169.401,0.019752010296183897
120848,2022-09-05,146.8124,-0.13334395900850649
120848,2022-09-06,152.9337,0.04169470698660316
120848,2022-09-08,130.8987,-0.1440820433952752
120848,2022-09-09,146.4806,0.11903785140723344
120848,2022-09-11,157.7826,0.07715697505335162
120848,2022-09-12,147.7656,-0.06348608781956944
120848,2022-10-01,179.2853,0.21330878093412808
120848,2022-10-02,162.8998,-0.09139343827965818
120848,2022-10-03,169.8486,0.04265689706187481
120848,2022-10-05,149.3867,-0.12047140806577161
120848,2022-10-06,153.1589,0.025251243919304667
120848,2022-10-08,132.5285,-0.1346993220766144
120848,2022-10-10,146.5478,0.10578328435015849
120848,2022-10-11,156.1648,0.0656236395223948
120848,2022-11-01,179.3751,0.14862696331055392
120848,2022-11-02,163.2944,-0.08964845176392933
120848,2022-11-03,166.7026,0.0208715056976847
120848,2022-11-04,158.665,-0.04821520480184471
120848,2022-11-05,153.4631,-0.032785428418365736
120848,2022-11-07,138.1675,-0.09966956225959211
120848,2022-11-08,134.1939,-0.02875929578229308
120848,2022-11-10,146.2936,0.09016579740211728
120848,2022-11-11,154.0199,0.052813656920056795
120848,2022-12-01,178.1997,0.15699140176042192
120848,2022-12-04,159.0402,-0.10751701602191255
120848,2022-12-05,153.4507,-0.0351452022821902
120848,2022-12-07,139.6309,-0.09006019522882602
120848,2022-12-08,133.6122,-0.04310435584100647
120848,2022-12-09,145.4218,0.08838713830024503
120848,2022-12-10,147.3962,0.013577056534852527
120848,2022-12-12,147.5226,0.0008575526370422359
120848,2023-01-02,146.1261,-0.00946634617339992
120848,2023-01-03,161.9024,0.10796360130052052
120848,2023-01-05,157.6418,-0.026315854490112645
120848,2023-01-06,159.0218,0.008754023361824181
120848,2023-01-08,172.2287,0.08305087730109961
120848,2023-01-09,186.0347,0.08016085588522692
120848,2023-01-11,251.0241,0.3493402037361848
120848,2023-01-12,276.212,0.10034056490990295
120848,2023-02-01,152.3317,-0.44849716884132473
120848,2023-02-02,145.9805,-0.041693226032401665
120848,2023-02-03,161.093,0.10352410082168495
120848,2023-02-05,155.4243,-0.035188990210623716
120848,2023-02-06,162.6434,0.04644769189888609
120848,2023-02-08,169.682,0.04327627189298777
120848,2023-02-10,224.5069,0.32310380594288146
120848,2023-02-11,248.8718,0.10852628582907697
120848,2023-03-01,153.8089,-0.38197537848804086
120848,2023-03-02,150.0793,-0.024248271718996794
120848,2023-03-03,158.9242,0.05893484311294106
120848,2023-03-04,157.347,-0.009924228028204696
120848,2023-03-05,153.6686,-0.023377630332958477
120848,2023-03-07,176.275,0.14711138124509504
120848,2023-03-08,165.9211,-0.05873720039710684
120848,2023-03-10,225.5642,0.3594666380586917
120848,2023-03-11,255.1546,0.1311839378766666
120848,2023-04-01,155.1762,-0.3918345975342008
120848,2023-04-04,153.3974,-0.011463098078184575
120848,2023-04-05,152.0425,-0.00883261385134304
120848,2023-04-07,172.3643,0.1336586809609155
120848,2023-04-08,166.1122,-0.03627259241037728
120848,2023-04-09,188.8809,0.13706819848271223
120848,2023-04-10,226.83,0.20091549754369042
120848,2023-04-12,276.4669,0.21882863818718867
120848,2023-05-01,156.2845,-0.43470809706333746
120848,2023-05-04,149.6986,-0.04214045538745048
120848,2023-05-05,151.5522,0.012382213327312375
120848,2023-05-06,166.6433,0.09957691145361136
120848,2023-05-07,170.6653,0.02413538378080604
120848,2023-05-09,189.8361,0.1123298057660227
120848,2023-05-10,227.2291,0.19697518016857707
120848,2023-05-12,271.3005,0.19395139090899893
120848,2023-06-01,152.6549,-0.4373217152198393
120848,2023-06-02,151.3854,-0.008316143143783705
120848,2023-06-03,162.099,0.07077036490969402
120848,2023-06-04,155.0731,-0.043343265535259135
120848,2023-06-06,165.6806,0.06840322402789378
120848,2023-06-07,170.4759,0.028943038593534753
120848,2023-06-09,192.7635,0.13073754120083825
120848,2023-06-10,224.8598,0.16650610722465609
120848,2023-06-11,254.9765,0.13393545667122342
120848,2023-06-12,270.7714,0.06194649310818856
120848,2023-07-02,146.4595,-0.4591027708243929
120848,2023-07-03,162.0392,0.10637548264195917
120848,2023-07-04,158.2619,-0.02331102597396184
120848,2023-07-06,167.7458,0.05992535158493606
120848,2023-07-07,168.2625,0.003080255958718414
120848,2023-07-08,161.9483,-0.03752588960701286
120848,2023-07-09,199.4175,0.2313651949418425
120848,2023-07-11,258.3044,0.29529454536337085
120848,2023-07-12,269.2222,0.042267185537683494
120848,2023-08-02,146.829,-0.4546177841203288
120848,2023-08-03,167.6677,0.14192496032800062
120848,2023-08-05,156.4706,-0.0667814969728815
120848,2023-08-06,166.6578,0.06510616051833384
120848,2023-08-08,162.3272,-0.025984982401063728
120848,2023-08-09,195.3024,0.2031403239876004
120848,2023-08-11,264.0045,0.35177294288242233
120848,2023-08-12,274.5686,0.04001484823175372
120848,2023-09-01,158.0646,-0.4243165460289341
120848,2023-09-02,147.6947,-0.06560545498486059
120848,2023-09-03,165.1859,0.1184280817118013
120848,2023-09-05,152.679,-0.07571408939867141
120848,2023-09-06,167.6149,0.09782550317987404
120848,2023-09-08,165.972,-0.00980163458021932
120848,2023-09-10,221.4149,0.33404971922974935
120848,2023-09-11,269.4488,0.21694068466033678
120848,2023-10-01,159.5149,-0.40799550786642946
120848,2023-10-02,150.648,-0.05558665679507069
120848,2023-10-03,160.1279,0.06292748659125924
120848,2023-10-04,164.2562,0.02578126610041087
120848,2023-10-05,156.3233,-0.048295893853626315
120848,2023-10-07,168.3736,0.07708575752942792
120848,2023-10-08,165.0073,-0.01999303928881979
120848,2023-10-10,220.0415,0.3335258500684517
120848,2023-10-11,271.3471,0.23316328965217914
120848,2023-11-01,161.679,-0.4041616807402769
120848,2023-11-04,163.252,0.009729154683044916
120848,2023-11-05,158.4853,-0.02919841717099947
120848,2023-11-07,169.4345,0.06908653357756211
120848,2023-11-08,163.5055,-0.03499287335223933
120848,2023-11-09,199.4101,0.21959261309252587
120848,2023-11-10,224.6838,0.12674232649198802
120848,2023-11-12,276.5943,0.2310380187623673
120848,2023-12-01,156.6299,-0.43371971150526234
120848,2023-12-04,163.6427,0.04477306057144892
120848,2023-12-05,163.0426,-0.0036671357781312697
120848,2023-12-06,169.9974,0.0426563364421324
120848,2023-12-07,171.0053,0.005928914206923208
120848,2023-12-09,198.334,0.15981200582672006
120848,2023-12-10,230.2947,0.1611458448879164
120848,2023-12-12,275.3624,0.19569577589063036
120848,2024-01-01,322.0572,0.16957580265134253
120848,2024-01-02,283.0173,-0.12122039190553746
120848,2024-01-03,243.2584,-0.14048222493819273
120848,2024-01-04,241.3846,-0.007702920022494508
120848,2024-01-05,254.9465,0.05618378305823968
120848,2024-01-07,260.9661,0.023611228238081372
120848,2024-01-08,245.5274,-0.05915979125258031
120848,2024-01-10,257.3263,0.04805532905899712
120848,2024-01-11,246.278,-0.042934981772170255
120848,2024-02-01,319.6942,0.2981029568211535
120848,2024-02-02,276.2046,-0.13603499844538935
120848,2024-02-04,242.4098,-0.12235422581665922
120848,2024-02-05,253.6867,0.046519983928042574
120848,2024-02-07,266.3047,0.04973851605149204
120848,2024-02-08,247.159,-0.07189396206676046
120848,2024-02-09,257.6688,0.04252242483583446
120848,2024-02-10,250.8686,-0.02639124333252607
120848,2024-02-12,244.0262,-0.027274836308728956
120848,2024-03-01,311.9268,0.27825126974070824
120848,2024-03-04,242.3694,-0.22299270213396216
120848,2024-03-05,259.3829,0.07019656771853211
120848,2024-03-06,242.515,-0.06503088677009938
120848,2024-03-07,269.1682,0.10990330495020939
120848,2024-03-09,251.943,-0.06399418653466493
120848,2024-03-10,253.1895,0.004947547659589713
120848,2024-03-12,243.8644,-0.036830516273384295
120848,2024-04-01,309.7682,0.2702477278356332
120848,2024-04-03,242.9166,-0.21581169403444256
120848,2024-04-04,240.6074,-0.009506143260690991
120848,2024-04-06,241.7319,0.004673588592869482
120848,2024-04-07,263.2636,0.08907264618364397
120848,2024-04-09,256.5166,-0.025628305622197756
120848,2024-04-10,250.5441,-0.023283093569772872
120848,2024-04-11,238.9931,-0.046103659994388146
120848,2024-04-12,241.5071,0.010519132142308818
120848,2024-05-01,312.2434,0.292895322746205
120848,2024-05-02,273.2634,-0.12483850739519242
120848,2024-05-03,240.7656,-0.11892481759357454
120848,2024-05-04,237.4267,-0.013867844908076576
120848,2024-05-06,244.7882,0.031005358706497566
120848,2024-05-07,263.5371,0.07659233574167401
120848,2024-05-08,242.4637,-0.0799636939163405
120848,2024-05-09,256.2641,0.056917385983963786
120848,2024-05-11,234.8726,-0.08347443126056275
120848,2024-05-12,242.6977,0.033316359592391764
120848,2024-06-02,269.9759,0.11239579114264386
120848,2024-06-03,239.9775,-0.1111151032369927
120848,2024-06-05,257.2549,0.0719959162838184
120848,2024-06-06,244.5016,-0.04957456592663545
120848,2024-06-08,239.3423,-0.021101293406668886
120848,2024-06-09,259.1809,0.08288798093776162
120848,2024-06-11,233.47,-0.099200596957569
120848,2024-06-12,237.8381,0.018709470167473263
120848,2024-07-02,265.2689,0.11533391832511275
120848,2024-07-03,236.4226,-0.10874361826810452
120848,2024-07-05,252.5231,0.06810051154162089
120848,2024-07-06,246.9632,-0.02201739167624661
120848,2024-07-08,240.4834,-0.02623791722815383
120848,2024-07-10,254.3011,0.057458019971440955
120848,2024-07-11,240.0868,-0.05589555058943896
120848,2024-08-01,315.7716,0.31523932177862335
120848,2024-08-02,267.2154,-0.15377000338219138
120848,2024-08-03,243.0379,-0.09047944093042537
120848,2024-08-04,237.1434,-0.024253418911206803
120848,2024-08-05,249.0449,0.050186933307020176
120848,2024-08-07,262.7238,0.054925437140049826
120848,2024-08-08,233.3099,-0.11195750061471399
120848,2024-08-10,255.1671,0.09368312274789892
120848,2024-08-11,235.5823,-0.07675284156930895
120848,2024-09-01,323.6704,0.37391646146590785
120848,2024-09-02,269.8359,-0.16632506401573943
120848,2024-09-04,231.7905,-0.14099458226277517
120848,2024-09-05,245.8437,0.06062888686119572
120848,2024-09-07,260.5227,0.059708668556485156
120848,2024-09-08,232.4256,-0.1078489513581733
120848,2024-09-09,267.8183,0.15227539479300045
120848,2024-09-10,257.1663,-0.03977323431595248
120848,2024-09-12,238.7305,-0.07168824219969716
120848,2024-10-01,317.4716,0.32983259365686424
120848,2024-10-04,229.4402,-0.2772890551469801
120848,2024-10-05,242.2606,0.05587686900551869
120848,2024-10-06,246.5395,0.017662385051469442
120848,2024-10-07,261.3355,0.06001472380693573
120848,2024-10-09,264.4838,0.012046966447344376
120848,2024-10-10,257.6078,-0.025997811586191633
120848,2024-10-12,236.9756,-0.08009151896798161
120848,2024-11-01,315.1366,0.32982720583891334
120848,2024-11-03,239.673,-0.23946314074594954
120848,2024-11-04,234.1377,-0.023095217233480625
120848,2024-11-06,247.6367,0.057654106963551666
120848,2024-11-07,265.0976,0.070510146517055
120848,2024-11-09,263.9467,-0.004341419914778433
120848,2024-11-10,263.9089,-0.0001432107315605391
120848,2024-11-11,235.7644,-0.10664475506510018
120848,2024-11-12,231.777,-0.01691264669305459
120848,2024-12-01,308.6298,0.33158078670446156
120848,2024-12-02,267.7567,-0.13243406825912463
120848,2024-12-03,238.2043,-0.11037034740867369
120848,2024-12-04,234.6816,-0.01478856594948108
120848,2024-12-06,250.3347,0.06669930663503232
120848,2024-12-07,263.0553,0.05081436972181641
120848,2024-12-08,238.8996,-0.0918274598534985
120848,2024-12-09,271.5493,0.13666703502224387
120848,2024-12-11,238.3554,-0.12223894519337741
120848,2024-12-12,226.3671,-0.05029590267306727
120848,2025-01-01,227.9909,0.007173303894426386
120848,2025-01-04,214.7637,-0.05801635065259192
120848,2025-01-05,223.7459,0.041823641518561994
120848,2025-01-07,202.8279,-0.09348998126893049
120848,2025-01-08,192.8566,-0.04916138263029901
120848,2025-01-09,177.7685,-0.07823481280910272
120848,2025-01-10,187.1355,0.052692124870266754
120848,2025-01-12,232.8996,0.24455060637880033
120848,2025-02-01,231.4561,-0.006197949674451975
120848,2025-02-04,211.7021,-0.085346638088173
120848,2025-02-05,223.7571,0.0569432235202203
120848,2025-02-06,225.9355,0.009735556994616035
120848,2025-02-07,201.4947,-0.10817600598400867
120848,2025-02-09,180.0165,-0.10659436699823865
120848,2025-02-10,193.2796,0.07367713515149998
120848,2025-02-12,230.1767,0.19090012603502915
120848,2025-03-01,228.1726,-0.00870678917544665
120848,2025-03-02,205.1767,-0.10078291609071366
120848,2025-03-03,194.2231,-0.05338617883999508
120848,2025-03-04,213.6283,0.09991190543246398
120848,2025-03-06,225.833,0.057130539352698184
120848,2025-03-07,203.0735,-0.10078022255383401
120848,2025-03-09,176.3389,-0.13164987061334932
120848,2025-03-10,192.5464,0.09191108711690954
120848,2025-03-11,208.4254,0.08246843358276235
120848,2025-03-12,235.8247,0.13145854583942262
120848,2025-04-02,203.2608,-0.13808519633439587
120848,2025-04-03,198.1822,-0.02498563421968225
120848,2025-04-04,219.8267,0.10921515655795533
120848,2025-04-06,230.0332,0.04642975580309394
120848,2025-04-07,200.6349,-0.12780024796420697
120848,2025-04-08,190.1325,-0.0523458281684791
120848,2025-04-09,178.6279,-0.060508329717433806
120848,2025-04-11,205.8621,0.1524633050044253
120848,2025-04-12,238.6126,0.15908950700493185
120848,2025-05-02,206.7597,-0.13349211231929903
120848,2025-05-03,200.1288,-0.03207056307394529
120848,2025-05-05,226.5367,0.13195452128829022
120848,2025-05-06,228.2778,0.0076857303915878195
120848,2025-05-08,185.3979,-0.18784086757450802
120848,2025-05-09,182.2293,-0.017090808471940555
120848,2025-05-11,211.2572,0.15929326403602495
120848,2025-05-12,234.7203,0.11106414361262007
120848,2025-06-01,221.029,-0.05833027650356626
120848,2025-06-02,198.6067,-0.10144505924561942
120848,2025-06-03,206.7527,0.04101573612571996
120848,2025-06-05,234.2575,0.13303236185065526
120848,2025-06-06,227.3344,-0.029553376092547712
120848,2025-06-08,181.7555,-0.20049275428619684
120848,2025-06-10,194.8876,0.0722514586903833
120848,2025-06-11,218.4631,0.12096972819204499
120848,2025-07-01,217.278,-0.005424714745877024
120848,2025-07-02,198.4862,-0.0864873572105781
120848,2025-07-03,207.531,0.0455689110880253
120848,2025-07-04,211.9079,0.02109034312946023
120848,2025-07-05,235.664,0.11210577802903976
120848,2025-07-07,196.9415,-0.1643123260234911
120848,2025-07-08,180.66,-0.08267175785702863
120848,2025-07-10,192.7582,0.06696667773718579
120848,2025-07-11,214.9306,0.11502701311798935
120848,2025-08-01,221.5781,0.030928588111697408
120848,2025-08-04,211.3742,-0.046051031216532645
120848,2025-08-05,240.0675,0.13574646290796122
120848,2025-08-07,195.1024,-0.18730190467264418
120848,2025-08-08,175.5464,-0.10023454350125871
120848,2025-08-09,183.1612,0.043377705267667155
120848,2025-08-10,189.2807,0.03341046029399242
120848,2025-08-12,242.0235,0.27864858910602086
120848,2025-09-01,221.0835,-0.08652052383342945
120848,2025-09-04,213.2531,-0.03541829218372239
120848,2025-09-05,233.2301,0.09367741899179904
120848,2025-09-06,226.8475,-0.027366107547867946
120848,2025-09-07,199.5756,-0.1202212940411509
120848,2025-09-09,183.2311,-0.08189628391446657
120848,2025-09-10,188.7189,0.029950155841448334
120848,2025-09-12,242.8889,0.28704067266182687
120848,2025-10-01,221.5715,-0.08776605270969573
120848,2025-10-02,192.2957,-0.1321280038272069
120848,2025-10-03,208.4737,0.08413084639958135
120848,2025-10-04,216.3653,0.03785417537080216
120848,2025-10-06,227.3357,0.050703139551490084
120848,2025-10-07,194.6812,-0.1436400002287367
120848,2025-10-09,180.3847,-0.07343544214849707
120848,2025-10-10,184.194,0.021117644678290137
120848,2025-10-11,212.4606,0.15346102478908108
120848,2025-10-12,239.8618,0.1289707362212098
120848,2025-11-02,189.2441,-0.21102860063586615
120848,2025-11-03,209.7957,0.10859836581431082
120848,2025-11-04,217.7272,0.037805827288166505
120848,2025-11-06,225.8544,0.03732744461877058
120848,2025-11-07,192.5396,-0.14750564965747837
120848,2025-11-08,171.2752,-0.11044169614977906
120848,2025-11-09,179.7819,0.049666851943538814
120848,2025-11-11,216.9468,0.20672214499902375
120848,2025-11-12,244.7626,0.1282148434547088
120848,2025-12-02,191.1359,-0.21909679011417593
120848,2025-12-03,209.373,0.09541430992293964
120848,2025-12-05,241.809,0.154919688785087
120848,2025-12-06,223.7238,-0.07479126087118337
120848,2025-12-08,174.5823,-0.21965253585000788
120848,2025-12-09,178.2238,0.020858357347795398
120848,2025-12-11,219.1495,0.22963094715745025
120848,2025-12-12,247.0766,0.12743401194161996
120848,2026-01-01,228.0619,-0.07695872454129615
120848,2026-01-04,215.8211,-0.05367314750951391
120848,2026-01-05,227.9125,0.056025105978979806
120848,2026-02-01,231.1687,0.014287061920693178
120848,2026-02-02,243.967,0.05536346399837
120848,2026-02-03,234.065,-0.04058745650026441
120848,2026-02-04,214.3338,-0.08429795142374985
120848,2026-03-02,251.4114,0.1729899810482527
120848,2026-03-03,233.895,-0.06967225829854962
120848,2026-03-04,218.7599,-0.06470895059749038
120848,2026-04-02,241.6301,0.10454475431740473
120848,2026-04-03,230.6364,-0.04549805674044749
120848,2026-04-05,231.3034,0.002891997967363391
120848,2026-05-01,230.4609,-0.0036424021436779475
120848,2026-05-02,238.7912,0.0361462616869066
120848,2026-05-03,233.4824,-0.022231975047656616
120848,2026-05-05,235.4346,0.008361229797192227
120848,2026-06-01,222.5777,-0.05460922056486173
120848,2026-06-02,243.9587,0.09606083628323958
120848,2026-06-03,240.6637,-0.013506384482291467
120848,2026-06-04,220.2373,-0.08487528447372827
120848,2026-06-05,234.866,0.06642244524428875
120848,2026-07-01,224.651,-0.0434928853048121
120848,2026-07-04,219.5378,-0.02276063761122815
120848,2026-07-05,235.3528,0.072037708312646
120848,2026-08-01,221.4859,-0.05891963044416726
120848,2026-08-04,220.4967,-0.004466198525504228
120848,2026-08-05,241.7884,0.09656244288463278
120848,2026-09-01,220.0535,-0.08989223635211607
120848,2026-09-02,242.4676,0.10185750283453787
120848,2026-09-03,231.1926,-0.046501058285725594
120848,2026-09-04,220.5471,-0.0460460239644348
120848,2026-10-02,249.5686,0.1315886719888859
120848,2026-10-03,230.9973,-0.07441360812217568
120848,2026-10-04,227.0047,-0.017284184706920724
120848,2026-11-02,242.9145,0.07008577355446821
120848,2026-11-03,227.0897,-0.06514555532913846
120848,2026-11-05,242.703,0.06875388888179423
120848,2026-12-01,225.9491,-0.06903046109854438
120848,2026-12-02,238.1855,0.05415555981413522
120848,2026-12-03,221.1221,-0.07163912160899799
120848,2026-12-05,245.4032,0.10980856278047302
120850,2022-01-02,85.511,
120850,2022-01-03,85.4462,-0.0007577972424599455
120850,2022-01-04,86.2788,0.00974414309823013
120850,2022-01-06,78.3243,-0.0921953017427225
120850,2022-01-07,84.4853,0.07866013484959322
120850,2022-01-08,91.5174,0.083234598208209
120850,2022-01-09,98.7728,0.07927891308100987
120850,2022-01-11,106.2546,0.07574757423096234
120850,2022-01-12,92.9775,-0.1249555313369961
120850,2022-02-02,85.6879,-0.07840176386760245
120850,2022-02-03,86.7068,0.011890827059596543
120850,2022-02-05,89.2019,0.028776289748900785
120850,2022-02-06,78.4654,-0.12036178601576863
120850,2022-02-08,92.3311,0.17671100892877623
120850,2022-02-09,99.4125,0.07669571791086627
120850,2022-02-11,104.208,0.048238400603545895
120850,2022-02-12,93.0193,-0.10736891601412557
120850,2022-03-01,83.4787,-0.10256581161113876
120850,2022-03-02,85.7188,0.02683439008992705
120850,2022-03-03,87.5064,0.02085423501028938
120850,2022-03-05,89.7732,0.025904390993116033
120850,2022-03-06,79.3302,-0.11632647605298685
120850,2022-03-08,90.1393,0.13625454114574276
120850,2022-03-10,99.4234,0.1029972498122349
120850,2022-03-11,103.9464,0.04549230865168563
120850,2022-04-01,82.7659,-0.20376367050710742
120850,2022-04-02,84.9913,0.02688788498644956
120850,2022-04-03,87.8818,0.034009363311303664
120850,2022-04-04,87.2698,-0.006963899237384719
120850,2022-04-05,87.0154,-0.002915097777237974
120850,2022-04-07,84.6696,-0.02695844643591816
120850,2022-04-08,91.6495,0.08243690769768608
120850,2022-04-10,100.3164,0.09456570957833921
120850,2022-04-11,102.2305,0.019080628890191464
120850,2022-05-01,82.786,-0.1902025325123129
120850,2022-05-04,89.1685,0.07709636895127181
120850,2022-05-05,87.2938,-0.02102424062308983
120850,2022-05-07,86.5283,-0.008769236761373644
120850,2022-05-08,90.2482,0.042990559158101904
120850,2022-05-09,100.3548,0.1119867210647969
120850,2022-05-10,100.4752,0.0011997433107335809
120850,2022-05-12,93.1353,-0.07305185757281396
120850,2022-06-01,80.9052,-0.13131540887289794
120850,2022-06-04,89.9169,0.1113859183340502
120850,2022-06-05,86.2373,-0.04092222930283396
120850,2022-06-06,80.3903,-0.06780128784180406
120850,2022-06-07,86.1825,0.07205098127510423
120850,2022-06-09,100.5335,0.16651872479911822
120850,2022-06-10,102.5228,0.019787434039399754
120850,2022-06-12,92.4032,-0.09870584884533007
120850,2022-07-01,82.396,-0.10829927967862585
120850,2022-07-02,83.4673,0.013001844749745084
120850,2022-07-03,87.908,0.05320287106447674
120850,2022-07-04,89.885,0.02248942075806526
120850,2022-07-06,81.2341,-0.09624408967013409
120850,2022-07-07,85.5107,0.05264537921882573
120850,2022-07-09,101.2499,0.18406117596979077
120850,2022-07-10,104.1174,0.028321015625694557
120850,2022-07-11,99.0748,-0.048431866335502116
120850,2022-07-12,93.6279,-0.05497765324784909
120850,2022-08-02,84.267,-0.09997981370937514
120850,2022-08-03,86.9911,0.032327008200125906
120850,2022-08-04,89.3542,0.02716484789823337
120850,2022-08-06,80.3957,-0.1002582978751978
120850,2022-08-07,86.4529,0.0753423379608611
120850,2022-08-08,89.133,0.031000695176217397
120850,2022-08-09,101.9511,0.14380869038403277
120850,2022-08-11,99.555,-0.023502443818654184
120850,2022-08-12,95.623,-0.039495756114710456
120850,2022-09-02,84.6618,-0.11462932558066574
120850,2022-09-03,85.922,0.01488510756917516
120850,2022-09-05,87.0978,0.013684504550639076
120850,2022-09-06,80.4887,-0.07588136554539848
120850,2022-09-08,89.6104,0.11332895176590019
120850,2022-09-09,99.6008,0.11148705953773241
120850,2022-09-11,99.3874,-0.0021425530718629515
120850,2022-09-12,95.4781,-0.03933395983796739
120850,2022-10-01,82.4568,-0.13637996566751953
120850,2022-10-02,85.0834,0.031854255804251386
120850,2022-10-03,85.3751,0.0034284008396467947
120850,2022-10-05,84.8457,-0.006200871214206649
120850,2022-10-06,82.0366,-0.03310833666290669
120850,2022-10-08,90.2314,0.09989199942464677
120850,2022-10-10,106.0981,0.17584455078830663
120850,2022-10-11,97.7659,-0.07853298032669764
120850,2022-11-01,83.4015,-0.14692648459227609
120850,2022-11-02,84.5098,0.013288729819008083
120850,2022-11-03,84.4364,-0.0008685383233659749
120850,2022-11-04,89.2509,0.057019247623062874
120850,2022-11-05,84.2441,-0.056098033745317966
120850,2022-11-07,85.5278,0.01523786235475244
120850,2022-11-08,92.5223,0.08178042694889842
120850,2022-11-10,107.0314,0.15681732944382065
120850,2022-11-11,97.2038,-0.09181978372701849
120850,2022-12-01,83.2066,-0.14399848565591067
120850,2022-12-04,90.8805,0.0922270589111922
120850,2022-12-05,84.2406,-0.07306187796061858
120850,2022-12-07,85.9688,0.0205150485632819
120850,2022-12-08,92.8929,0.08054201058988841
120850,2022-12-09,99.7817,0.07415852018830282
120850,2022-12-10,107.2372,0.07471810963332959
120850,2022-12-12,94.9236,-0.1148258253665706
120850,2023-01-02,93.4644,-0.015372362615829971
120850,2023-01-03,102.5903,0.09764038500220407
120850,2023-01-05,101.7386,-0.008301954473278639
120850,2023-01-06,107.486,0.05649183299160798
120850,2023-01-08,106.4179,-0.009937108088495239
120850,2023-01-09,98.4641,-0.07474118545846142
120850,2023-01-11,94.1572,-0.04374081518035511
120850,2023-01-12,100.1638,0.06379331585901027
120850,2023-02-01,97.6452,-0.02514481279663905
120850,2023-02-02,94.5767,-0.0314249958011249
120850,2023-02-03,101.4592,0.07277162345482546
120850,2023-02-05,99.5908,-0.018415284173342483
120850,2023-02-06,106.9037,0.07342947340517392
120850,2023-02-08,106.5744,-0.0030803424016194736
120850,2023-02-10,95.2909,-0.10587439385068087
120850,2023-02-11,93.6106,-0.017633373176242362
120850,2023-03-01,98.4686,0.05189583230958883
120850,2023-03-02,94.5336,-0.03996197772690979
120850,2023-03-03,99.8837,0.05659469225756775
120850,2023-03-04,97.3014,-0.02585306711705715
120850,2023-03-05,101.5903,0.044078502467590486
120850,2023-03-07,105.4516,0.038008550028890475
120850,2023-03-08,105.1701,-0.0026694711128137927
120850,2023-03-10,94.7629,-0.09895588194743565
120850,2023-03-11,93.3962,-0.014422310841057051
120850,2023-04-01,98.4293,0.053889772817309556
120850,2023-04-04,96.935,-0.015181455115499065
120850,2023-04-05,100.4842,0.03661422602775044
120850,2023-04-07,106.5532,0.060397555038503636
120850,2023-04-08,104.6388,-0.01796661198349747
120850,2023-04-09,99.9239,-0.04505881183652716
120850,2023-04-10,95.2481,-0.046793609937162306
120850,2023-04-12,99.056,0.03997875023228814
120850,2023-05-01,97.4611,-0.016100993377483386
120850,2023-05-04,98.0946,0.0065000292424362005
120850,2023-05-05,100.997,0.029587765279638134
120850,2023-05-06,103.9282,0.029022644236957662
120850,2023-05-07,104.1531,0.0021639939881570314
120850,2023-05-09,99.0006,-0.04947044303050019
120850,2023-05-10,97.0869,-0.019330185877661443
120850,2023-05-12,99.1407,0.02115424429042423
120850,2023-06-01,100.2521,0.011210330368859545
120850,2023-06-02,95.7248,-0.045159153773337346
120850,2023-06-03,100.6506,0.05145792939760652
120850,2023-06-04,99.9096,-0.007362102163325446
120850,2023-06-06,104.5708,0.04665417537453864
120850,2023-06-07,103.3614,-0.011565370065065972
120850,2023-06-09,100.8769,-0.024037019622412226
120850,2023-06-10,96.586,-0.042536001800213996
120850,2023-06-11,93.9643,-0.027143685420247254
120850,2023-06-12,99.7808,0.061901168848168986
120850,2023-07-02,94.8768,-0.04914773182816734
120850,2023-07-03,100.0836,0.05487959121724173
120850,2023-07-04,97.6765,-0.024050893453073208
120850,2023-07-06,104.7763,0.07268687964863618
120850,2023-07-07,102.2124,-0.024470228477241562
120850,2023-07-08,105.9603,0.0366677624241285
120850,2023-07-09,101.714,-0.040074442975340796
120850,2023-07-11,93.6699,-0.07908547495919938
120850,2023-07-12,100.5272,0.073207081463736
120850,2023-08-02,94.1013,-0.0639220031991341
120850,2023-08-03,103.0393,0.09498274731592438
120850,2023-08-05,102.1974,-0.008170668861298469
120850,2023-08-06,102.4219,0.0021967290752993307
120850,2023-08-08,106.1699,0.036593736300537305
120850,2023-08-09,100.8205,-0.050385278690099566
120850,2023-08-11,94.2403,-0.06526648846216787
120850,2023-08-12,101.5031,0.07706681748678634
120850,2023-09-01,96.743,-0.04689610465099103
120850,2023-09-02,95.6975,-0.010806983450998953
120850,2023-09-03,104.2519,0.08939000496355698
120850,2023-09-05,103.5674,-0.006565827577243222
120850,2023-09-06,101.6094,-0.01890556294741408
120850,2023-09-08,107.8362,0.06128173180827767
120850,2023-09-10,98.413,-0.08738438483551914
120850,2023-09-11,94.4117,-0.04065824636989013
120850,2023-10-01,98.8997,0.047536481177650636
120850,2023-10-02,97.2973,-0.016202273616603424
120850,2023-10-03,103.6415,0.06520427596654765
120850,2023-10-04,97.1845,-0.06230129822513175
120850,2023-10-05,101.3769,0.04313856633516666
120850,2023-10-07,103.7926,0.023828899877585297
120850,2023-10-08,108.3568,0.043974233230500204
120850,2023-10-10,100.9419,-0.06843040769014963
120850,2023-10-11,93.2835,-0.07586938625090278
120850,2023-11-01,100.0518,0.072556239849491
120850,2023-11-04,95.7397,-0.04309867488640884
120850,2023-11-05,101.5651,0.06084623202287043
120850,2023-11-07,103.5798,0.01983653833846466
120850,2023-11-08,106.9896,0.0329195460891023
120850,2023-11-09,102.2779,-0.04403885985179867
120850,2023-11-10,100.5635,-0.01676217442868888
120850,2023-11-12,101.289,0.007214347153788436
120850,2023-12-01,99.2016,-0.0206083582620028
120850,2023-12-04,94.8565,-0.04380070482734155
120850,2023-12-05,101.673,0.07186117978209206
120850,2023-12-06,99.4518,-0.021846507922457237
120850,2023-12-07,102.9889,0.035565972662133793
120850,2023-12-09,101.19,-0.017466930902262368
120850,2023-12-10,100.1554,-0.010224330467437426
120850,2023-12-12,101.9254,0.01767253687769199
120850,2024-01-01,98.4567,-0.034031752634770096
120850,2024-01-02,97.7511,-0.007166602171309822
120850,2024-01-03,97.1165,-0.006491998555514855
120850,2024-01-04,103.5326,0.06606601349925101
120850,2024-01-05,104.6086,0.01039286176527976
120850,2024-01-07,105.1071,0.004765382578487909
120850,2024-01-08,93.648,-0.10902308217047185
120850,2024-01-10,103.2997,0.10306359986331803
120850,2024-01-11,112.6475,0.09049203434279085
120850,2024-02-01,96.5337,-0.14304622827847935
120850,2024-02-02,99.4851,0.03057377889793944
120850,2024-02-04,102.1552,0.026839195015132766
120850,2024-02-05,104.3035,0.02102976647297461
120850,2024-02-07,104.9261,0.005969118965327258
120850,2024-02-08,95.302,-0.09172265051307538
120850,2024-02-09,101.9474,0.06972991122956484
120850,2024-02-10,103.9959,0.02009369537624317
120850,2024-02-12,113.8449,0.09470565666531083
120850,2024-03-01,96.2085,-0.15491603049411962
120850,2024-03-04,101.3165,0.053093021926337025
120850,2024-03-05,102.7615,0.014262237641450293
120850,2024-03-06,106.0712,0.03220758747196184
120850,2024-03-07,103.1496,-0.027543763057267134
120850,2024-03-09,103.6101,0.004464389585611572
120850,2024-03-10,104.5796,0.009357195871831037
120850,2024-03-12,113.2667,0.08306686963805565
120850,2024-04-01,96.2961,-0.14982867868490923
120850,2024-04-03,97.4848,0.012344217470904972
120850,2024-04-04,99.9351,0.025135200564600835
120850,2024-04-06,103.9131,0.03980583398625703
120850,2024-04-07,102.5723,-0.012903089215892893
120850,2024-04-09,100.3107,-0.022048837746643124
120850,2024-04-10,102.3354,0.020184287418989255
120850,2024-04-11,110.7214,0.08194622779605099
120850,2024-04-12,113.3037,0.02332250134120417
120850,2024-05-01,97.6683,-0.13799549352757234
120850,2024-05-02,101.0296,0.03441546540689244
120850,2024-05-03,100.0218,-0.009975294369174992
120850,2024-05-04,99.9252,-0.0009657894578981585
120850,2024-05-06,104.7441,0.04822507235412088
120850,2024-05-07,103.6611,-0.010339484515118236
120850,2024-05-08,96.8734,-0.06547972190146545
120850,2024-05-09,100.883,0.04139010295911971
120850,2024-05-11,113.0721,0.1208241229939635
120850,2024-05-12,110.6064,-0.021806440315515596
120850,2024-06-02,100.3173,-0.09302445428112649
120850,2024-06-03,101.3372,0.010166740931025764
120850,2024-06-05,101.5715,0.002312082828418438
120850,2024-06-06,104.4027,0.027873960707481826
120850,2024-06-08,97.042,-0.0705029659194637
120850,2024-06-09,101.8056,0.04908802374229704
120850,2024-06-11,112.776,0.10775831584902984
120850,2024-06-12,107.6011,-0.04588653614244165
120850,2024-07-02,99.5841,-0.07450667325891647
120850,2024-07-03,101.4356,0.018592325481678218
120850,2024-07-05,101.2823,-0.0015113037237418636
120850,2024-07-06,104.3469,0.03025800164490744
120850,2024-07-08,97.4577,-0.06602208594601278
120850,2024-07-10,105.2019,0.07946216666307526
120850,2024-07-11,113.768,0.08142533547397912
120850,2024-08-01,98.4324,-0.1347971310034456
120850,2024-08-02,99.6823,0.012698054705564399
120850,2024-08-03,102.2467,0.025725730646263267
120850,2024-08-04,98.9398,-0.03234236410563862
120850,2024-08-05,103.1738,0.04279369879462047
120850,2024-08-07,102.7466,-0.0041405860790239
120850,2024-08-08,96.019,-0.06547759244588136
120850,2024-08-10,103.4006,0.0768764515356335
120850,2024-08-11,114.8071,0.11031367322820196
120850,2024-09-01,99.614,-0.13233589211817043
120850,2024-09-02,99.8165,0.002032846788603937
120850,2024-09-04,97.1789,-0.02642448893719984
120850,2024-09-05,102.9895,0.05979281510698309
120850,2024-09-07,100.9655,-0.019652488845950278
120850,2024-09-08,94.6854,-0.062200454610733424
120850,2024-09-09,99.7643,0.05363973748856754
120850,2024-09-10,105.5969,0.05846379917465461
120850,2024-09-12,107.7259,0.0201615767129526
120850,2024-10-01,100.0196,-0.07153618581975174
120850,2024-10-04,96.7725,-0.03246463693116153
120850,2024-10-05,104.9713,0.08472241597561303
120850,2024-10-06,104.9288,-0.00040487256993104737
120850,2024-10-07,100.1,-0.04601977722036277
120850,2024-10-09,100.1466,0.00046553446553465605
120850,2024-10-10,106.4276,0.06271805533088481
120850,2024-10-12,104.1946,-0.02098139956176781
120850,2024-11-01,99.0499,-0.049375879364189745
120850,2024-11-03,101.9727,0.02950835891808068
120850,2024-11-04,94.8087,-0.07025409742019184
120850,2024-11-06,105.235,0.10997197514574086
120850,2024-11-07,99.5044,-0.054455266783864587
120850,2024-11-09,99.2378,-0.0026792785042673017
120850,2024-11-10,106.7063,0.07525862121086924
120850,2024-11-11,111.429,0.044258867564520576
120850,2024-11-12,104.0,-0.06667025639644975
120850,2024-12-01,98.3651,-0.05418173076923083
120850,2024-12-02,98.7087,0.003493108836365666
120850,2024-12-03,101.6871,0.030173632111455406
120850,2024-12-04,96.3613,-0.052374391638664086
120850,2024-12-06,104.5988,0.08548556318771117
120850,2024-12-07,98.2564,-0.06063549486227371
120850,2024-12-08,92.7995,-0.05553734922101772
120850,2024-12-09,99.755,0.07495191245642485
120850,2024-12-11,110.6007,0.10872337226204198
120850,2024-12-12,103.5761,-0.06351316040495225
120850,2025-01-01,103.3901,-0.0017957810730466761
120850,2025-01-04,104.6831,0.012506032976077996
120850,2025-01-05,103.7135,-0.009262240036834957
120850,2025-01-07,97.7625,-0.05737922256986794
120850,2025-01-08,91.4316,-0.06475795934023787
120850,2025-01-09,94.4423,0.03292844049540866
120850,2025-01-10,89.2064,-0.05544019999512928
120850,2025-01-12,94.8741,0.06353467912616129
120850,2025-02-01,104.9608,0.10631668706211705
120850,2025-02-04,105.2316,0.00258001082308823
120850,2025-02-05,105.5456,0.002983894571592538
120850,2025-02-06,101.1524,-0.041623715247248505
120850,2025-02-07,95.7766,-0.05314555067403248
120850,2025-02-09,94.2961,-0.015457846697418898
120850,2025-02-10,89.854,-0.04710799280139899
120850,2025-02-12,95.8651,0.06689852427270915
120850,2025-03-01,105.5606,0.10113691009554038
120850,2025-03-02,109.7552,0.03973641680702844
120850,2025-03-03,111.5087,0.0159764639853055
120850,2025-03-04,104.6504,-0.061504618025320035
120850,2025-03-06,103.3649,-0.012283756201600715
120850,2025-03-07,96.5753,-0.06568574051733234
120850,2025-03-09,92.8909,-0.03815054159811049
120850,2025-03-10,89.3256,-0.03838158527907476
120850,2025-03-11,90.4162,0.012209265876747644
120850,2025-03-12,94.5199,0.04538677803314006
120850,2025-04-02,109.1259,0.15452830567954456
120850,2025-04-03,111.9252,0.025652022113906936
120850,2025-04-04,105.1418,-0.06060654794452014
120850,2025-04-06,103.107,-0.019352911972212783
120850,2025-04-07,95.2218,-0.07647589397422094
120850,2025-04-08,90.96,-0.044756557847047684
120850,2025-04-09,94.6738,0.04082893579595437
120850,2025-04-11,91.3425,-0.0351871373072592
120850,2025-04-12,93.3819,0.022326956236144113
120850,2025-05-02,109.2778,0.17022463668012744
120850,2025-05-03,109.9316,0.005982916932808058
120850,2025-05-05,104.9695,-0.04513806767117012
120850,2025-05-06,103.508,-0.013923091945755695
120850,2025-05-08,89.311,-0.13715848050392232
120850,2025-05-09,94.4543,0.05758865089406684
120850,2025-05-11,91.5449,-0.030802197464805836
120850,2025-05-12,93.7671,0.024274427084414407
120850,2025-06-01,106.2473,0.133097856284347
120850,2025-06-02,108.6996,0.023081057118627957
120850,2025-06-03,108.756,0.000518861154962913
120850,2025-06-05,104.563,-0.038554194711096335
120850,2025-06-06,102.7613,-0.017230760402819345
120850,2025-06-08,89.8153,-0.1259812789445055
120850,2025-06-10,89.9574,0.0015821357831016236
120850,2025-06-11,89.7006,-0.002854684550687492
120850,2025-07-01,104.9016,0.16946374940635867
120850,2025-07-02,111.6336,0.0641744263195223
120850,2025-07-03,106.5968,-0.045119032262687986
120850,2025-07-04,102.7751,-0.03585192050793273
120850,2025-07-05,105.5974,0.02746093168481467
120850,2025-07-07,95.6182,-0.09450232676183312
120850,2025-07-08,89.1721,-0.06741499003327822
120850,2025-07-10,89.972,0.008970294520371125
120850,2025-07-11,89.7195,-0.0028064286666962257
120850,2025-08-01,103.6732,0.15552583329153635
120850,2025-08-04,103.2363,-0.004214203863679322
120850,2025-08-05,105.0881,0.01793748904212955
120850,2025-08-07,95.2048,-0.09404775612081662
120850,2025-08-08,90.6098,-0.04826437322487942
120850,2025-08-09,90.8458,0.0026045747810941045
120850,2025-08-10,89.0986,-0.01923258972896924
120850,2025-08-12,92.9209,0.042899663967783885
120850,2025-09-01,105.1511,0.13161947419794684
120850,2025-09-04,104.208,-0.008968997946764201
120850,2025-09-05,105.8886,0.016127360663288792
120850,2025-09-06,102.2966,-0.033922443020306225
120850,2025-09-07,95.9213,-0.06232171939243336
120850,2025-09-09,91.1046,-0.05021512427375352
120850,2025-09-10,88.3247,-0.030513278144023492
120850,2025-09-12,93.8814,0.06291218651181363
120850,2025-10-01,105.5053,0.12381472794398052
120850,2025-10-02,111.1674,0.05366649827070291
120850,2025-10-03,104.8049,-0.057233505506110616
120850,2025-10-04,105.0296,0.0021439837259518146
120850,2025-10-06,102.7409,-0.021790999870512695
120850,2025-10-07,96.351,-0.06219431599294922
120850,2025-10-09,91.7507,-0.04774522319436236
120850,2025-10-10,89.6886,-0.02247503288803243
120850,2025-10-11,91.6224,0.021561268656217214
120850,2025-10-12,93.0739,0.015842195794914637
120850,2025-11-02,109.7929,0.1796314541455768
120850,2025-11-03,104.0215,-0.05256624062211668
120850,2025-11-04,104.829,0.007762818263531868
120850,2025-11-06,102.3775,-0.02338570433754017
120850,2025-11-07,96.1262,-0.0610612683450954
120850,2025-11-08,91.1794,-0.05146151621514217
120850,2025-11-09,91.328,0.0016297540891911932
120850,2025-11-11,91.906,0.006328836720392417
120850,2025-11-12,93.3888,0.01613387591669757
120850,2025-12-02,111.9351,0.19859233655427633
120850,2025-12-03,106.154,-0.05164689181498927
120850,2025-12-05,107.4405,0.012119185334513949
120850,2025-12-06,102.4276,-0.04665745226427653
120850,2025-12-08,92.8995,-0.09302277901659317
120850,2025-12-09,89.8832,-0.0324684201744897
120850,2025-12-11,91.5321,0.018344918738985694
120850,2025-12-12,93.7985,0.024760712362111192
120850,2026-01-01,90.2179,-0.038173318336647166
120850,2026-01-04,86.3938,-0.0423873754543167
120850,2026-01-05,77.1559,-0.10692781194946854
120850,2026-02-01,87.9805,0.1402951686131586
120850,2026-02-02,86.6026,-0.015661424974852456
120850,2026-02-03,84.008,-0.029959839542923694
120850,2026-02-04,84.2087,0.0023890581849348447
120850,2026-03-02,85.4978,0.0153083945008059
120850,2026-03-03,83.3123,-0.02556206124602045
120850,2026-03-04,85.1704,0.022302829234098764
120850,2026-04-02,85.7874,0.007244300836910522
120850,2026-04-03,82.7286,-0.03565558578532513
120850,2026-04-05,76.8959,-0.07050403367154767
120850,2026-05-01,88.0514,0.1450727542040604
120850,2026-05-02,85.4692,-0.029326052737378427
120850,2026-05-03,82.586,-0.03373378948205907
120850,2026-05-05,75.9002,-0.08095560990966988
120850,2026-06-01,86.9073,0.14502069823267938
120850,2026-06-02,85.2367,-0.019222781055216354
120850,2026-06-03,82.6993,-0.02976886716637328
120850,2026-06-04,83.292,0.007166928861550348
120850,2026-06-05,77.1445,-0.07380660807760664
120850,2026-07-01,87.9492,0.14005794321046872
120850,2026-07-04,81.7577,-0.07039859373365542
120850,2026-07-05,75.9386,-0.07117494743614372
120850,2026-08-01,88.4046,0.16415893893224265
120850,2026-08-04,80.799,-0.08603172233119083
120850,2026-08-05,76.5463,-0.052633077142043905
120850,2026-09-01,88.5752,0.15714541395207848
120850,2026-09-02,84.3391,-0.04782489906881382
120850,2026-09-03,82.7098,-0.019318441861485347
120850,2026-09-04,80.7408,-0.023806126964398544
120850,2026-10-02,84.4238,0.04561510413570358
120850,2026-10-03,82.7451,-0.0198842032696942
120850,2026-10-04,79.2049,-0.04278440656908988
120850,2026-11-02,84.1323,0.062210797564292264
120850,2026-11-03,81.1681,-0.03523260388697336
120850,2026-11-05,75.1134,-0.07459457594794006
120850,2026-12-01,88.009,0.17168175052653734
120850,2026-12-02,82.5135,-0.06244247747389475
120850,2026-12-03,83.4761,0.011665969811000654
120850,2026-12-05,75.9746,-0.08986404491824618
125354,2022-01-02,92.5054,
125354,2022-01-03,88.4034,-0.04434335725265759
125354,2022-01-04,91.5574,0.03567736082548856
125354,2022-01-06,104.8742,0.14544755530410436
125354,2022-01-07,112.3833,0.07160102293986514
125354,2022-01-08,103.9721,-0.07484386025325829
125354,2022-01-09,107.8983,0.03776205347396089
125354,2022-01-11,109.4874,0.014727757527226881
125354,2022-01-12,107.8723,-0.01475146911882097
125354,2022-02-02,93.0269,-0.1376201304690824
125354,2022-02-03,89.8223,-0.03444810049566305
125354,2022-02-05,94.6876,0.054165836323496475
125354,2022-02-06,106.6161,0.12597742471031048
125354,2022-02-08,104.5167,-0.019691209864176273
125354,2022-02-09,108.8945,0.04188612920231871
125354,2022-02-11,109.0569,0.001491351721161438
125354,2022-02-12,109.6723,0.005642925848799996
125354,2022-03-01,92.9501,-0.15247423460618592
125354,2022-03-02,92.2682,-0.007336194366654891
125354,2022-03-03,90.8978,-0.01485235433226173
125354,2022-03-05,93.1368,0.024632059301765263
125354,2022-03-06,108.5111,0.16507223782650904
125354,2022-03-08,105.8807,-0.02424083803408128
125354,2022-03-10,111.4539,0.052636599493580905
125354,2022-03-11,108.0061,-0.030934763162168366
125354,2022-04-01,93.0533,-0.13844403232780378
125354,2022-04-02,90.0594,-0.03217403359150073
125354,2022-04-03,88.9816,-0.01196765690200019
125354,2022-04-04,92.1891,0.036046778210326647
125354,2022-04-05,95.5158,0.036085610988717765
125354,2022-04-07,110.5943,0.15786393455323622
125354,2022-04-08,106.3409,-0.03845948661006937
125354,2022-04-10,115.1296,0.08264646998473757
125354,2022-04-11,108.9454,-0.053715117571849325
125354,2022-05-01,93.5668,-0.14115878228911005
125354,2022-05-04,91.5906,-0.021120739407567757
125354,2022-05-05,95.533,0.043043718460191505
125354,2022-05-07,109.9382,0.15078768593051617
125354,2022-05-08,106.5712,-0.03062629731976685
125354,2022-05-09,110.5829,0.03764337832359943
125354,2022-05-10,115.0933,0.04078749969479922
125354,2022-05-12,105.4826,-0.083503557548528
125354,2022-06-01,93.0855,-0.11752744054469655
125354,2022-06-04,91.5467,-0.01653103866875072
125354,2022-06-05,95.5096,0.043288288927946006
125354,2022-06-06,108.9393,0.14061099617211248
125354,2022-06-07,110.6485,0.01568947110914065
125354,2022-06-09,111.6952,0.00945968540016362
125354,2022-06-10,113.9332,0.0200366712266955
125354,2022-06-12,106.0308,-0.06935994073720386
125354,2022-07-01,92.7172,-0.125563515506815
125354,2022-07-02,88.6717,-0.043632680883374464
125354,2022-07-03,90.1782,0.01698963705443801
125354,2022-07-04,91.5237,0.014920457494161488
125354,2022-07-06,109.0304,0.19128050985700962
125354,2022-07-07,109.3939,0.0033339325545902465
125354,2022-07-09,114.5063,0.04673386724488293
125354,2022-07-10,112.0607,-0.021357776821013363
125354,2022-07-11,108.4247,-0.03244670076128375
125354,2022-07-12,106.1221,-0.021236858391122992
125354,2022-08-02,88.7341,-0.16384900034959737
125354,2022-08-03,88.2293,-0.005688906519590531
125354,2022-08-04,92.4725,0.048092867108772364
125354,2022-08-06,110.2214,0.19193706236989372
125354,2022-08-07,111.5506,0.012059364152514851
125354,2022-08-08,104.4118,-0.06399606994493978
125354,2022-08-09,115.3256,0.10452649987836615
125354,2022-08-11,107.3786,-0.06890924478173088
125354,2022-08-12,104.0293,-0.031191503707442614
125354,2022-09-02,87.5697,-0.1582208089451722
125354,2022-09-03,89.2199,0.01884441764674305
125354,2022-09-05,96.2266,0.07853292819202906
125354,2022-09-06,111.2393,0.15601403354166088
125354,2022-09-08,104.1201,-0.06399896439477781
125354,2022-09-09,115.1609,0.10603908371198267
125354,2022-09-11,106.8113,-0.07250377515285134
125354,2022-09-12,104.4628,-0.021987373995073556
125354,2022-10-01,93.0789,-0.10897563534578814
125354,2022-10-02,87.5384,-0.059524768771440195
125354,2022-10-03,88.8663,0.015169342825548604
125354,2022-10-05,97.3811,0.09581584920267883
125354,2022-10-06,110.8768,0.13858644028461375
125354,2022-10-08,104.1327,-0.06082516811451988
125354,2022-10-10,111.8153,0.07377701720977181
125354,2022-10-11,106.8021,-0.04483465142963439
125354,2022-11-01,91.8206,-0.14027345904247202
125354,2022-11-02,86.4489,-0.05850212261736476
125354,2022-11-03,89.6554,0.03709127588667993
125354,2022-11-04,91.3312,0.018691567936788944
125354,2022-11-05,98.5303,0.07882410392067563
125354,2022-11-07,113.2391,0.1492819975175148
125354,2022-11-08,106.6202,-0.058450658827207236
125354,2022-11-10,111.6946,0.04759323280203942
125354,2022-11-11,108.5704,-0.027970913544611675
125354,2022-12-01,91.4675,-0.15752820289876435
125354,2022-12-04,91.3158,-0.0016585125864378991
125354,2022-12-05,99.844,0.09339238116514337
125354,2022-12-07,111.1547,0.11328372260726738
125354,2022-12-08,107.5471,-0.03245566764158425
125354,2022-12-09,115.6866,0.07568311930307736
125354,2022-12-10,111.8825,-0.032882805787360025
125354,2022-12-12,105.1062,-0.06056621902442283
125354,2023-01-02,105.5154,0.0038932051582114546
125354,2023-01-03,108.0385,0.02391214931659258
125354,2023-01-05,108.0562,0.00016383048635448816
125354,2023-01-06,118.7721,0.09916969132729081
125354,2023-01-08,110.5514,-0.06921406626640425
125354,2023-01-09,120.3986,0.08907349884307214
125354,2023-01-11,126.11,0.04743742867441969
125354,2023-01-12,133.0355,0.0549163428752677
125354,2023-02-01,101.6026,-0.23627452822742812
125354,2023-02-02,104.384,0.027375283703369835
125354,2023-02-03,106.9931,0.02499520999386884
125354,2023-02-05,107.9523,0.008965064102264497
125354,2023-02-06,117.6365,0.08970813961351443
125354,2023-02-08,110.8982,-0.05728069094201205
125354,2023-02-10,119.237,0.0751932853734325
125354,2023-02-11,127.033,0.06538238969447407
125354,2023-03-01,101.5785,-0.20037706737619354
125354,2023-03-02,104.4849,0.028612353992232498
125354,2023-03-03,104.8025,0.003039673675334864
125354,2023-03-04,107.3055,0.023883018057775374
125354,2023-03-05,108.0203,0.006661354730186364
125354,2023-03-07,121.7119,0.12675024972158
125354,2023-03-08,108.3577,-0.1097197562440485
125354,2023-03-10,119.7286,0.1049385507444327
125354,2023-03-11,127.6954,0.06654049241367566
125354,2023-04-01,102.2922,-0.19893590528711302
125354,2023-04-04,107.2799,0.048759338444182454
125354,2023-04-05,105.5836,-0.015811908847789713
125354,2023-04-07,120.8294,0.14439553112415182
125354,2023-04-08,106.9529,-0.11484373836169015
125354,2023-04-09,120.8883,0.13029473721610163
125354,2023-04-10,119.4505,-0.011893624114161505
125354,2023-04-12,132.0894,0.10580868225750417
125354,2023-05-01,100.694,-0.2376829632052232
125354,2023-05-04,107.2628,0.06523526724531736
125354,2023-05-05,103.7672,-0.032589117569185144
125354,2023-05-06,115.2647,0.11080090818678734
125354,2023-05-07,119.9762,0.04087548052439294
125354,2023-05-09,120.8896,0.007613176613361583
125354,2023-05-10,117.7959,-0.025591117846365585
125354,2023-05-12,133.0588,0.12957072359903865
125354,2023-06-01,99.8423,-0.2496377541357655
125354,2023-06-02,105.3931,0.055595674378494886
125354,2023-06-03,105.0469,-0.003284845023061367
125354,2023-06-04,107.5178,0.023521874515097574
125354,2023-06-06,115.6432,0.07557260286203782
125354,2023-06-07,118.6218,0.02575681060364987
125354,2023-06-09,118.423,-0.0016759145452184265
125354,2023-06-10,120.5961,0.01835032046139684
125354,2023-06-11,129.1805,0.07118306479231085
125354,2023-06-12,132.9432,0.02912746118802767
125354,2023-07-02,102.8285,-0.22652305646321125
125354,2023-07-03,105.4486,0.02548028999742291
125354,2023-07-04,108.4207,0.02818529596410002
125354,2023-07-06,116.951,0.07867778016559557
125354,2023-07-07,118.8492,0.01623072910877199
125354,2023-07-08,108.9764,-0.08306997438771146
125354,2023-07-09,118.5019,0.08740883347220141
125354,2023-07-11,129.8516,0.09577652341439236
125354,2023-07-12,132.7094,0.022008200129994604
125354,2023-08-02,105.4928,-0.20508419147400248
125354,2023-08-03,107.381,0.017898851864771803
125354,2023-08-05,104.2326,-0.029319898306031766
125354,2023-08-06,116.6868,0.11948469097000358
125354,2023-08-08,107.8116,-0.07606001707133969
125354,2023-08-09,120.2769,0.1156211390982047
125354,2023-08-11,129.4228,0.076040370179145
125354,2023-08-12,131.5394,0.016354150891496833
125354,2023-09-01,99.7482,-0.24168576107234796
125354,2023-09-02,105.1818,0.054473163425505344
125354,2023-09-03,105.7924,0.0058051868289001884
125354,2023-09-05,103.3576,-0.02301488575738897
125354,2023-09-06,118.7506,0.14892954170762485
125354,2023-09-08,109.4688,-0.07816213139133621
125354,2023-09-10,119.551,0.09210112835803441
125354,2023-09-11,128.2448,0.07272042893827746
125354,2023-10-01,102.0649,-0.20414005090264875
125354,2023-10-02,102.6731,0.005958953567779091
125354,2023-10-03,107.3059,0.045121847884207256
125354,2023-10-04,107.1175,-0.001755728249797861
125354,2023-10-05,104.7148,-0.02243050855369111
125354,2023-10-07,118.3052,0.12978490146569532
125354,2023-10-08,109.9849,-0.07032911486561877
125354,2023-10-10,120.5569,0.0961222858774251
125354,2023-10-11,127.9193,0.06106991802211237
125354,2023-11-01,101.9714,-0.20284585672373134
125354,2023-11-04,109.3349,0.07221142398751024
125354,2023-11-05,105.9768,-0.030713889160734698
125354,2023-11-07,117.1877,0.10578636078839909
125354,2023-11-08,107.6464,-0.08141895437831792
125354,2023-11-09,119.4655,0.10979559000579675
125354,2023-11-10,122.144,0.022420698862851696
125354,2023-11-12,134.2277,0.09892995153261719
125354,2023-12-01,103.3452,-0.2300754613243019
125354,2023-12-04,109.7057,0.06154615792508977
125354,2023-12-05,106.9391,-0.02521837971955876
125354,2023-12-06,117.801,0.10157089408831754
125354,2023-12-07,115.7515,-0.01739798473697174
125354,2023-12-09,120.1099,0.03765307577007637
125354,2023-12-10,121.3851,0.010616943316079652
125354,2023-12-12,133.6832,0.10131474126560835
125354,2024-01-01,136.0314,0.017565408368441116
125354,2024-01-02,133.1147,-0.021441373094741256
125354,2024-01-03,127.6992,-0.04068295988346893
125354,2024-01-04,126.7672,-0.0072984012429209155
125354,2024-01-05,123.8942,-0.022663591212868983
125354,2024-01-07,126.3397,0.01973861568983848
125354,2024-01-08,123.2,-0.024851254198007378
125354,2024-01-10,108.3134,-0.1208327922077922
125354,2024-01-11,113.3987,0.04694986954522706
125354,2024-02-01,136.0755,0.19997407377685983
125354,2024-02-02,130.3302,-0.04222141384745981
125354,2024-02-04,128.6936,-0.012557335137980186
125354,2024-02-05,122.7601,-0.04610563384659383
125354,2024-02-07,129.3033,0.05330070601115522
125354,2024-02-08,122.1691,-0.05517415255449787
125354,2024-02-09,119.504,-0.021814845161337804
125354,2024-02-10,110.3053,-0.07697399250234305
125354,2024-02-12,112.4186,0.019158644235589772
125354,2024-03-01,134.2848,0.1945069588128654
125354,2024-03-04,129.4636,-0.03590279763606885
125354,2024-03-05,122.0802,-0.05703070206606342
125354,2024-03-06,123.714,0.013383005597959352
125354,2024-03-07,126.9944,0.026515996572740397
125354,2024-03-09,117.302,-0.07632147559262448
125354,2024-03-10,108.617,-0.07403965831784631
125354,2024-03-12,112.6609,0.03723082022151214
125354,2024-04-01,136.0036,0.20719433272768106
125354,2024-04-03,126.4379,-0.07033416762497469
125354,2024-04-04,129.9112,0.027470402466349242
125354,2024-04-06,124.6851,-0.04022824821878335
125354,2024-04-07,125.2926,0.004872274233248319
125354,2024-04-09,115.8732,-0.0751792204806988
125354,2024-04-10,109.1794,-0.05776831916267089
125354,2024-04-11,110.6351,0.013333101299329186
125354,2024-04-12,111.8018,0.010545477881793497
125354,2024-05-01,133.1367,0.19082787575870852
125354,2024-05-02,132.7391,-0.0029864041995931734
125354,2024-05-03,126.0047,-0.05073410924136146
125354,2024-05-04,131.2301,0.04146988167901666
125354,2024-05-06,124.8728,-0.04844391644904633
125354,2024-05-07,126.6348,0.01411035870101407
125354,2024-05-08,120.1727,-0.051029416874350475
125354,2024-05-09,117.3079,-0.023839025003182912
125354,2024-05-11,110.8036,-0.05544639363589321
125354,2024-05-12,112.7414,0.01748860145338238
125354,2024-06-02,134.0353,0.18887382984422763
125354,2024-06-03,125.5061,-0.06363398298806366
125354,2024-06-05,124.6913,-0.006492114725897835
125354,2024-06-06,124.2693,-0.0033843580105428206
125354,2024-06-08,117.1221,-0.0575138026849753
125354,2024-06-09,117.7192,0.005098098480133206
125354,2024-06-11,110.2649,-0.06332272050778465
125354,2024-06-12,114.0005,0.03387841461788832
125354,2024-07-02,133.3172,0.1694439936666945
125354,2024-07-03,124.928,-0.06292661412030864
125354,2024-07-05,128.3458,0.027358158299180424
125354,2024-07-06,123.5364,-0.03747220399888429
125354,2024-07-08,117.1316,-0.05184544798132373
125354,2024-07-10,108.1774,-0.07644563892237444
125354,2024-07-11,110.3248,0.019850726676736485
125354,2024-08-01,134.059,0.21513023363740524
125354,2024-08-02,135.3565,0.009678574359051062
125354,2024-08-03,125.9157,-0.06974766634775575
125354,2024-08-04,130.8729,0.03936919701038066
125354,2024-08-05,128.7381,-0.016312009590984777
125354,2024-08-07,127.0934,-0.012775549740131287
125354,2024-08-08,116.3945,-0.08418139730308583
125354,2024-08-10,107.571,-0.07580684654343628
125354,2024-08-11,111.6259,0.03769510369895235
125354,2024-09-01,133.594,0.19680110081979185
125354,2024-09-02,135.004,0.01055436621405148
125354,2024-09-04,129.7159,-0.03916995051998451
125354,2024-09-05,128.078,-0.012626825238848949
125354,2024-09-07,129.1543,0.00840347288371146
125354,2024-09-08,114.451,-0.11384289953954307
125354,2024-09-09,117.5902,0.027428331775170234
125354,2024-09-10,106.5827,-0.09360899122545918
125354,2024-09-12,114.93,0.07831758812640333
125354,2024-10-01,131.777,0.14658487775167472
125354,2024-10-04,128.8363,-0.022315730362658104
125354,2024-10-05,126.3263,-0.01948208695841147
125354,2024-10-06,121.9972,-0.034269190184466725
125354,2024-10-07,129.1884,0.05894561514526564
125354,2024-10-09,116.9247,-0.0949288016571147
125354,2024-10-10,105.6947,-0.09604471937922443
125354,2024-10-12,113.5616,0.07443041136405149
125354,2024-11-01,132.1563,0.16374108853697011
125354,2024-11-03,127.405,-0.0359521263836835
125354,2024-11-04,128.897,0.011710686393783476
125354,2024-11-06,121.4205,-0.058003677354787064
125354,2024-11-07,127.901,0.05337237122232241
125354,2024-11-09,117.6583,-0.08008303297081332
125354,2024-11-10,109.1945,-0.07193542656999119
125354,2024-11-11,110.936,0.01594860547005572
125354,2024-11-12,112.9531,0.018182555707795478
125354,2024-12-01,129.7466,0.14867675167835137
125354,2024-12-02,134.3228,0.03527028839291346
125354,2024-12-03,126.9946,-0.054556635210105786
125354,2024-12-04,127.3166,0.00253554088126573
125354,2024-12-06,118.3861,-0.07014403463491792
125354,2024-12-07,127.6307,0.07808855938323855
125354,2024-12-08,116.1358,-0.0900637542534829
125354,2024-12-09,116.5124,0.0032427554638621015
125354,2024-12-11,108.4925,-0.0688330169149377
125354,2024-12-12,112.9984,0.041531903126944325
125354,2025-01-01,102.2548,-0.09507745242410515
125354,2025-01-04,119.3739,0.16741610173801136
125354,2025-01-05,129.7322,0.08677189904995974
125354,2025-01-07,134.6524,0.03792581949585383
125354,2025-01-08,138.6247,0.029500402517890434
125354,2025-01-09,141.3392,0.01958164742646895
125354,2025-01-10,147.6841,0.04489129696503169
125354,2025-01-12,143.3853,-0.029108075954012658
125354,2025-02-01,104.1933,-0.2733334588692147
125354,2025-02-04,119.8478,0.15024478541326558
125354,2025-02-05,131.6066,0.09811444181703766
125354,2025-02-06,141.5302,0.07540351319766647
125354,2025-02-07,134.9637,-0.0463964581410895
125354,2025-02-09,139.3573,0.032553938577558394
125354,2025-02-10,146.719,0.052826080872691916
125354,2025-02-12,145.4648,-0.008548313442703348
125354,2025-03-01,105.4834,-0.27485274788127434
125354,2025-03-02,111.2093,0.05428247477802195
125354,2025-03-03,114.1763,0.026679423393547008
125354,2025-03-04,120.9513,0.059338058774018876
125354,2025-03-06,140.2463,0.15952701624538124
125354,2025-03-07,134.3794,-0.04183283266653015
125354,2025-03-09,137.9384,0.02648471417494047
125354,2025-03-10,147.4876,0.06922800322462774
125354,2025-03-11,139.2448,-0.055888088218941756
125354,2025-03-12,143.3368,0.029387093808889153
125354,2025-04-02,113.3623,-0.20911936083406357
125354,2025-04-03,112.4663,-0.007903862218744728
125354,2025-04-04,123.026,0.0938921259079386
125354,2025-04-06,138.7525,0.12783070245314
125354,2025-04-07,134.6294,-0.029715500621610325
125354,2025-04-08,137.3153,0.019950322886382876
125354,2025-04-09,133.2829,-0.029365991990695783
125354,2025-04-11,137.4273,0.031094761593572606
125354,2025-04-12,145.6188,0.059606060804512584
125354,2025-05-02,113.3483,-0.22160943504547492
125354,2025-05-03,110.3361,-0.02657472586708398
125354,2025-05-05,133.0735,0.2060739866643826
125354,2025-05-06,138.0654,0.037512352196342746
125354,2025-05-08,138.5363,0.003410702464194504
125354,2025-05-09,134.2139,-0.031200486803819816
125354,2025-05-11,138.1304,0.02918103117486348
125354,2025-05-12,145.1284,0.050662272750965576
125354,2025-06-01,106.673,-0.2649750152278947
125354,2025-06-02,112.4108,0.053788681297047836
125354,2025-06-03,110.8792,-0.013625025353435793
125354,2025-06-05,132.807,0.1977629708728057
125354,2025-06-06,138.2499,0.040983532494522246
125354,2025-06-08,138.4693,0.0015869812564059949
125354,2025-06-10,145.2176,0.048734990355262964
125354,2025-06-11,136.2467,-0.06177556990337263
125354,2025-07-01,106.0811,-0.22140426153440773
125354,2025-07-02,111.2775,0.0489851632383147
125354,2025-07-03,111.1506,-0.0011403922625868868
125354,2025-07-04,123.1137,0.10762964842295042
125354,2025-07-05,132.4039,0.0754603265111844
125354,2025-07-07,134.9346,0.019113485327849178
125354,2025-07-08,138.0731,0.023259416043031278
125354,2025-07-10,144.8669,0.049204370728259006
125354,2025-07-11,138.1272,-0.0465233949232019
125354,2025-08-01,106.8201,-0.22665412749986968
125354,2025-08-04,123.6374,0.1574357260478132
125354,2025-08-05,133.1692,0.07709479494068949
125354,2025-08-07,134.0579,0.006673465035458737
125354,2025-08-08,137.5359,0.025944013743315564
125354,2025-08-09,137.5827,0.00034027479370823954
125354,2025-08-10,147.167,0.06966210141245965
125354,2025-08-12,146.2399,-0.006299645980416768
125354,2025-09-01,106.5684,-0.2712768539912842
125354,2025-09-04,124.8948,0.17196842591237194
125354,2025-09-05,134.5327,0.07716814471058853
125354,2025-09-06,140.2923,0.04281189628989823
125354,2025-09-07,132.6763,-0.054286657214971945
125354,2025-09-09,137.8887,0.03928659451612693
125354,2025-09-10,147.1324,0.06703740045413431
125354,2025-09-12,144.7154,-0.016427381052711687
125354,2025-10-01,106.3656,-0.2650015133150998
125354,2025-10-02,111.7719,0.050827523184187484
125354,2025-10-03,113.2583,0.01329851241680613
125354,2025-10-04,123.8646,0.09364699982252955
125354,2025-10-06,138.0987,0.11491661055701163
125354,2025-10-07,132.0216,-0.04400548303495977
125354,2025-10-09,135.6073,0.02715994958400758
125354,2025-10-10,147.4487,0.08732125777889532
125354,2025-10-11,138.0714,-0.0635970340871096
125354,2025-10-12,145.0271,0.05037755827781831
125354,2025-11-02,110.0341,-0.24128593897278505
125354,2025-11-03,113.6402,0.032772567776716555
125354,2025-11-04,124.0007,0.09116932212368511
125354,2025-11-06,137.6308,0.1099195407767859
125354,2025-11-07,132.4521,-0.03762747873295802
125354,2025-11-08,137.4939,0.03806508164083455
125354,2025-11-09,134.6223,-0.020885290183782712
125354,2025-11-11,138.2754,0.027135920274724112
125354,2025-11-12,145.6383,0.053248083173145666
125354,2025-12-02,109.757,-0.24637269179879184
125354,2025-12-03,113.1402,0.030824457665570293
125354,2025-12-05,135.5659,0.1982115994138247
125354,2025-12-06,137.9311,0.01744686532527706
125354,2025-12-08,136.8169,-0.008077946162975413
125354,2025-12-09,133.9416,-0.02101567861865028
125354,2025-12-11,137.8757,0.02937175604890485
125354,2025-12-12,143.1093,0.03795882813287621
125354,2026-01-01,148.1886,0.03549245227249398
125354,2026-01-04,190.5157,0.2856299337465904
125354,2026-01-05,173.69,-0.08831660592801549
125354,2026-02-01,148.9872,-0.1422235016408544
125354,2026-02-02,159.5989,0.07122558179494609
125354,2026-02-03,162.29,0.016861645036400752
125354,2026-02-04,189.8863,0.17004313266375015
125354,2026-03-02,161.6439,-0.14873321561376462
125354,2026-03-03,162.7927,0.0071069802201011445
125354,2026-03-04,192.3208,0.18138466896857164
125354,2026-04-02,160.9794,-0.16296417236201177
125354,2026-04-03,162.1782,0.007446915568078971
125354,2026-04-05,172.9034,0.0661321928594596
125354,2026-05-01,147.3711,-0.14766800421507031
125354,2026-05-02,160.2699,0.087525980331286
125354,2026-05-03,162.8832,0.016305619458176324
125354,2026-05-05,176.0975,0.08112745820317868
125354,2026-06-01,149.4198,-0.1514939167222703
125354,2026-06-02,162.5207,0.08767847366948689
125354,2026-06-03,164.0913,0.00966399972434262
125354,2026-06-04,191.7426,0.16851167612176887
125354,2026-06-05,179.1592,-0.06562652222302201
125354,2026-07-01,150.9315,-0.15755651956472227
125354,2026-07-04,192.8206,0.27753716089749325
125354,2026-07-05,180.9282,-0.06167598275288022
125354,2026-08-01,152.7668,-0.15564958917404814
125354,2026-08-04,192.6446,0.26103708397374303
125354,2026-08-05,180.3005,-0.06407706211334241
125354,2026-09-01,152.8518,-0.1522386238529566
125354,2026-09-02,165.7091,0.08411611770355343
125354,2026-09-03,166.5462,0.0050516235982212
125354,2026-09-04,192.6022,0.15644908139603309
125354,2026-10-02,167.0657,-0.13258675134551945
125354,2026-10-03,166.5726,-0.002951533438641185
125354,2026-10-04,191.8166,0.15154953455730413
125354,2026-11-02,165.8282,-0.13548566703820208
125354,2026-11-03,169.9236,0.024696643876011448
125354,2026-11-05,184.6773,0.08682549098536052
125354,2026-12-01,150.3242,-0.18601690624673428
125354,2026-12-02,164.8867,0.0968739564221861
125354,2026-12-03,171.8516,0.04224052030879388
125354,2026-12-05,181.3186,0.05508822728447105
125356,2022-01-02,133.2054,
125356,2022-01-03,141.9674,0.0657781141004794
125356,2022-01-04,150.248,0.05832747518092174
125356,2022-01-06,132.6295,-0.1172627921835897
125356,2022-01-07,138.8374,0.046806328908726824
125356,2022-01-08,132.4051,-0.046329735359492474
125356,2022-01-09,135.1965,0.02108226948961911
125356,2022-01-11,120.914,-0.10564252772815852
125356,2022-01-12,124.0895,0.026262467538912038
125356,2022-02-02,135.8575,0.09483477651211403
125356,2022-02-03,142.4905,0.048823215501536676
125356,2022-02-05,151.921,0.06618335959239374
125356,2022-02-06,136.5,-0.10150670414228447
125356,2022-02-08,129.6505,-0.05017948717948717
125356,2022-02-09,135.1452,0.04238086239544003
125356,2022-02-11,120.0755,-0.11150747492326762
125356,2022-02-12,124.1461,0.03390033770419443
125356,2022-03-01,123.7245,-0.003395998746637985
125356,2022-03-02,135.332,0.09381731185011843
125356,2022-03-03,143.0759,0.05722149971920909
125356,2022-03-05,152.0959,0.06304346154733254
125356,2022-03-06,134.6489,-0.11471052145389848
125356,2022-03-08,131.4994,-0.023390462157507286
125356,2022-03-10,130.389,-0.00844414499229651
125356,2022-03-11,121.4268,-0.06873432574833771
125356,2022-04-01,123.7791,0.019372164958641802
125356,2022-04-02,137.5414,0.11118435987981834
125356,2022-04-03,142.4952,0.036016792034980094
125356,2022-04-04,152.4557,0.06990060016056687
125356,2022-04-05,149.1247,-0.021848969897485082
125356,2022-04-07,138.4397,-0.0716514433893245
125356,2022-04-08,128.5727,-0.07127290798809871
125356,2022-04-10,127.975,-0.00464873180698544
125356,2022-04-11,118.0412,-0.07762297323696032
125356,2022-05-01,125.1416,0.0601518791743898
125356,2022-05-04,150.9584,0.20630070256413546
125356,2022-05-05,146.6682,-0.028419750076842387
125356,2022-05-07,138.3647,-0.05661418085174574
125356,2022-05-08,129.7965,-0.061924753929289644
125356,2022-05-09,134.7249,0.037970207208976925
125356,2022-05-10,128.348,-0.047332749922248785
125356,2022-05-12,122.2363,-0.047618194284289705
125356,2022-06-01,123.7877,0.012691810861421793
125356,2022-06-04,150.5841,0.21647061864789485
125356,2022-06-05,146.7763,-0.025286866276054476
125356,2022-06-06,137.9198,-0.06034012303076164
125356,2022-06-07,138.5081,0.004265522426801782
125356,2022-06-09,135.7047,-0.02023997152513113
125356,2022-06-10,131.3149,-0.03234817953983915
125356,2022-06-12,118.2982,-0.09912584177423889
125356,2022-07-01,124.7837,0.05482331937425933
125356,2022-07-02,136.9207,0.0972643061553713
125356,2022-07-03,140.6221,0.027033165912823787
125356,2022-07-04,148.4234,0.055477055171271106
125356,2022-07-06,138.0675,-0.06977269082907411
125356,2022-07-07,138.8644,0.0057718145110181585
125356,2022-07-09,136.3151,-0.018358196917280356
125356,2022-07-10,130.5756,-0.04210465311619915
125356,2022-07-11,117.8495,-0.09746154718033084
125356,2022-07-12,118.5581,0.006012753554321293
125356,2022-08-02,135.0176,0.1388306661459655
125356,2022-08-03,143.302,0.06135792667030082
125356,2022-08-04,148.029,0.032986280721832184
125356,2022-08-06,139.3064,-0.058924940383303315
125356,2022-08-07,133.9027,-0.0387900340544296
125356,2022-08-08,133.4865,-0.0031082270932550893
125356,2022-08-09,135.8538,0.017734377633693343
125356,2022-08-11,121.0385,-0.10905326166805795
125356,2022-08-12,120.0306,-0.008327102533491337
125356,2022-09-02,135.8251,0.13158727857729602
125356,2022-09-03,146.1943,0.07634229608518606
125356,2022-09-05,145.9592,-0.0016081338328511885
125356,2022-09-06,138.3547,-0.05210017593957761
125356,2022-09-08,133.1268,-0.03778621181643993
125356,2022-09-09,132.7389,-0.0029137634195368634
125356,2022-09-11,119.0403,-0.10319958957020137
125356,2022-09-12,119.8955,0.007184121679800759
125356,2022-10-01,125.361,0.0455855307330133
125356,2022-10-02,133.6424,0.06606041751421898
125356,2022-10-03,144.3286,0.07996115005417437
125356,2022-10-05,143.1577,-0.0081127371844526
125356,2022-10-06,138.8554,-0.030052871763097677
125356,2022-10-08,132.6814,-0.044463521044194265
125356,2022-10-10,131.797,-0.006665591409195204
125356,2022-10-11,119.2433,-0.09525027125048369
125356,2022-11-01,125.3175,0.050939549643459925
125356,2022-11-02,134.783,0.0755321483432081
125356,2022-11-03,144.0678,0.06888702581186079
125356,2022-11-04,149.6221,0.038553375563449954
125356,2022-11-05,139.5915,-0.06703956166903147
125356,2022-11-07,133.9991,-0.04006261126214705
125356,2022-11-08,133.9627,-0.00027164361551668126
125356,2022-11-10,131.6607,-0.017183887753830174
125356,2022-11-11,123.2439,-0.06392796027971892
125356,2022-12-01,124.4369,0.009679992275479776
125356,2022-12-04,149.9989,0.2054213822427271
125356,2022-12-05,137.8884,-0.08073725873989746
125356,2022-12-07,129.5847,-0.06022043913773745
125356,2022-12-08,133.3678,0.029194032937530423
125356,2022-12-09,131.8736,-0.011203603868399803
125356,2022-12-10,129.1801,-0.020424861382414727
125356,2022-12-12,118.9936,-0.07885502488386376
125356,2023-01-02,145.547,0.22314981646071708
125356,2023-01-03,161.8285,0.11186420881227366
125356,2023-01-05,158.5588,-0.020204722901095873
125356,2023-01-06,140.7455,-0.11234507324727483
125356,2023-01-08,123.2111,-0.12458231346650506
125356,2023-01-09,120.2172,-0.024298947091617507
125356,2023-01-11,129.2851,0.07542930628895039
125356,2023-01-12,137.0868,0.06034492760573351
125356,2023-02-01,138.762,0.012219994922924693
125356,2023-02-02,144.7387,0.043071590204811105
125356,2023-02-03,162.6068,0.12345074261410383
125356,2023-02-05,157.14,-0.033619750219548106
125356,2023-02-06,140.705,-0.10458826524118603
125356,2023-02-08,122.2217,-0.13136206957819563
125356,2023-02-10,126.7077,0.036703793188934464
125356,2023-02-11,129.049,0.018477961481425442
125356,2023-03-01,137.851,0.06820665018713812
125356,2023-03-02,146.6709,0.06398140020747034
125356,2023-03-03,161.208,0.09911373012642599
125356,2023-03-04,167.5172,0.03913701553272797
125356,2023-03-05,157.4459,-0.06012099056096931
125356,2023-03-07,135.2388,-0.141045908467607
125356,2023-03-08,124.0543,-0.08270185775088212
125356,2023-03-10,126.5863,0.020410417051242913
125356,2023-03-11,131.4141,0.03813840834276694
125356,2023-04-01,139.5548,0.06194692959126913
125356,2023-04-04,164.3021,0.17733033904960638
125356,2023-04-05,152.0942,-0.074301545750176
125356,2023-04-07,133.904,-0.11959824897990856
125356,2023-04-08,121.423,-0.09320856733181981
125356,2023-04-09,121.8571,0.0035751052107095838
125356,2023-04-10,126.6862,0.039629205027856385
125356,2023-04-12,140.9347,0.11247081371135925
125356,2023-05-01,141.5909,0.004656057024991167
125356,2023-05-04,158.9934,0.12290690997797182
125356,2023-05-05,152.5577,-0.04047778083870146
125356,2023-05-06,142.1182,-0.06842984654330797
125356,2023-05-07,135.5278,-0.04637266725866207
125356,2023-05-09,119.0874,-0.12130647734265598
125356,2023-05-10,126.4677,0.061973810831372544
125356,2023-05-12,141.8976,0.12200664675644468
125356,2023-06-01,142.4357,0.0037921712558914855
125356,2023-06-02,147.1711,0.033245878666654516
125356,2023-06-03,160.6575,0.09163755655831896
125356,2023-06-04,159.4911,-0.007260165258391349
125356,2023-06-06,142.9298,-0.10383839599827194
125356,2023-06-07,138.6679,-0.029818134496794935
125356,2023-06-09,120.5671,-0.130533454389949
125356,2023-06-10,128.4618,0.06547972042124273
125356,2023-06-11,130.19,0.013453026502820098
125356,2023-06-12,141.4391,0.08640525385974351
125356,2023-07-02,152.2266,0.07626957467913753
125356,2023-07-03,162.9558,0.07048176862650823
125356,2023-07-04,160.1462,-0.017241485114368515
125356,2023-07-06,148.6782,-0.07160956675837449
125356,2023-07-07,137.7895,-0.0732366950904706
125356,2023-07-08,120.4963,-0.12550448328791375
125356,2023-07-09,120.7998,0.002518749538367615
125356,2023-07-11,131.4004,0.08775345654545763
125356,2023-07-12,143.2814,0.09041829400823742
125356,2023-08-02,152.6697,0.06552350828509512
125356,2023-08-03,165.6475,0.08500573460221639
125356,2023-08-05,147.0707,-0.11214657631416125
125356,2023-08-06,149.7649,0.01831908055105491
125356,2023-08-08,123.8333,-0.17314871508611174
125356,2023-08-09,122.2753,-0.01258143003537815
125356,2023-08-11,129.9505,0.06276983168309558
125356,2023-08-12,145.1795,0.11719077648797027
125356,2023-09-01,146.0733,0.006156516588085692
125356,2023-09-02,151.4846,0.037045099960088645
125356,2023-09-03,162.8809,0.07523074952833486
125356,2023-09-05,149.5443,-0.08187945916310635
125356,2023-09-06,148.7946,-0.005013230193327223
125356,2023-09-08,122.1499,-0.17907034260651933
125356,2023-09-10,128.5107,0.05207372253272413
125356,2023-09-11,130.2351,0.013418337928281288
125356,2023-10-01,144.2088,0.10729595938422132
125356,2023-10-02,157.6288,0.09305950815761599
125356,2023-10-03,159.222,0.010107290038368522
125356,2023-10-04,160.9066,0.010580196204042158
125356,2023-10-05,150.7898,-0.06287374166131154
125356,2023-10-07,139.3817,-0.07565564779580591
125356,2023-10-08,121.7776,-0.12630137241833028
125356,2023-10-10,130.0536,0.06795995322620896
125356,2023-10-11,127.9647,-0.01606183911864023
125356,2023-11-01,143.227,0.11926961107242873
125356,2023-11-04,158.6726,0.10784000223421542
125356,2023-11-05,150.2349,-0.053176792968666176
125356,2023-11-07,138.9458,-0.07514299274003589
125356,2023-11-08,119.6176,-0.13910603990908688
125356,2023-11-09,121.1727,0.013000595230133527
125356,2023-11-10,129.2723,0.0668434391574999
125356,2023-11-12,148.8197,0.15121104830655918
125356,2023-12-01,143.7548,-0.03403380063257766
125356,2023-12-04,160.3564,0.1154855350916979
125356,2023-12-05,151.5781,-0.05474243622331254
125356,2023-12-06,147.6161,-0.02613834056502895
125356,2023-12-07,140.9412,-0.04521796741683315
125356,2023-12-09,122.406,-0.13151016168444718
125356,2023-12-10,129.7163,0.05972174566606192
125356,2023-12-12,148.7945,0.14707635046636391
125356,2024-01-01,152.114,0.022309292346155196
125356,2024-01-02,148.0895,-0.026457130836083587
125356,2024-01-03,169.3419,0.14351051222402678
125356,2024-01-04,174.9871,0.03333610878347293
125356,2024-01-05,153.8484,-0.12080147622310444
125356,2024-01-07,129.7464,-0.15666071275359383
125356,2024-01-08,142.2105,0.09606509313553202
125356,2024-01-10,141.5407,-0.00470991945039223
125356,2024-01-11,138.3235,-0.022729857913660112
125356,2024-02-01,149.908,0.08374932675937208
125356,2024-02-02,145.7861,-0.0274961976679029
125356,2024-02-04,178.0195,0.22110063991011475
125356,2024-02-05,146.2916,-0.17822710433407585
125356,2024-02-07,128.3036,-0.12295989653541284
125356,2024-02-08,141.8685,0.10572501473068585
125356,2024-02-09,145.2696,0.023973609363600712
125356,2024-02-10,137.1401,-0.05596146750593389
125356,2024-02-12,131.2651,-0.04283940291716282
125356,2024-03-01,152.4191,0.16115479285811696
125356,2024-03-04,174.0029,0.14160823676297807
125356,2024-03-05,146.0326,-0.16074617147185477
125356,2024-03-06,137.3608,-0.05938263100157082
125356,2024-03-07,132.4915,-0.03544897816553205
125356,2024-03-09,143.3758,0.08215093043704691
125356,2024-03-10,139.6652,-0.02588023920354765
125356,2024-03-12,132.3995,-0.05202226467294646
125356,2024-04-01,155.52,0.17462679239725243
125356,2024-04-03,174.2117,0.12018840020576138
125356,2024-04-04,173.9448,-0.0015320440590386175
125356,2024-04-06,137.9932,-0.20668395950899354
125356,2024-04-07,135.4187,-0.018656716417910446
125356,2024-04-09,142.4112,0.05163614774030467
125356,2024-04-10,142.9347,0.003675974923320613
125356,2024-04-11,140.0188,-0.020400224718000515
125356,2024-04-12,132.7443,-0.05195373764094524
125356,2024-05-01,153.5472,0.1567140735986403
125356,2024-05-02,147.5973,-0.038749648316608876
125356,2024-05-03,173.0524,0.17246318191457433
125356,2024-05-04,174.9791,0.011133621954968476
125356,2024-05-06,138.291,-0.2096713264612745
125356,2024-05-07,133.9796,-0.031176287683218673
125356,2024-05-08,147.1808,0.09853141821590738
125356,2024-05-09,137.292,-0.06718811149280346
125356,2024-05-11,137.1524,-0.001016810884829411
125356,2024-05-12,131.5033,-0.041188488134367374
125356,2024-06-02,151.9751,0.15567518077493103
125356,2024-06-03,174.9218,0.15098986610306553
125356,2024-06-05,139.8063,-0.20074970644024925
125356,2024-06-06,135.2947,-0.03227036263744898
125356,2024-06-08,146.5775,0.08339424973779441
125356,2024-06-09,137.8463,-0.05956712319421453
125356,2024-06-11,136.7181,-0.008184477929404133
125356,2024-06-12,133.3594,-0.024566608225245923
125356,2024-07-02,152.8881,0.14643662164046933
125356,2024-07-03,176.8348,0.1566289331870825
125356,2024-07-05,139.6283,-0.21040259044034326
125356,2024-07-06,132.6328,-0.05010087496589155
125356,2024-07-08,147.9411,0.11541865963773668
125356,2024-07-10,141.9725,-0.04034443437286872
125356,2024-07-11,137.9264,-0.028499181179453714
125356,2024-08-01,153.1966,0.11071266994571016
125356,2024-08-02,155.4943,0.014998374637557266
125356,2024-08-03,177.431,0.14107719704194954
125356,2024-08-04,173.0662,-0.024599985346416386
125356,2024-08-05,139.6831,-0.19289208406956415
125356,2024-08-07,133.7906,-0.04218477396334974
125356,2024-08-08,143.7319,0.07430492127249577
125356,2024-08-10,142.5474,-0.00824103765413231
125356,2024-08-11,137.4004,-0.03610728782145456
125356,2024-09-01,153.3114,0.11580024512301268
125356,2024-09-02,155.2087,0.012375465881858672
125356,2024-09-04,167.1581,0.07698924093816895
125356,2024-09-05,134.5514,-0.19506503124885954
125356,2024-09-07,134.3484,-0.0015087171147978307
125356,2024-09-08,144.7352,0.0773124205424105
125356,2024-09-09,137.9696,-0.04674467579413977
125356,2024-09-10,140.7139,0.019890613584441663
125356,2024-09-12,131.7773,-0.06350900657291136
125356,2024-10-01,155.4209,0.1794208866018654
125356,2024-10-04,167.4894,0.07765043182737963
125356,2024-10-05,138.5035,-0.1730611011801343
125356,2024-10-06,134.8534,-0.02635384665369478
125356,2024-10-07,136.1556,0.00965641207414869
125356,2024-10-09,138.4287,0.016694869693203884
125356,2024-10-10,136.6718,-0.012691732278060863
125356,2024-10-12,133.4119,-0.02385203092371646
125356,2024-11-01,159.2505,0.19367537678422986
125356,2024-11-03,177.5382,0.11483606016935588
125356,2024-11-04,165.5941,-0.06727622562355595
125356,2024-11-06,134.2999,-0.18898137071308696
125356,2024-11-07,136.2832,0.014767695284955362
125356,2024-11-09,139.5451,0.023934718292496715
125356,2024-11-10,135.2257,-0.030953433692763155
125356,2024-11-11,137.043,0.013439013441971515
125356,2024-11-12,131.7326,-0.03874988142407865
125356,2024-12-01,155.3039,0.17893292928250104
125356,2024-12-02,155.0848,-0.0014107823435213218
125356,2024-12-03,175.1678,0.12949689460217884
125356,2024-12-04,163.7299,-0.06529681825084299
125356,2024-12-06,135.5449,-0.1721432676621678
125356,2024-12-07,134.2562,-0.009507550634513029
125356,2024-12-08,147.287,0.09705920471456819
125356,2024-12-09,140.4225,-0.04660628568712777
125356,2024-12-11,136.8283,-0.02559561323861914
125356,2024-12-12,130.5249,-0.046067955240253755
125356,2025-01-01,119.9967,-0.08066047168011614
125356,2025-01-04,125.2824,0.044048711339561786
125356,2025-01-05,126.5974,0.010496286788886477
125356,2025-01-07,166.9726,0.31892598110229753
125356,2025-01-08,156.1225,-0.06498132028847847
125356,2025-01-09,166.9542,0.06937949366683194
125356,2025-01-10,166.5598,-0.002362324517741987
125356,2025-01-12,185.105,0.11134259287054848
125356,2025-02-01,120.1112,-0.3511185543340266
125356,2025-02-04,125.7804,0.047199595041927944
125356,2025-02-05,128.0717,0.018216669687805
125356,2025-02-06,136.2985,0.06423589286313836
125356,2025-02-07,165.9273,0.2173817026599707
125356,2025-02-09,170.4569,0.02729870250404831
125356,2025-02-10,166.2674,-0.02457806049505762
125356,2025-02-12,182.232,0.09601761981001689
125356,2025-03-01,123.0055,-0.32500603626146896
125356,2025-03-02,130.3585,0.05977781481315869
125356,2025-03-03,135.3886,0.03858666676894873
125356,2025-03-04,124.4231,-0.08099278668957355
125356,2025-03-06,134.6222,0.08197111308109184
125356,2025-03-07,161.0095,0.1960100191498877
125356,2025-03-09,170.0224,0.055977442324831816
125356,2025-03-10,164.8322,-0.030526565911315195
125356,2025-03-11,173.384,0.05188185318159921
125356,2025-03-12,183.1214,0.056160891431735305
125356,2025-04-02,130.2631,-0.28865168134363317
125356,2025-04-03,138.9337,0.06656221140138663
125356,2025-04-04,127.2403,-0.08416532489957429
125356,2025-04-06,133.3398,0.04793685648336243
125356,2025-04-07,160.5636,0.20416859782300567
125356,2025-04-08,157.2779,-0.020463542172696747
125356,2025-04-09,173.1361,0.10082916926027119
125356,2025-04-11,173.5195,0.0022144428573820374
125356,2025-04-12,190.7634,0.09937730341546636
125356,2025-05-02,132.2563,-0.3066998176799113
125356,2025-05-03,138.7353,0.04898821455008173
125356,2025-05-05,127.8722,-0.07830090827640834
125356,2025-05-06,142.365,0.11333816107019357
125356,2025-05-08,162.0176,0.1380437607558036
125356,2025-05-09,172.834,0.0667606482258718
125356,2025-05-11,171.3795,-0.008415589525209155
125356,2025-05-12,191.0493,0.11477335387254595
125356,2025-06-01,125.9181,-0.3409130522854572
125356,2025-06-02,131.4466,0.04390552271674997
125356,2025-06-03,136.7756,0.040541177938417716
125356,2025-06-05,129.4462,-0.0535870433030452
125356,2025-06-06,144.6115,0.11715523514788395
125356,2025-06-08,161.9167,0.11966683147605806
125356,2025-06-10,162.0076,0.0005613997814926108
125356,2025-06-11,174.4975,0.07709453136766431
125356,2025-07-01,126.799,-0.27334775569850567
125356,2025-07-02,133.2737,0.05106270554184178
125356,2025-07-03,138.3986,0.03845394852847939
125356,2025-07-04,124.4864,-0.10052269314863005
125356,2025-07-05,131.325,0.05493451493496471
125356,2025-07-07,159.0913,0.21143194365124685
125356,2025-07-08,164.6986,0.03524579911032233
125356,2025-07-10,161.9877,-0.016459763470970667
125356,2025-07-11,175.9386,0.08612320565079945
125356,2025-08-01,127.4582,-0.2755529485854724
125356,2025-08-04,125.3793,-0.016310445306775168
125356,2025-08-05,128.6684,0.026233197984037115
125356,2025-08-07,159.6637,0.24089286880073124
125356,2025-08-08,168.91,0.057911096886768876
125356,2025-08-09,170.4117,0.008890533420164548
125356,2025-08-10,161.0869,-0.05471924756340074
125356,2025-08-12,191.3219,0.1876937230774196
125356,2025-09-01,127.6479,-0.33281082824287234
125356,2025-09-04,126.6497,-0.007819948467620796
125356,2025-09-05,132.1098,0.043111827347400045
125356,2025-09-06,146.5516,0.10931664418536702
125356,2025-09-07,159.9572,0.09147358336585887
125356,2025-09-09,169.7217,0.06104445439154982
125356,2025-09-10,162.8307,-0.040601761589708296
125356,2025-09-12,193.6804,0.18945874457335132
125356,2025-10-01,122.628,-0.3668538478854856
125356,2025-10-02,134.8139,0.09937290015330902
125356,2025-10-03,137.541,0.020228626276667327
125356,2025-10-04,125.2698,-0.08921848757824935
125356,2025-10-06,145.255,0.15953725478926284
125356,2025-10-07,160.1884,0.10280816495129264
125356,2025-10-09,167.3421,0.04465804015771413
125356,2025-10-10,164.5366,-0.01676505792624805
125356,2025-10-11,177.6872,0.07992507442113173
125356,2025-10-12,193.8966,0.09122435380826532
125356,2025-11-02,134.2768,-0.30748244167252026
125356,2025-11-03,137.4411,0.023565500518332172
125356,2025-11-04,123.4088,-0.10209682547651322
125356,2025-11-06,148.7475,0.20532328326667137
125356,2025-11-07,161.5268,0.08591270441520038
125356,2025-11-08,171.597,0.06234383396439469
125356,2025-11-09,166.0062,-0.03258098917813246
125356,2025-11-11,176.4233,0.06275127073567144
125356,2025-11-12,189.0282,0.07144691205753428
125356,2025-12-02,137.1411,-0.2744939643926144
125356,2025-12-03,136.6764,-0.003388480914911729
125356,2025-12-05,129.0869,-0.0555289720829637
125356,2025-12-06,151.2749,0.17188421133360543
125356,2025-12-08,171.6396,0.13462048231398605
125356,2025-12-09,166.5895,-0.02942269732625813
125356,2025-12-11,178.7189,0.07281011108143076
125356,2025-12-12,192.3332,0.0761771698460545
125356,2026-01-01,182.5329,-0.05095480135514818
125356,2026-01-04,210.3918,0.1526239927158335
125356,2026-01-05,205.0358,-0.02545726592005959
125356,2026-02-01,181.8265,-0.11319632961658399
125356,2026-02-02,201.5175,0.10829554547879439
125356,2026-02-03,217.5151,0.07938566129492464
125356,2026-02-04,209.8589,-0.035198475875927615
125356,2026-03-02,198.1456,-0.055815121493536846
125356,2026-03-03,219.1723,0.10611742072496178
125356,2026-03-04,207.014,-0.05547370721573852
125356,2026-04-02,195.8106,-0.054119045088737994
125356,2026-04-03,219.4519,0.12073554751377102
125356,2026-04-05,204.4914,-0.06817211425373848
125356,2026-05-01,183.2003,-0.10411733696380387
125356,2026-05-02,197.9748,0.08064670199775859
125356,2026-05-03,217.2481,0.09735228928126216
125356,2026-05-05,201.6268,-0.07190534692823547
125356,2026-06-01,186.5631,-0.07471080233381677
125356,2026-06-02,201.0268,0.0775271208508006
125356,2026-06-03,217.0496,0.07970479557949472
125356,2026-06-04,206.1891,-0.050036950079613174
125356,2026-06-05,202.9086,-0.015910152379538967
125356,2026-07-01,185.865,-0.08399643977633275
125356,2026-07-04,210.6681,0.13344685658945998
125356,2026-07-05,206.2823,-0.020818529241019457
125356,2026-08-01,187.7832,-0.08967856185431322
125356,2026-08-04,216.0983,0.15078611931205765
125356,2026-08-05,203.8586,-0.056639501560169614
125356,2026-09-01,189.4691,-0.07058569027747663
125356,2026-09-02,201.1812,0.061815356699324475
125356,2026-09-03,217.7756,0.08248484450833393
125356,2026-09-04,209.6588,-0.037271393122094376
125356,2026-10-02,208.7515,-0.0043275073595766544
125356,2026-10-03,221.2574,0.05990807251684416
125356,2026-10-04,213.1948,-0.03643991116229339
125356,2026-11-02,211.4366,-0.008246917842273715
125356,2026-11-03,218.4284,0.033068068631447955
125356,2026-11-05,207.8785,-0.048299122275308526
125356,2026-12-01,192.0628,-0.07608146104575508
125356,2026-12-02,210.7701,0.09740199559727336
125356,2026-12-03,217.6765,0.03276745610501686
125356,2026-12-05,208.3364,-0.04290816877338621
125358,2022-01-02,74.8933,
125358,2022-01-03,77.5983,0.03611805061333917
125358,2022-01-04,85.5651,0.1026671976061333
125358,2022-01-06,92.6549,0.0828585486372364
125358,2022-01-07,90.3266,-0.02512873037475616
125358,2022-01-08,94.513,0.04634736611363666
125358,2022-01-09,83.9009,-0.11228190830891005
125358,2022-01-11,83.5835,-0.003783034508568983
125358,2022-01-12,80.1051,-0.04161586916077942
125358,2022-02-02,75.2188,-0.060998613072076435
125358,2022-02-03,78.1628,0.03913915138236712
125358,2022-02-05,92.66,0.18547442005659964
125358,2022-02-06,93.6886,0.011100798618605578
125358,2022-02-08,94.2943,0.006465034166376782
125358,2022-02-09,84.9051,-0.0995733570321854
125358,2022-02-11,82.4902,-0.028442343275021154
125358,2022-02-12,80.2277,-0.02742750047884479
125358,2022-03-01,67.4501,-0.15926668719158088
125358,2022-03-02,75.915,0.12549870200340685
125358,2022-03-03,77.94,0.02667457024303488
125358,2022-03-05,94.5444,0.2130408006158584
125358,2022-03-06,92.2516,-0.02425103972313536
125358,2022-03-08,96.2758,0.043622007639976035
125358,2022-03-10,89.4414,-0.07098772484881977
125358,2022-03-11,80.7307,-0.09739002296475685
125358,2022-04-01,67.3426,-0.16583654049822427
125358,2022-04-02,75.8072,0.12569458262674726
125358,2022-04-03,77.7485,0.025608385483173235
125358,2022-04-04,85.9954,0.10607149977169983
125358,2022-04-05,92.0399,0.07028864334603946
125358,2022-04-07,94.5331,0.027088251942907426
125358,2022-04-08,95.9479,0.014966186446863539
125358,2022-04-10,88.971,-0.07271550497718038
125358,2022-04-11,81.8249,-0.08031942992660535
125358,2022-05-01,67.9926,-0.16904756376115349
125358,2022-05-04,85.3862,0.25581607410218177
125358,2022-05-05,93.2271,0.09182865615286762
125358,2022-05-07,91.4931,-0.018599741920535928
125358,2022-05-08,95.5601,0.04445143950746022
125358,2022-05-09,82.9419,-0.13204465043464797
125358,2022-05-10,88.8352,0.07105335180409411
125358,2022-05-12,78.0746,-0.12112991246713012
125358,2022-06-01,68.3755,-0.12422862236886256
125358,2022-06-04,85.5316,0.25091004818977547
125358,2022-06-05,95.1962,0.11299449560162578
125358,2022-06-06,90.9403,-0.04470661644057228
125358,2022-06-07,93.4178,0.027243147427488124
125358,2022-06-09,82.6794,-0.11495025573284745
125358,2022-06-10,88.6618,0.07235659668551042
125358,2022-06-12,76.8395,-0.13334152927190734
125358,2022-07-01,67.6741,-0.11927979749998385
125358,2022-07-02,74.9792,0.10794528482831711
125358,2022-07-03,78.6715,0.049244323759122466
125358,2022-07-04,86.9069,0.10468085647280145
125358,2022-07-06,92.2831,0.06186160132279506
125358,2022-07-07,92.9122,0.006817066180047959
125358,2022-07-09,84.5913,-0.08955659213752332
125358,2022-07-10,88.9468,0.051488746478656644
125358,2022-07-11,81.2278,-0.08678221138927977
125358,2022-07-12,77.3184,-0.04812884258837502
125358,2022-08-02,75.7551,-0.020218990563695027
125358,2022-08-03,80.7852,0.06639948993533107
125358,2022-08-04,84.3533,0.044167743596599474
125358,2022-08-06,92.9695,0.1021441958998639
125358,2022-08-07,90.7048,-0.02435960180489294
125358,2022-08-08,96.5546,0.06449272805849282
125358,2022-08-09,86.4312,-0.10484637707576838
125358,2022-08-11,81.498,-0.05707661122372476
125358,2022-08-12,76.208,-0.06490956833296535
125358,2022-09-02,74.3007,-0.02502755616208263
125358,2022-09-03,80.1344,0.07851473808456699
125358,2022-09-05,94.4433,0.17856126707132014
125358,2022-09-06,93.5418,-0.009545409785553849
125358,2022-09-08,96.4111,0.03067398745801353
125358,2022-09-09,87.5776,-0.09162326744534599
125358,2022-09-11,79.6951,-0.09000589191756803
125358,2022-09-12,75.6236,-0.051088460896592136
125358,2022-10-01,68.3781,-0.09581003813624311
125358,2022-10-02,75.9637,0.11093610381101549
125358,2022-10-03,78.8311,0.03774697651641512
125358,2022-10-05,96.8906,0.22909105670224061
125358,2022-10-06,94.685,-0.022763818161926963
125358,2022-10-08,96.5819,0.02003379627184887
125358,2022-10-10,88.9403,-0.07912041490175703
125358,2022-10-11,78.8481,-0.11347162085129003
125358,2022-11-01,67.5035,-0.14387918034803626
125358,2022-11-02,75.738,0.12198626737872842
125358,2022-11-03,80.7005,0.06552193086693614
125358,2022-11-04,84.0311,0.0412711197576221
125358,2022-11-05,95.9358,0.1416701673547056
125358,2022-11-07,90.0332,-0.0615265625553757
125358,2022-11-08,92.9788,0.032716820017504755
125358,2022-11-10,90.0095,-0.03193523684969046
125358,2022-11-11,79.7817,-0.11363022792038624
125358,2022-12-01,67.5146,-0.1537583180102705
125358,2022-12-04,85.8164,0.27107914436284886
125358,2022-12-05,96.6185,0.1258745414629372
125358,2022-12-07,90.453,-0.06381283087607437
125358,2022-12-08,93.0486,0.02869556565288045
125358,2022-12-09,88.3266,-0.050747673796274095
125358,2022-12-10,91.7193,0.03841085244988496
125358,2022-12-12,76.2208,-0.16897752163394186
125358,2023-01-02,96.8762,0.27099426928082626
125358,2023-01-03,98.534,0.01711256221858415
125358,2023-01-05,109.5094,0.11138693242941522
125358,2023-01-06,102.3765,-0.06513504776758894
125358,2023-01-08,126.8358,0.23891518072995277
125358,2023-01-09,138.2514,0.09000298023113329
125358,2023-01-11,147.6644,0.06808610979707996
125358,2023-01-12,151.3721,0.0251089632978565
125358,2023-02-01,85.6995,-0.4338487739814668
125358,2023-02-02,98.4283,0.14852828779631144
125358,2023-02-03,101.0722,0.026861177120807822
125358,2023-02-05,108.5703,0.0741855821877826
125358,2023-02-06,106.6402,-0.017777421633724977
125358,2023-02-08,125.001,0.1721752209767049
125358,2023-02-10,136.5305,0.092235262117903
125358,2023-02-11,147.8299,0.08276099479603483
125358,2023-03-01,88.085,-0.40414625187462083
125358,2023-03-02,96.8764,0.09980586933076019
125358,2023-03-03,99.4,0.026049688056120957
125358,2023-03-04,107.5137,0.08162676056338025
125358,2023-03-05,107.71,0.001825813826517031
125358,2023-03-07,115.6333,0.0735614149104078
125358,2023-03-08,126.1267,0.09074721555122967
125358,2023-03-10,137.28,0.08842933336081904
125358,2023-03-11,147.5659,0.07492642773892766
125358,2023-04-01,89.5647,-0.3930528665497923
125358,2023-04-04,106.7752,0.1921571779953486
125358,2023-04-05,105.8262,-0.008887831631315124
125358,2023-04-07,115.0986,0.08761913401407218
125358,2023-04-08,124.401,0.080821139440445
125358,2023-04-09,139.6916,0.12291380294370624
125358,2023-04-10,134.818,-0.03488828247367759
125358,2023-04-12,151.7171,0.12534750552596807
125358,2023-05-01,90.3123,-0.4047322286017858
125358,2023-05-04,107.3084,0.18819252748518212
125358,2023-05-05,107.069,-0.0022309530288402435
125358,2023-05-06,105.5492,-0.014194584800455767
125358,2023-05-07,115.9613,0.09864688694940371
125358,2023-05-09,138.5696,0.19496418201589671
125358,2023-05-10,135.1885,-0.024400012701198515
125358,2023-05-12,151.3936,0.11987040317778508
125358,2023-06-01,88.9674,-0.41234371862482955
125358,2023-06-02,96.9171,0.08935520201781788
125358,2023-06-03,100.3249,0.03516200959376614
125358,2023-06-04,105.6493,0.053071570467550844
125358,2023-06-06,106.0013,0.0033317778726409397
125358,2023-06-07,118.4931,0.11784572453356712
125358,2023-06-09,136.7174,0.15380051665455619
125358,2023-06-10,136.4662,-0.0018373667141124983
125358,2023-06-11,144.22,0.05681846493857101
125358,2023-06-12,155.763,0.08003744279572889
125358,2023-07-02,98.1809,-0.3696776513035831
125358,2023-07-03,100.9664,0.02837109865564491
125358,2023-07-04,105.4191,0.04410080977434094
125358,2023-07-06,108.5171,0.0293874639415439
125358,2023-07-07,118.9432,0.0960779453192171
125358,2023-07-08,127.4676,0.07166782127940063
125358,2023-07-09,132.5196,0.03963360100919755
125358,2023-07-11,139.4044,0.05195306958366919
125358,2023-07-12,157.4929,0.12975558877625093
125358,2023-08-02,99.6953,-0.3669854323591729
125358,2023-08-03,100.9803,0.012889273616710106
125358,2023-08-05,107.126,0.0608603856395753
125358,2023-08-06,110.9905,0.0360743423631984
125358,2023-08-08,129.8053,0.1695172109324672
125358,2023-08-09,131.0053,0.009244614819271746
125358,2023-08-11,139.8845,0.06777741053224551
125358,2023-08-12,155.4379,0.11118744392695401
125358,2023-09-01,88.7721,-0.4288902513479661
125358,2023-09-02,100.4342,0.1313712303753094
125358,2023-09-03,101.8175,0.013773196779582886
125358,2023-09-05,106.8345,0.04927443710560575
125358,2023-09-06,107.7994,0.00903172664261076
125358,2023-09-08,132.4665,0.2288240936405952
125358,2023-09-10,139.5178,0.053230816848033324
125358,2023-09-11,142.7085,0.022869483320407724
125358,2023-10-01,88.9119,-0.3769684356573013
125358,2023-10-02,99.8918,0.12349190603282567
125358,2023-10-03,100.0968,0.0020522205025836904
125358,2023-10-04,107.6891,0.07584957760887456
125358,2023-10-05,104.8749,-0.026132635522072345
125358,2023-10-07,118.8011,0.13278868442306035
125358,2023-10-08,132.7807,0.11767231111496423
125358,2023-10-10,141.0238,0.062080558394405294
125358,2023-10-11,143.5166,0.017676448939824452
125358,2023-11-01,89.8854,-0.37369335672667836
125358,2023-11-04,108.4347,0.20636610617519646
125358,2023-11-05,104.8573,-0.03299128415534891
125358,2023-11-07,119.2061,0.13684121181834752
125358,2023-11-08,133.3606,0.11873972892326812
125358,2023-11-09,133.1285,-0.0017403940894087366
125358,2023-11-10,143.7182,0.07954495093086744
125358,2023-11-12,151.5078,0.05420051183496599
125358,2023-12-01,90.7897,-0.400758904822062
125358,2023-12-04,108.7013,0.1972866966186695
125358,2023-12-05,100.7783,-0.0728878127492496
125358,2023-12-06,107.8479,0.07015002237584866
125358,2023-12-07,119.3787,0.10691724178217665
125358,2023-12-09,133.0831,0.1147976984168868
125358,2023-12-10,141.5653,0.06373611675712398
125358,2023-12-12,151.9865,0.07361408480750575
125358,2024-01-01,156.601,0.030361249189895023
125358,2024-01-02,142.7746,-0.08829062394237586
125358,2024-01-03,148.0686,0.03707942449147117
125358,2024-01-04,134.3893,-0.09238488106188625
125358,2024-01-05,130.1308,-0.03168779062023541
125358,2024-01-07,109.8017,-0.15622051044026475
125358,2024-01-08,110.0641,0.002389762635733428
125358,2024-01-10,114.0091,0.035842749815789166
125358,2024-01-11,126.6118,0.11054117609910086
125358,2024-02-01,156.7555,0.23807970505118803
125358,2024-02-02,147.4019,-0.05966999563013742
125358,2024-02-04,135.3537,-0.08173707394545127
125358,2024-02-05,131.872,-0.025722976172797507
125358,2024-02-07,109.2098,-0.17184997573404526
125358,2024-02-08,108.0941,-0.010216116136097741
125358,2024-02-09,116.4916,0.07768694128541709
125358,2024-02-10,113.7455,-0.02357337353079536
125358,2024-02-12,128.9755,0.1338954068512601
125358,2024-03-01,153.0854,0.18693395257238765
125358,2024-03-04,135.9877,-0.11168733269142583
125358,2024-03-05,133.012,-0.021882126104051935
125358,2024-03-06,116.1679,-0.1266359426217183
125358,2024-03-07,107.5741,-0.07397740683958309
125358,2024-03-09,116.9862,0.08749410871204133
125358,2024-03-10,111.748,-0.04477622146885696
125358,2024-03-12,132.1815,0.18285338440061571
125358,2024-04-01,153.2315,0.15925072721976985
125358,2024-04-03,148.8707,-0.028458900421910682
125358,2024-04-04,137.5444,-0.07608145860804039
125358,2024-04-06,116.374,-0.15391684430627495
125358,2024-04-07,106.193,-0.08748517710141435
125358,2024-04-09,116.2885,0.09506747149058792
125358,2024-04-10,110.0246,-0.053865171534588474
125358,2024-04-11,128.4646,0.16759888243174692
125358,2024-04-12,135.5263,0.05497000730162238
125358,2024-05-01,150.5184,0.110621333276272
125358,2024-05-02,143.3953,-0.047323782341561094
125358,2024-05-03,147.8745,0.031236728121493584
125358,2024-05-04,137.2432,-0.07189407233836809
125358,2024-05-06,117.0913,-0.14683350431933961
125358,2024-05-07,106.938,-0.0867126763474314
125358,2024-05-08,107.8469,0.008499317361461811
125358,2024-05-09,115.1308,0.06753926167557878
125358,2024-05-11,130.5027,0.13351683476532794
125358,2024-05-12,134.507,0.030683656353470035
125358,2024-06-02,141.843,0.054539912420914716
125358,2024-06-03,145.6681,0.026967139724907163
125358,2024-06-05,131.7654,-0.09544093730885495
125358,2024-06-06,117.9291,-0.10500708076627097
125358,2024-06-08,107.8027,-0.08586854304832314
125358,2024-06-09,115.6803,0.07307423654509582
125358,2024-06-11,129.7269,0.12142603364617832
125358,2024-06-12,134.194,0.0344346469390695
125358,2024-07-02,145.9492,0.08759855135102912
125358,2024-07-03,146.8378,0.006088419806343559
125358,2024-07-05,131.3488,-0.10548373783862175
125358,2024-07-06,118.587,-0.09715962384125332
125358,2024-07-08,106.3872,-0.1028763692478939
125358,2024-07-10,110.2704,0.03650063165493589
125358,2024-07-11,130.4054,0.18259659890596192
125358,2024-08-01,152.5435,0.16976367543061865
125358,2024-08-02,145.9245,-0.04339090161167147
125358,2024-08-03,143.1517,-0.019001606995398213
125358,2024-08-04,137.7272,-0.03789336766521101
125358,2024-08-05,129.9402,-0.05653930378313077
125358,2024-08-07,107.2026,-0.1749851085345413
125358,2024-08-08,109.7855,0.024093632057431424
125358,2024-08-10,108.7279,-0.009633330448920785
125358,2024-08-11,127.9105,0.17642757746631732
125358,2024-09-01,153.8207,0.20256507479839403
125358,2024-09-02,144.4522,-0.06090532678631666
125358,2024-09-04,136.9744,-0.05176660514689291
125358,2024-09-05,129.1861,-0.05685952995596255
125358,2024-09-07,108.0467,-0.1636352517801838
125358,2024-09-08,109.0521,0.009305235606455353
125358,2024-09-09,117.7179,0.07946476959178228
125358,2024-09-10,109.4779,-0.06999785079414422
125358,2024-09-12,133.4332,0.21881402547911488
125358,2024-10-01,153.5033,0.15041309059514418
125358,2024-10-04,135.8419,-0.11505550695001332
125358,2024-10-05,126.906,-0.06578161818996942
125358,2024-10-06,118.9908,-0.06237057349534314
125358,2024-10-07,108.4476,-0.08860516947528718
125358,2024-10-09,118.5743,0.09337873774984407
125358,2024-10-10,111.9797,-0.055615761594207225
125358,2024-10-12,132.1559,0.18017729999276666
125358,2024-11-01,152.8175,0.15634262261465426
125358,2024-11-03,142.6482,-0.06654538910792285
125358,2024-11-04,138.6367,-0.028121630697057642
125358,2024-11-06,119.1498,-0.14056090486862416
125358,2024-11-07,109.6476,-0.07975002895514727
125358,2024-11-09,118.0653,0.07677049018856774
125358,2024-11-10,111.7862,-0.053183280777671316
125358,2024-11-11,129.8643,0.1617203196816781
125358,2024-11-12,128.5715,-0.009955006880258854
125358,2024-12-01,152.4075,0.18539100811610676
125358,2024-12-02,147.0569,-0.03510719616816749
125358,2024-12-03,137.2554,-0.06665107179601915
125358,2024-12-04,134.4559,-0.020396283133486848
125358,2024-12-06,120.3975,-0.10455770256269914
125358,2024-12-07,111.1468,-0.07683465188230654
125358,2024-12-08,107.2195,-0.035334350606585185
125358,2024-12-09,119.0361,0.11020943018760598
125358,2024-12-11,128.4033,0.07869209424703927
125358,2024-12-12,128.6073,0.0015887442145179342
125358,2025-01-01,130.2571,0.01282819871033758
125358,2025-01-04,128.7694,-0.01142125841892705
125358,2025-01-05,130.1719,0.010891562747050276
125358,2025-01-07,157.776,0.21205882375535756
125358,2025-01-08,161.3564,0.02269293175134357
125358,2025-01-09,161.6289,0.0016888081290855617
125358,2025-01-10,163.3344,0.010551949558525786
125358,2025-01-12,163.6028,0.001643254574664077
125358,2025-02-01,127.5796,-0.22018694056580945
125358,2025-02-04,126.6491,-0.007293485792399412
125358,2025-02-05,124.3587,-0.018084613313477993
125358,2025-02-06,139.089,0.11845009637443948
125358,2025-02-07,153.3161,0.10228774381870598
125358,2025-02-09,161.8789,0.05585062495067361
125358,2025-02-10,165.4673,0.022167187941109168
125358,2025-02-12,169.1816,0.022447335515839217
125358,2025-03-01,129.4856,-0.23463544498928957
125358,2025-03-02,125.1079,-0.03380839259346213
125358,2025-03-03,130.1051,0.03994312109786824
125358,2025-03-04,125.5717,-0.03484413754725979
125358,2025-03-06,138.0454,0.09933528016264814
125358,2025-03-07,148.3744,0.07482321033515071
125358,2025-03-09,162.7076,0.09660157008217052
125358,2025-03-10,167.3465,0.028510653466709446
125358,2025-03-11,162.4793,-0.02908456406318627
125358,2025-03-12,164.618,0.013162907521142797
125358,2025-04-02,124.4409,-0.2440626176967282
125358,2025-04-03,128.6012,0.03343193435598746
125358,2025-04-04,126.3366,-0.0176094779830982
125358,2025-04-06,141.8083,0.12246411570360438
125358,2025-04-07,145.8198,0.028288189055224455
125358,2025-04-08,159.9315,0.09677492357005035
125358,2025-04-09,162.1475,0.013855932070917953
125358,2025-04-11,160.4988,-0.010167902681200824
125358,2025-04-12,162.4752,0.012314110759706676
125358,2025-05-02,122.1477,-0.24820711099293924
125358,2025-05-03,130.2046,0.06596030870822789
125358,2025-05-05,125.7068,-0.034544094448276
125358,2025-05-06,141.8702,0.12858015636385622
125358,2025-05-08,161.9838,0.14177466444679698
125358,2025-05-09,165.813,0.023639400977134573
125358,2025-05-11,158.8177,-0.04218788635390458
125358,2025-05-12,162.2248,0.021452898511941543
125358,2025-06-01,128.8631,-0.2056510471888391
125358,2025-06-02,124.4202,-0.034477674369156164
125358,2025-06-03,127.6369,0.025853518962354993
125358,2025-06-05,125.4692,-0.016983333189696692
125358,2025-06-06,147.4515,0.1752007664032289
125358,2025-06-08,162.714,0.10350861130609035
125358,2025-06-10,166.1389,0.02104858832061174
125358,2025-06-11,159.359,-0.04080862459062862
125358,2025-07-01,126.5464,-0.20590365150383727
125358,2025-07-02,124.7359,-0.014307005177547572
125358,2025-07-03,127.8907,0.025291836592352235
125358,2025-07-04,124.6819,-0.02509017465695318
125358,2025-07-05,123.9326,-0.006009693467937227
125358,2025-07-07,147.6789,0.1916065667951774
125358,2025-07-08,161.5964,0.09424162828948468
125358,2025-07-10,168.491,0.04266555443066822
125358,2025-07-11,158.5524,-0.05898593990183454
125358,2025-08-01,127.7093,-0.19452937956158345
125358,2025-08-04,123.3877,-0.033839352341607065
125358,2025-08-05,125.4838,0.016987916947961645
125358,2025-08-07,146.3465,0.166258114593278
125358,2025-08-08,163.3122,0.11592829346789979
125358,2025-08-09,159.7123,-0.022043056183187693
125358,2025-08-10,165.6403,0.03711674053908176
125358,2025-08-12,161.8252,-0.02303243836192037
125358,2025-09-01,129.5523,-0.19943062020006774
125358,2025-09-04,125.9387,-0.027892982216448536
125358,2025-09-05,128.7647,0.022439488417777875
125358,2025-09-06,147.8452,0.14818113970676738
125358,2025-09-07,147.4316,-0.002797520649977181
125358,2025-09-09,162.4755,0.10203986119664998
125358,2025-09-10,168.4,0.03646395918153811
125358,2025-09-12,160.5722,-0.046483372921615196
125358,2025-10-01,128.7658,-0.1980816106399489
125358,2025-10-02,125.059,-0.028787146897701232
125358,2025-10-03,128.2088,0.02518651196635191
125358,2025-10-04,124.8429,-0.026253268106401384
125358,2025-10-06,149.1969,0.195077172991015
125358,2025-10-07,151.146,0.013063944358093105
125358,2025-10-09,164.4848,0.08825109496777972
125358,2025-10-10,167.8252,0.020308259486590874
125358,2025-10-11,163.9308,-0.023205096731599206
125358,2025-10-12,160.4574,-0.021188208683176057
125358,2025-11-02,123.9335,-0.22762365587377087
125358,2025-11-03,124.7905,0.006914998769501413
125358,2025-11-04,126.6931,0.015246352887439363
125358,2025-11-06,152.4045,0.20294238597050684
125358,2025-11-07,148.7274,-0.024127240337391775
125358,2025-11-08,162.7197,0.09408017621500808
125358,2025-11-09,165.6941,0.018279286404780715
125358,2025-11-11,163.6132,-0.012558684950158105
125358,2025-11-12,157.506,-0.03732706163072419
125358,2025-12-02,122.8487,-0.22003796680761367
125358,2025-12-03,124.0274,0.00959472912615289
125358,2025-12-05,130.3264,0.050787164771655346
125358,2025-12-06,155.4014,0.19240153951923777
125358,2025-12-08,162.0003,0.0424635814091765
125358,2025-12-09,157.4858,-0.0278672323446314
125358,2025-12-11,164.5177,0.04465100980532832
125358,2025-12-12,158.4287,-0.03701121520663131
125358,2026-01-01,166.1519,0.04874874312545652
125358,2026-01-04,187.2472,0.12696394082764018
125358,2026-01-05,193.4104,0.03291477789788044
125358,2026-02-01,166.0624,-0.14139880792346227
125358,2026-02-02,163.485,-0.015520671747487613
125358,2026-02-03,168.8588,0.032870293910756354
125358,2026-02-04,187.5453,0.11066346557005025
125358,2026-03-02,166.0838,-0.11443368615475835
125358,2026-03-03,166.9085,0.004965565575932196
125358,2026-03-04,192.4519,0.15303834136667693
125358,2026-04-02,171.9419,-0.10657208372585558
125358,2026-04-03,171.5748,-0.0021350235166646137
125358,2026-04-05,193.6743,0.12880388029011236
125358,2026-05-01,162.8414,-0.1591997492697792
125358,2026-05-02,169.9865,0.043877662560012576
125358,2026-05-03,177.2504,0.042732216970171155
125358,2026-05-05,193.0549,0.08916481993834702
125358,2026-06-01,162.262,-0.15950333298973507
125358,2026-06-02,167.0579,0.02955651970270301
125358,2026-06-03,176.3986,0.0559129499413078
125358,2026-06-04,196.1073,0.11172821099487207
125358,2026-06-05,194.8298,-0.006514290900950681
125358,2026-07-01,163.8601,-0.15895771591409535
125358,2026-07-04,195.2148,0.1913504263698118
125358,2026-07-05,192.382,-0.014511194847931619
125358,2026-08-01,163.6403,-0.14939911218305246
125358,2026-08-04,197.6969,0.2081186602566727
125358,2026-08-05,192.8805,-0.024362546908929694
125358,2026-09-01,165.9369,-0.1396906374672401
125358,2026-09-02,167.5813,0.009909791010920266
125358,2026-09-03,176.7295,0.054589623066535475
125358,2026-09-04,206.6838,0.16949235979279065
125358,2026-10-02,169.8659,-0.17813636095330154
125358,2026-10-03,176.3199,0.037994676977544994
125358,2026-10-04,207.1132,0.17464449560146078
125358,2026-11-02,169.718,-0.18055440213371243
125358,2026-11-03,179.3372,0.056677547461082556
125358,2026-11-05,189.5067,0.056706026412813415
125358,2026-12-01,166.9748,-0.11889764319678409
125358,2026-12-02,167.1216,0.0008791745820329044
125358,2026-12-03,182.9391,0.09464665249734328
125358,2026-12-05,189.8363,0.037702164272154004
125360,2022-01-02,160.6959,
125360,2022-01-03,189.6094,0.17992680584881127
125360,2022-01-04,155.3472,-0.18069884720905194
125360,2022-01-06,137.235,-0.11659173773328368
125360,2022-01-07,136.3513,-0.0064393194156010525
125360,2022-01-08,123.6691,-0.09301121441453075
125360,2022-01-09,133.8716,0.08249837671657678
125360,2022-01-11,128.5871,-0.039474391879980586
125360,2022-01-12,127.8733,-0.005551101160225169
125360,2022-02-02,157.5448,0.23203827538665234
125360,2022-02-03,185.634,0.17829341241348473
125360,2022-02-05,138.6654,-0.25301722744755806
125360,2022-02-06,138.8038,0.000998086040209012
125360,2022-02-08,123.7459,-0.10848334123417358
125360,2022-02-09,135.2476,0.09294610972969619
125360,2022-02-11,130.0631,-0.038333397413336856
125360,2022-02-12,128.349,-0.013178987737490488
125360,2022-03-01,149.0883,0.16158520907837248
125360,2022-03-02,158.4005,0.062460971115774866
125360,2022-03-03,187.8143,0.18569259566731167
125360,2022-03-05,139.2707,-0.25846594215669416
125360,2022-03-06,141.6098,0.016795348914021346
125360,2022-03-08,124.9701,-0.11750387331950196
125360,2022-03-10,134.2423,0.07419534752712842
125360,2022-03-11,126.2187,-0.059769536129819056
125360,2022-04-01,152.871,0.2111596776072009
125360,2022-04-02,158.1113,0.034279228892333924
125360,2022-04-03,186.6587,0.18055256012694865
125360,2022-04-04,154.528,-0.17213609652269102
125360,2022-04-05,136.3026,-0.1179423793746116
125360,2022-04-07,136.3111,6.236124622716055e-05
125360,2022-04-08,125.7345,-0.07759162680075216
125360,2022-04-10,131.9557,0.04947886220567943
125360,2022-04-11,126.42,-0.04195120028918797
125360,2022-05-01,156.3137,0.23646337604809364
125360,2022-05-04,156.2795,-0.00021879080336528745
125360,2022-05-05,131.5986,-0.15792794320432302
125360,2022-05-07,132.5802,0.007459045916901719
125360,2022-05-08,126.956,-0.042421115671872456
125360,2022-05-09,132.7669,0.045770975771133315
125360,2022-05-10,132.4865,-0.002111972185838362
125360,2022-05-12,128.5006,-0.030085329448660936
125360,2022-06-01,157.2488,0.2237203561695431
125360,2022-06-04,152.3568,-0.031109935338139327
125360,2022-06-05,136.1286,-0.10651444503953866
125360,2022-06-06,139.3459,0.023634269360002236
125360,2022-06-07,133.8616,-0.03935745508120436
125360,2022-06-09,127.0344,-0.05100193035194567
125360,2022-06-10,131.0308,0.03145919530457886
125360,2022-06-12,128.6891,-0.017871370700629163
125360,2022-07-01,156.4971,0.21608667711562202
125360,2022-07-02,158.6606,0.013824537323694708
125360,2022-07-03,181.8315,0.1460406679415054
125360,2022-07-04,152.4749,-0.16144947382604236
125360,2022-07-06,142.1714,-0.0675750566158757
125360,2022-07-07,131.613,-0.07426528823659329
125360,2022-07-09,126.7382,-0.03703889433414631
125360,2022-07-10,127.4748,0.005811980918144721
125360,2022-07-11,126.9562,-0.004068255059039183
125360,2022-07-12,130.3349,0.02661311538940203
125360,2022-08-02,163.4636,0.2541813436002176
125360,2022-08-03,182.4149,0.11593590254955832
125360,2022-08-04,153.5001,-0.15851117425166472
125360,2022-08-06,143.8849,-0.06263969860605967
125360,2022-08-07,128.2463,-0.10868826402214549
125360,2022-08-08,125.2877,-0.02306967140572469
125360,2022-08-09,127.396,0.016827669436026094
125360,2022-08-11,127.7349,0.002660209111746026
125360,2022-08-12,128.395,0.00516773411182081
125360,2022-09-02,172.4932,0.34345729973908634
125360,2022-09-03,179.7797,0.04224224491168349
125360,2022-09-05,133.208,-0.259048713508811
125360,2022-09-06,140.0802,0.0515899945949192
125360,2022-09-08,128.924,-0.07964151964374688
125360,2022-09-09,127.2022,-0.013355154975024042
125360,2022-09-11,129.0344,0.014403838927314228
125360,2022-09-12,129.4501,0.0032216215210827404
125360,2022-10-01,156.2356,0.20691756900921687
125360,2022-10-02,167.5164,0.07220377429983937
125360,2022-10-03,174.7729,0.0433181467605559
125360,2022-10-05,134.5466,-0.23016325757597422
125360,2022-10-06,141.5183,0.05181624805086127
125360,2022-10-08,128.2004,-0.09410726386622792
125360,2022-10-10,127.1659,-0.008069397599383521
125360,2022-10-11,129.0867,0.015104678219554302
125360,2022-11-01,158.7616,0.22988348141210513
125360,2022-11-02,170.5753,0.07441157055610437
125360,2022-11-03,172.4097,0.010754194774976078
125360,2022-11-04,148.3217,-0.13971371680363687
125360,2022-11-05,138.2792,-0.06770755728932443
125360,2022-11-07,125.8227,-0.09008223941127813
125360,2022-11-08,127.9965,0.01727669172573787
125360,2022-11-10,130.7525,0.021531838761216227
125360,2022-11-11,124.5978,-0.0470713753083114
125360,2022-12-01,158.7446,0.2740562032395435
125360,2022-12-04,145.5351,-0.08321227934682496
125360,2022-12-05,138.7226,-0.0468100135293823
125360,2022-12-07,130.82,-0.05696692536039549
125360,2022-12-08,125.0288,-0.044268460480048843
125360,2022-12-09,133.8368,0.07044776883406079
125360,2022-12-10,127.3916,-0.04815715856924263
125360,2022-12-12,127.3762,-0.00012088709145652299
125360,2023-01-02,128.8488,0.011561029454482119
125360,2023-01-03,132.3854,0.027447675104463443
125360,2023-01-05,122.972,-0.07110602830825763
125360,2023-01-06,134.8674,0.09673258953257657
125360,2023-01-08,126.8115,-0.05973200343448459
125360,2023-01-09,151.1741,0.1921166455723653
125360,2023-01-11,158.1895,0.046406097340748076
125360,2023-01-12,131.3112,-0.1699120358810161
125360,2023-02-01,150.4651,0.14586646074363796
125360,2023-02-02,130.0946,-0.13538355406004443
125360,2023-02-03,129.9252,-0.0013021293735483441
125360,2023-02-05,124.2601,-0.043602780676881725
125360,2023-02-06,130.8054,0.05267418905988319
125360,2023-02-08,130.467,-0.0025870491585208155
125360,2023-02-10,151.3949,0.16040761265300807
125360,2023-02-11,160.0233,0.05699267280469811
125360,2023-03-01,152.2988,-0.04827109552171471
125360,2023-03-02,131.058,-0.13946794065350487
125360,2023-03-03,129.3515,-0.01302095255535718
125360,2023-03-04,133.3028,0.03054699790879889
125360,2023-03-05,127.0298,-0.047058276345283034
125360,2023-03-07,119.5455,-0.058917671286579876
125360,2023-03-08,132.0425,0.1045376028374132
125360,2023-03-10,156.2537,0.18335914572959489
125360,2023-03-11,159.0008,0.017581023681359165
125360,2023-04-01,150.3115,-0.05464941056900341
125360,2023-04-04,136.0797,-0.09468204362274335
125360,2023-04-05,124.6836,-0.08374577545364958
125360,2023-04-07,118.183,-0.05213676858865157
125360,2023-04-08,132.2998,0.11944865166732943
125360,2023-04-09,149.1866,0.1276404045962276
125360,2023-04-10,156.5047,0.04905333320821059
125360,2023-04-12,130.9964,-0.16298743743798116
125360,2023-05-01,144.4775,0.10291198842105587
125360,2023-05-04,132.5129,-0.08281289474139564
125360,2023-05-05,126.4253,-0.045939678325657374
125360,2023-05-06,127.7524,0.010497107778269177
125360,2023-05-07,116.9369,-0.08465985766216522
125360,2023-05-09,149.008,0.2742598786182977
125360,2023-05-10,153.7267,0.03166742725222793
125360,2023-05-12,131.6353,-0.14370568027544983
125360,2023-06-01,144.1005,0.09469496404080058
125360,2023-06-02,132.7767,-0.07858265585476809
125360,2023-06-03,128.9995,-0.02844776229564372
125360,2023-06-04,132.1537,0.024451257563013584
125360,2023-06-06,123.9661,-0.061955132546421265
125360,2023-06-07,117.3516,-0.05335732914078928
125360,2023-06-09,149.3968,0.27306998796778226
125360,2023-06-10,157.893,0.05687002666723773
125360,2023-06-11,155.3622,-0.016028576314339404
125360,2023-06-12,129.7502,-0.16485348430956814
125360,2023-07-02,131.9912,0.01727164967761108
125360,2023-07-03,127.7333,-0.032258968779736774
125360,2023-07-04,129.6941,0.015350734694868029
125360,2023-07-06,124.5929,-0.03933255252166434
125360,2023-07-07,116.6014,-0.06414089406378698
125360,2023-07-08,132.0805,0.13275226541019225
125360,2023-07-09,147.3608,0.11568929554324825
125360,2023-07-11,158.1157,0.072983452858562
125360,2023-07-12,130.8151,-0.1726621708027729
125360,2023-08-02,132.4247,0.01230438993663574
125360,2023-08-03,126.9717,-0.04117811858361775
125360,2023-08-05,126.6241,-0.002737617910132717
125360,2023-08-06,122.0292,-0.03628772089989185
125360,2023-08-08,134.4781,0.10201574705070593
125360,2023-08-09,146.6664,0.09063408837572817
125360,2023-08-11,161.5091,0.10120041127347479
125360,2023-08-12,127.6815,-0.20944702187059427
125360,2023-09-01,138.7407,0.08661552378379023
125360,2023-09-02,132.5215,-0.04482606762110897
125360,2023-09-03,125.9139,-0.049860588659198735
125360,2023-09-05,127.0734,0.009208673545970658
125360,2023-09-06,119.1347,-0.062473342178615
125360,2023-09-08,133.0847,0.1170943478264519
125360,2023-09-10,153.7279,0.1551132474281416
125360,2023-09-11,162.3305,0.05595991358757901
125360,2023-10-01,136.3421,-0.1600956074181994
125360,2023-10-02,132.5645,-0.027706775823461594
125360,2023-10-03,123.7566,-0.06644237333524439
125360,2023-10-04,130.7705,0.05667495713359938
125360,2023-10-05,128.5743,-0.016794307584661716
125360,2023-10-07,117.542,-0.08580486146920496
125360,2023-10-08,128.887,0.09651869119123369
125360,2023-10-10,144.1413,0.11835406208539268
125360,2023-10-11,160.8174,0.11569272651210993
125360,2023-11-01,134.2715,-0.16506858088739151
125360,2023-11-04,129.9989,-0.03182060228715711
125360,2023-11-05,126.8948,-0.02387789435141363
125360,2023-11-07,117.4985,-0.07404795153150479
125360,2023-11-08,129.1258,0.09895700796180362
125360,2023-11-09,146.3094,0.13307642624479388
125360,2023-11-10,146.2168,-0.0006329053362258419
125360,2023-11-12,125.1956,-0.14376733726904167
125360,2023-12-01,132.971,0.0621060165053724
125360,2023-12-04,129.7659,-0.024103751945913188
125360,2023-12-05,132.8741,0.023952363448332736
125360,2023-12-06,119.6351,-0.09963567015693808
125360,2023-12-07,117.9832,-0.013807820614518684
125360,2023-12-09,146.5371,0.24201665999905075
125360,2023-12-10,148.6941,0.014719821806218336
125360,2023-12-12,125.0093,-0.15928540540613245
125360,2024-01-01,121.8372,-0.025374912106539305
125360,2024-01-02,116.1183,-0.046938865962119825
125360,2024-01-03,113.2131,-0.02501931220143605
125360,2024-01-04,109.7564,-0.030532685705099483
125360,2024-01-05,107.1552,-0.02369975691622539
125360,2024-01-07,111.6617,0.042055821835991214
125360,2024-01-08,97.0143,-0.13117658068970817
125360,2024-01-10,103.2254,0.06402252039132361
125360,2024-01-11,103.8047,0.005611990847214088
125360,2024-02-01,123.0865,0.1857507415367512
125360,2024-02-02,113.1544,-0.08069203365113153
125360,2024-02-04,107.505,-0.049926472147791
125360,2024-02-05,105.1915,-0.02151992930561364
125360,2024-02-07,110.0537,0.046222365875569826
125360,2024-02-08,98.8034,-0.10222554989064436
125360,2024-02-09,99.3798,0.005833807338613939
125360,2024-02-10,103.2999,0.039445641870883064
125360,2024-02-12,101.8422,-0.014111339894811059
125360,2024-03-01,121.6568,0.19456178283658443
125360,2024-03-04,107.8483,-0.11350372523360808
125360,2024-03-05,103.2255,-0.042863911624012596
125360,2024-03-06,106.9968,0.03653457721202602
125360,2024-03-07,109.1886,0.020484724776815844
125360,2024-03-09,102.3767,-0.06238654951157896
125360,2024-03-10,103.7917,0.01382150430713236
125360,2024-03-12,101.2382,-0.024602159902959442
125360,2024-04-01,120.5942,0.1911926525758063
125360,2024-04-03,109.6769,-0.09052922943226127
125360,2024-04-04,106.5928,-0.02811986844996539
125360,2024-04-06,106.9799,0.003631577367326999
125360,2024-04-07,110.4353,0.03229952542486947
125360,2024-04-09,104.195,-0.05650638880865089
125360,2024-04-10,103.3283,-0.008318057488363118
125360,2024-04-11,102.5286,-0.007739409242192186
125360,2024-04-12,100.8867,-0.016014068269731507
125360,2024-05-01,118.8976,0.1785260098704784
125360,2024-05-02,113.4579,-0.045751133748704764
125360,2024-05-03,108.5033,-0.04366906138752791
125360,2024-05-04,108.5913,0.0008110352404029353
125360,2024-05-06,107.0636,-0.01406834617506203
125360,2024-05-07,107.2874,0.0020903462988355326
125360,2024-05-08,100.9759,-0.05882797047929211
125360,2024-05-09,106.7381,0.05706510167277545
125360,2024-05-11,105.6187,-0.010487351751623852
125360,2024-05-12,101.4028,-0.03991622695602204
125360,2024-06-02,115.3678,0.1377180906247164
125360,2024-06-03,104.9472,-0.09032503003437709
125360,2024-06-05,101.7109,-0.030837411574582307
125360,2024-06-06,107.2416,0.0543766695604897
125360,2024-06-08,99.1835,-0.07513968460000608
125360,2024-06-09,106.7838,0.0766286731159922
125360,2024-06-11,104.5057,-0.021333760364399823
125360,2024-06-12,101.9501,-0.0244541685286066
125360,2024-07-02,114.4567,0.12267373940780835
125360,2024-07-03,104.7105,-0.08515185218514953
125360,2024-07-05,103.1435,-0.01496507036066097
125360,2024-07-06,107.5513,0.0427346366954775
125360,2024-07-08,98.706,-0.08224261352489459
125360,2024-07-10,101.2047,0.025314570542824155
125360,2024-07-11,105.3036,0.04050108344770553
125360,2024-08-01,122.7832,0.16599242571004202
125360,2024-08-02,117.0249,-0.04689810983913101
125360,2024-08-03,109.3889,-0.06525107049867163
125360,2024-08-04,108.3357,-0.009628033557335325
125360,2024-08-05,103.3363,-0.046147299551302146
125360,2024-08-07,104.7472,0.013653478980764966
125360,2024-08-08,100.5275,-0.040284609039668906
125360,2024-08-10,101.162,0.006311705752157337
125360,2024-08-11,107.3226,0.060898361044660954
125360,2024-09-01,121.486,0.13197033989113205
125360,2024-09-02,115.5158,-0.04914311114037839
125360,2024-09-04,105.4321,-0.0872928205492235
125360,2024-09-05,105.0089,-0.0040139577984315
125360,2024-09-07,104.825,-0.0017512801295889169
125360,2024-09-08,100.5804,-0.04049224898640602
125360,2024-09-09,105.8101,0.051995219744602306
125360,2024-09-10,98.2091,-0.07183624247590725
125360,2024-09-12,100.6988,0.02535101126066719
125360,2024-10-01,121.6656,0.20821300750356508
125360,2024-10-04,105.073,-0.1363787298957142
125360,2024-10-05,106.9621,0.01797892893512132
125360,2024-10-06,107.7271,0.007152066012166891
125360,2024-10-07,106.6769,-0.009748707613961516
125360,2024-10-09,103.912,-0.025918450948612115
125360,2024-10-10,97.8518,-0.05832050196319971
125360,2024-10-12,101.8869,0.04123685001195687
125360,2024-11-01,121.2903,0.19044057675716908
125360,2024-11-03,106.3046,-0.12355233683155209
125360,2024-11-04,105.9979,-0.0028851056304242118
125360,2024-11-06,105.6459,-0.0033208205068213648
125360,2024-11-07,109.2454,0.03407136481396833
125360,2024-11-09,101.9174,-0.06707833922526718
125360,2024-11-10,97.1282,-0.04699099466823131
125360,2024-11-11,108.3215,0.11524253512368188
125360,2024-11-12,97.6892,-0.09815502924165564
125360,2024-12-01,121.8404,0.24722487235027013
125360,2024-12-02,116.8278,-0.041140705381794596
125360,2024-12-03,106.0072,-0.09262007844023423
125360,2024-12-04,106.5218,0.00485438724916798
125360,2024-12-06,105.4145,-0.010395055284458166
125360,2024-12-07,108.8785,0.03286075445028902
125360,2024-12-08,98.1111,-0.09889372098256322
125360,2024-12-09,103.4541,0.054458669814118954
125360,2024-12-11,108.755,0.05123914856926892
125360,2024-12-12,96.9509,-0.10853845800193085
125360,2025-01-01,99.4819,0.026105997984546825
125360,2025-01-04,113.6666,0.14258573670185237
125360,2025-01-05,113.1756,-0.00431965062736106
125360,2025-01-07,103.109,-0.08894673410169696
125360,2025-01-08,103.743,0.006148832788602343
125360,2025-01-09,104.9361,0.011500534975853904
125360,2025-01-10,109.0027,0.03875310784372599
125360,2025-01-12,106.2485,-0.025267264021900382
125360,2025-02-01,99.7829,-0.06085356499150585
125360,2025-02-04,115.7092,0.1596095122510972
125360,2025-02-05,110.4595,-0.045369771807254655
125360,2025-02-06,98.1623,-0.1113276811863172
125360,2025-02-07,101.1991,0.03093652043605344
125360,2025-02-09,101.7027,0.004976328840869071
125360,2025-02-10,107.7257,0.05922163325064145
125360,2025-02-12,107.7858,0.0005578984402050402
125360,2025-03-01,101.2421,-0.06071022342460697
125360,2025-03-02,111.887,0.10514301856638708
125360,2025-03-03,103.8891,-0.07148194160179466
125360,2025-03-04,117.0718,0.12689204160975498
125360,2025-03-06,97.1507,-0.17016138813958614
125360,2025-03-07,100.8201,0.037770185907049614
125360,2025-03-09,99.5695,-0.012404272560729401
125360,2025-03-10,109.8287,0.10303556812075976
125360,2025-03-11,123.0092,0.12000961497313556
125360,2025-03-12,107.4863,-0.12619300019835922
125360,2025-04-02,108.4664,0.009118371364536637
125360,2025-04-03,102.1955,-0.0578142171216155
125360,2025-04-04,117.169,0.14651819307112346
125360,2025-04-06,98.3213,-0.16085910095673772
125360,2025-04-07,99.0201,0.007107310420020996
125360,2025-04-08,104.5078,0.05542006117949794
125360,2025-04-09,103.934,-0.005490499273738458
125360,2025-04-11,121.3102,0.1671849442915696
125360,2025-04-12,106.6544,-0.12081259448916903
125360,2025-05-02,105.9903,-0.006226653565159945
125360,2025-05-03,103.4485,-0.023981439811001648
125360,2025-05-05,110.4169,0.06736105405104964
125360,2025-05-06,97.7529,-0.11469258781943703
125360,2025-05-08,104.0057,0.06396536573339517
125360,2025-05-09,105.1102,0.010619610271360047
125360,2025-05-11,123.0622,0.17079217811401737
125360,2025-05-12,106.0555,-0.13819596919281474
125360,2025-06-01,103.9499,-0.019853755816529928
125360,2025-06-02,103.7957,-0.0014834069104443515
125360,2025-06-03,102.9345,-0.008297068182978595
125360,2025-06-05,108.5968,0.05500876771150587
125360,2025-06-06,95.6391,-0.11931935379311365
125360,2025-06-08,107.9645,0.12887406928756118
125360,2025-06-10,113.7928,0.05398348531230179
125360,2025-06-11,122.7794,0.07897336211078376
125360,2025-07-01,106.5465,-0.13221191828596657
125360,2025-07-02,106.4409,-0.0009911165547437095
125360,2025-07-03,104.2212,-0.02085382592593643
125360,2025-07-04,117.5939,0.12831074675785747
125360,2025-07-05,110.1731,-0.06310531413619247
125360,2025-07-07,97.1384,-0.11831109408739515
125360,2025-07-08,106.2723,0.0940297554828986
125360,2025-07-10,114.2057,0.07465162605871889
125360,2025-07-11,120.7758,0.05752865224765502
125360,2025-08-01,105.8662,-0.12344857165094325
125360,2025-08-04,117.6845,0.11163430821168596
125360,2025-08-05,109.5707,-0.06894535813977198
125360,2025-08-07,99.2998,-0.09373765066755979
125360,2025-08-08,108.1893,0.0895218318667308
125360,2025-08-09,106.9683,-0.011285774101505441
125360,2025-08-10,113.1852,0.05811908761754636
125360,2025-08-12,101.7271,-0.10123320010036652
125360,2025-09-01,107.8994,0.06067508068154903
125360,2025-09-04,116.8359,0.08282251801214824
125360,2025-09-05,109.3657,-0.0639375397459171
125360,2025-09-06,95.2287,-0.12926356252463067
125360,2025-09-07,98.6036,0.035439946150687796
125360,2025-09-09,106.8721,0.08385596469094447
125360,2025-09-10,111.6731,0.044922856386278465
125360,2025-09-12,102.3014,-0.08392083679955153
125360,2025-10-01,108.4419,0.06002361649009691
125360,2025-10-02,106.4109,-0.01872892304542806
125360,2025-10-03,105.3778,-0.00970859188297446
125360,2025-10-04,116.8948,0.10929246957138994
125360,2025-10-06,98.4248,-0.15800531760180947
125360,2025-10-07,97.3418,-0.011003324365403855
125360,2025-10-09,108.3904,0.11350314048024579
125360,2025-10-10,114.3569,0.05504638787198868
125360,2025-10-11,120.9807,0.05792217172728531
125360,2025-10-12,100.1312,-0.17233740588374835
125360,2025-11-02,105.7737,0.05635106739957174
125360,2025-11-03,104.9749,-0.00755197180395506
125360,2025-11-04,117.9919,0.12400107073214639
125360,2025-11-06,101.6499,-0.13850103269800718
125360,2025-11-07,100.2302,-0.013966565633611094
125360,2025-11-08,106.2396,0.059955981330976016
125360,2025-11-09,105.0034,-0.011635962484798479
125360,2025-11-11,116.827,0.11260206812350848
125360,2025-11-12,101.3212,-0.13272445581928827
125360,2025-12-02,103.0837,0.01739517494857923
125360,2025-12-03,108.265,0.05026303867633786
125360,2025-12-05,109.2276,0.0088911467233177
125360,2025-12-06,102.5961,-0.06071267701569927
125360,2025-12-08,107.2625,0.045483210375443006
125360,2025-12-09,107.0236,-0.0022272462416967898
125360,2025-12-11,115.7156,0.0812157318572726
125360,2025-12-12,101.212,-0.12533832949057855
125360,2026-01-01,101.6248,0.004078567758763585
125360,2026-01-04,96.9395,-0.046103903771520294
125360,2026-01-05,108.5816,0.12009655506785166
125360,2026-02-01,98.7841,-0.0902316782954018
125360,2026-02-02,89.8705,-0.09023314480771694
125360,2026-02-03,89.3898,-0.0053488074507208605
125360,2026-02-04,98.4623,0.10149368272442727
125360,2026-03-02,90.9737,-0.07605550550819962
125360,2026-03-03,89.0896,-0.020710381132129307
125360,2026-03-04,101.5299,0.13963807223289804
125360,2026-04-02,88.4119,-0.12920331843131916
125360,2026-04-03,91.7403,0.03764651591018864
125360,2026-04-05,107.9972,0.1772056555297945
125360,2026-05-01,97.8359,-0.09408855044390052
125360,2026-05-02,87.5128,-0.105514437951713
125360,2026-05-03,91.57,0.046361218016107264
125360,2026-05-05,106.7944,0.16625969203887747
125360,2026-06-01,97.1806,-0.0900215741649375
125360,2026-06-02,87.034,-0.10440972786749614
125360,2026-06-03,94.2894,0.08336282372406179
125360,2026-06-04,98.9105,0.04900975083095238
125360,2026-06-05,107.6621,0.08847998948544378
125360,2026-07-01,97.0885,-0.09821097675040702
125360,2026-07-04,101.1123,0.04144466131416191
125360,2026-07-05,107.573,0.06389628165910555
125360,2026-08-01,94.8677,-0.11810863320721743
125360,2026-08-04,104.1607,0.0979574712995046
125360,2026-08-05,105.2978,0.01091678531346263
125360,2026-09-01,94.5484,-0.10208570359494684
125360,2026-09-02,84.0566,-0.11096750447389903
125360,2026-09-03,95.2987,0.1337444055553043
125360,2026-09-04,100.4358,0.0539052473958197
125360,2026-10-02,85.4493,-0.14921472224047605
125360,2026-10-03,95.9535,0.12292903511204911
125360,2026-10-04,101.3563,0.05630644009858932
125360,2026-11-02,87.7325,-0.13441493030033658
125360,2026-11-03,95.8106,0.09207648248938516
125360,2026-11-05,108.8003,0.13557685684047494
125360,2026-12-01,94.072,-0.13537003114881108
125360,2026-12-02,91.037,-0.032262522323326825
125360,2026-12-03,97.543,0.07146544811450295
125360,2026-12-05,107.6323,0.10343438278502814
125362,2022-01-02,115.5449,
125362,2022-01-03,114.6932,-0.0073711604752784154
125362,2022-01-04,111.3628,-0.029037466911726373
125362,2022-01-06,104.7056,-0.05977938773091185
125362,2022-01-07,100.2264,-0.04277899176357336
125362,2022-01-08,88.6885,-0.1151183720057789
125362,2022-01-09,94.8029,0.06894242207276013
125362,2022-01-11,96.9862,0.02302988621656099
125362,2022-01-12,90.2831,-0.0691139564185419
125362,2022-02-02,114.919,0.2728738822658947
125362,2022-02-03,113.3879,-0.013323297278952984
125362,2022-02-05,104.1789,-0.08121677886264766
125362,2022-02-06,104.0415,-0.0013188851101326726
125362,2022-02-08,90.1029,-0.13397154020270752
125362,2022-02-09,95.6463,0.06152299204576095
125362,2022-02-11,95.9753,0.0034397566868766827
125362,2022-02-12,88.3576,-0.07937146328274047
125362,2022-03-01,120.9542,0.3689167655074379
125362,2022-03-02,115.0989,-0.04840923258555718
125362,2022-03-03,113.3033,-0.015600496616388182
125362,2022-03-05,102.7929,-0.09276340583195719
125362,2022-03-06,104.5994,0.017574170978734927
125362,2022-03-08,90.085,-0.1387617902205941
125362,2022-03-10,93.9885,0.04333129821834936
125362,2022-03-11,95.4079,0.015101847566457494
125362,2022-04-01,120.893,0.2671172932220498
125362,2022-04-02,113.4269,-0.0617579181590332
125362,2022-04-03,112.2542,-0.010338817335217687
125362,2022-04-04,111.3219,-0.008305257175232672
125362,2022-04-05,101.928,-0.08438501319147451
125362,2022-04-07,98.2722,-0.035866493995761695
125362,2022-04-08,90.4914,-0.07917600297947947
125362,2022-04-10,94.8959,0.0486731335795445
125362,2022-04-11,94.2605,-0.00669575819397894
125362,2022-05-01,120.3908,0.2772136791126718
125362,2022-05-04,112.4279,-0.06614209723666598
125362,2022-05-05,101.7903,-0.09461708348194708
125362,2022-05-07,98.0489,-0.03675595808244991
125362,2022-05-08,89.9265,-0.08284029703545881
125362,2022-05-09,96.8248,0.07671042462455446
125362,2022-05-10,93.8009,-0.031230635126537787
125362,2022-05-12,86.9161,-0.07339801643694244
125362,2022-06-01,118.7454,0.3662071814082777
125362,2022-06-04,110.9639,-0.06553095951506338
125362,2022-06-05,102.5733,-0.07561558308603067
125362,2022-06-06,105.1833,0.025445218200057962
125362,2022-06-07,98.2761,-0.06566821919449195
125362,2022-06-09,97.1254,-0.011708848845243147
125362,2022-06-10,94.2637,-0.029463971319551807
125362,2022-06-12,88.2968,-0.06330008264050735
125362,2022-07-01,120.0372,0.35947395602105625
125362,2022-07-02,113.0611,-0.05811615065996212
125362,2022-07-03,111.1181,-0.017185397983921935
125362,2022-07-04,110.7735,-0.0031012049342096226
125362,2022-07-06,105.9854,-0.0432242368436494
125362,2022-07-07,98.424,-0.07134378886148462
125362,2022-07-09,96.2949,-0.02163191904413564
125362,2022-07-10,95.9672,-0.0034030878063116
125362,2022-07-11,95.2092,-0.007898531998432934
125362,2022-07-12,87.2079,-0.08403914747734464
125362,2022-08-02,113.6954,0.3037282172830673
125362,2022-08-03,110.1477,-0.03120354913215495
125362,2022-08-04,112.0335,0.017120648002636463
125362,2022-08-06,106.5121,-0.04928347324684135
125362,2022-08-07,98.324,-0.07687483393905481
125362,2022-08-08,88.7766,-0.09710141979577724
125362,2022-08-09,96.7792,0.09014312330050944
125362,2022-08-11,96.6519,-0.0013153652851026765
125362,2022-08-12,88.5639,-0.0836817486257383
125362,2022-09-02,114.5811,0.2937675508869868
125362,2022-09-03,109.3052,-0.046045115642981305
125362,2022-09-05,102.2499,-0.06454679191840829
125362,2022-09-06,104.8519,0.02544745765032541
125362,2022-09-08,89.7059,-0.1444513642575862
125362,2022-09-09,97.6628,0.08869985140330794
125362,2022-09-11,95.9998,-0.017027977899466418
125362,2022-09-12,87.1739,-0.09193664986802041
125362,2022-10-01,120.933,0.3872615542037239
125362,2022-10-02,114.0687,-0.056761181811416206
125362,2022-10-03,110.3725,-0.03240327977788826
125362,2022-10-05,102.0096,-0.07576977960995712
125362,2022-10-06,103.8845,0.018379642700294907
125362,2022-10-08,91.0846,-0.12321279882946934
125362,2022-10-10,95.2725,0.04597813461331546
125362,2022-10-11,95.6233,0.0036820698522659345
125362,2022-11-01,119.0507,0.24499677379885454
125362,2022-11-02,117.8622,-0.009983141636294546
125362,2022-11-03,111.182,-0.056678052844762794
125362,2022-11-04,110.0746,-0.009960245363458076
125362,2022-11-05,101.9527,-0.07378541461881316
125362,2022-11-07,96.9277,-0.049287561781100386
125362,2022-11-08,91.8969,-0.05190260369326827
125362,2022-11-10,93.5467,0.017952727458706352
125362,2022-11-11,95.2986,0.01872754463813253
125362,2022-12-01,118.9711,0.24840343929501607
125362,2022-12-04,110.5632,-0.07067178499652449
125362,2022-12-05,102.5819,-0.07218767184741393
125362,2022-12-07,95.7284,-0.06681003178923384
125362,2022-12-08,92.0829,-0.038081697803368675
125362,2022-12-09,95.3956,0.03597519191945531
125362,2022-12-10,93.9141,-0.015530066376227003
125362,2022-12-12,87.9023,-0.06401381688159724
125362,2023-01-02,85.7216,-0.024808224585704863
125362,2023-01-03,83.0168,-0.03155330745109741
125362,2023-01-05,83.1505,0.0016105173892511093
125362,2023-01-06,80.0065,-0.037810957240184906
125362,2023-01-08,82.4986,0.031148719166567584
125362,2023-01-09,92.8516,0.12549303866974726
125362,2023-01-11,93.209,0.003849152841738812
125362,2023-01-12,93.4552,0.002641375832805881
125362,2023-02-01,91.46,-0.0213492668144738
125362,2023-02-02,86.2637,-0.05681500109337412
125362,2023-02-03,82.9917,-0.03793020702798522
125362,2023-02-05,82.3561,-0.007658597185019711
125362,2023-02-06,80.6951,-0.020168512107785586
125362,2023-02-08,81.7232,0.01274055054148282
125362,2023-02-10,90.9568,0.11298627562307884
125362,2023-02-11,92.2315,0.014014345271601503
125362,2023-03-01,92.2982,0.0007231802583715918
125362,2023-03-02,87.239,-0.054813636668970656
125362,2023-03-03,84.1164,-0.035793624411100566
125362,2023-03-04,85.2767,0.013793980721952037
125362,2023-03-05,82.2776,-0.03516904383026076
125362,2023-03-07,79.8309,-0.029737133800694315
125362,2023-03-08,81.558,0.02163447988185041
125362,2023-03-10,90.2411,0.10646533755119059
125362,2023-03-11,93.1839,0.03261041809109133
125362,2023-04-01,92.7554,-0.004598433849624217
125362,2023-04-04,85.7835,-0.07516435700778601
125362,2023-04-05,81.5101,-0.049816106827070605
125362,2023-04-07,80.0406,-0.018028440647232635
125362,2023-04-08,83.7557,0.0464151942888984
125362,2023-04-09,92.5697,0.10523462880735268
125362,2023-04-10,89.3384,-0.03490667032517125
125362,2023-04-12,93.8913,0.050962408102227075
125362,2023-05-01,92.4489,-0.015362445721808116
125362,2023-05-04,85.2635,-0.07772293667096097
125362,2023-05-05,81.3088,-0.04638209784960723
125362,2023-05-06,79.2893,-0.024837409972844338
125362,2023-05-07,80.9095,0.02043403082130868
125362,2023-05-09,95.2767,0.1775712369993636
125362,2023-05-10,90.8802,-0.04614454530855916
125362,2023-05-12,95.2807,0.048420888158256625
125362,2023-06-01,92.0908,-0.033478973181347293
125362,2023-06-02,86.105,-0.06499889239750334
125362,2023-06-03,86.4418,0.003911503397015181
125362,2023-06-04,85.4044,-0.012001138338165185
125362,2023-06-06,79.8567,-0.06495801153102176
125362,2023-06-07,80.1192,0.003287138086096819
125362,2023-06-09,96.2684,0.2015646686437207
125362,2023-06-10,91.6628,-0.04784124385571997
125362,2023-06-11,92.3192,0.007161029337964697
125362,2023-06-12,95.3138,0.03243745613046922
125362,2023-07-02,86.1778,-0.09585180739829902
125362,2023-07-03,86.7319,0.006429730162524461
125362,2023-07-04,85.896,-0.00963774574291576
125362,2023-07-06,79.9624,-0.06907888609481228
125362,2023-07-07,78.3364,-0.020334557241903806
125362,2023-07-08,85.1023,0.08636981020317513
125362,2023-07-09,95.7864,0.12554419798289818
125362,2023-07-11,92.0561,-0.03894394193747752
125362,2023-07-12,96.51,0.04838245374288075
125362,2023-08-02,85.058,-0.1186612786239768
125362,2023-08-03,86.0328,0.011460415246067335
125362,2023-08-05,80.6443,-0.06263308877544371
125362,2023-08-06,80.0858,-0.006925473964061846
125362,2023-08-08,84.2511,0.05201046877224158
125362,2023-08-09,95.9263,0.13857623223910442
125362,2023-08-11,92.0117,-0.04080841229151955
125362,2023-08-12,97.1517,0.05586246096963765
125362,2023-09-01,91.1212,-0.06207302599954512
125362,2023-09-02,83.9706,-0.07847350561669508
125362,2023-09-03,85.2771,0.015559017084550986
125362,2023-09-05,81.7017,-0.041926847887651
125362,2023-09-06,80.4453,-0.01537789299365866
125362,2023-09-08,84.5597,0.05114531240482667
125362,2023-09-10,93.0766,0.100720556009541
125362,2023-09-11,90.6426,-0.026150503993484953
125362,2023-10-01,91.9551,0.014479946515214781
125362,2023-10-02,84.3792,-0.0823869475428769
125362,2023-10-03,86.3011,0.022776940288602
125362,2023-10-04,86.1446,-0.0018134183689432204
125362,2023-10-05,81.8185,-0.0502190502945048
125362,2023-10-07,79.9464,-0.022881133240037488
125362,2023-10-08,84.6951,0.05939854702650771
125362,2023-10-10,94.7372,0.11856766211976844
125362,2023-10-11,90.291,-0.04693193381269456
125362,2023-11-01,91.5991,0.014487601200562805
125362,2023-11-04,86.6578,-0.0539448531699549
125362,2023-11-05,80.8706,-0.06678221694988795
125362,2023-11-07,79.9762,-0.011059643430368915
125362,2023-11-08,84.5886,0.0576721574668464
125362,2023-11-09,96.7007,0.14318832561361705
125362,2023-11-10,92.1084,-0.047489832028103196
125362,2023-11-12,98.5124,0.06952677497383508
125362,2023-12-01,90.7941,-0.07834851247152641
125362,2023-12-04,86.1709,-0.050919608212427914
125362,2023-12-05,81.7229,-0.051618353759796065
125362,2023-12-06,80.1433,-0.01932873160399351
125362,2023-12-07,80.4838,0.004248639624273132
125362,2023-12-09,96.5691,0.19985761109689149
125362,2023-12-10,92.5295,-0.04183118616617543
125362,2023-12-12,100.4654,0.08576616106214785
125362,2024-01-01,104.0437,0.035617237377246314
125362,2024-01-02,104.0368,-6.631828741199275e-05
125362,2024-01-03,109.976,0.057087492118173655
125362,2024-01-04,111.5998,0.014765039645013411
125362,2024-01-05,109.8381,-0.015785870583997497
125362,2024-01-07,117.7635,0.07215529037738277
125362,2024-01-08,110.5094,-0.06159888250603962
125362,2024-01-10,116.6066,0.05517358704327413
125362,2024-01-11,115.5243,-0.009281635859376802
125362,2024-02-01,105.4187,-0.08747596825949167
125362,2024-02-02,104.2209,-0.011362310481916382
125362,2024-02-04,112.9079,0.08335180371691275
125362,2024-02-05,111.0042,-0.016860644826447002
125362,2024-02-07,117.6093,0.05950315393471595
125362,2024-02-08,109.599,-0.06810940971504809
125362,2024-02-09,109.6813,0.0007509192602122017
125362,2024-02-10,117.9178,0.07509484296776203
125362,2024-02-12,119.4195,0.012735142616297157
125362,2024-03-01,104.0676,-0.12855438182206425
125362,2024-03-04,115.1211,0.10621461434682833
125362,2024-03-05,110.6069,-0.03921262044924867
125362,2024-03-06,113.7366,0.028295703070965628
125362,2024-03-07,117.0972,0.029547216990836844
125362,2024-03-09,110.452,-0.056749435511694535
125362,2024-03-10,118.839,0.07593343714916889
125362,2024-03-12,118.3726,-0.003924637534815978
125362,2024-04-01,103.2702,-0.1275835793080493
125362,2024-04-03,109.9097,0.06429250645394302
125362,2024-04-04,114.8829,0.04524805362947948
125362,2024-04-06,116.6731,0.01558282390155541
125362,2024-04-07,114.4074,-0.01941921488329368
125362,2024-04-09,109.5982,-0.04203574244323349
125362,2024-04-10,117.2634,0.06993910483931298
125362,2024-04-11,116.5233,-0.006311432211585144
125362,2024-04-12,117.6289,0.009488231109142875
125362,2024-05-01,104.0432,-0.11549627685033192
125362,2024-05-02,105.5492,0.01447475663954978
125362,2024-05-03,110.2555,0.04458868470817401
125362,2024-05-04,116.4318,0.05601806712590296
125362,2024-05-06,116.047,-0.0033049390286845615
125362,2024-05-07,113.5801,-0.021257766249881516
125362,2024-05-08,110.0428,-0.031143659848864358
125362,2024-05-09,110.5735,0.004822668997880752
125362,2024-05-11,115.8028,0.04729252488163982
125362,2024-05-12,117.3907,0.013712103679703658
125362,2024-06-02,103.5358,-0.11802382982638315
125362,2024-06-03,111.6282,0.07816040442049998
125362,2024-06-05,111.9863,0.003207970745743305
125362,2024-06-06,117.8086,0.05199118106411227
125362,2024-06-08,109.3624,-0.07169425661624029
125362,2024-06-09,111.4913,0.01946647110890032
125362,2024-06-11,114.9968,0.03144191519876438
125362,2024-06-12,118.2288,0.02810512988187508
125362,2024-07-02,102.0562,-0.13679069735969585
125362,2024-07-03,109.9823,0.07766407136460107
125362,2024-07-05,113.1282,0.0286036935034093
125362,2024-07-06,118.5397,0.04783511096260695
125362,2024-07-08,112.0313,-0.05490481248054446
125362,2024-07-10,117.5482,0.04924427369851103
125362,2024-07-11,112.6799,-0.041415351319713856
125362,2024-08-01,105.0201,-0.06797840608662242
125362,2024-08-02,102.6833,-0.0222509786221875
125362,2024-08-03,108.0615,0.05237657924901118
125362,2024-08-04,116.6256,0.07925209255840437
125362,2024-08-05,112.2531,-0.03749176853109437
125362,2024-08-07,112.5794,0.0029068239540823715
125362,2024-08-08,110.2979,-0.02026569692146174
125362,2024-08-10,118.5972,0.07524440628516049
125362,2024-08-11,112.1499,-0.05436300351104406
125362,2024-09-01,103.3133,-0.07879275862038226
125362,2024-09-02,103.6358,0.003121572924299265
125362,2024-09-04,115.8225,0.11759160444556804
125362,2024-09-05,112.7278,-0.026719333462841832
125362,2024-09-07,111.5564,-0.010391403007953715
125362,2024-09-08,111.8776,0.002879261073322592
125362,2024-09-09,112.5091,0.005644561556558347
125362,2024-09-10,118.9039,0.056838069098410715
125362,2024-09-12,116.5123,-0.020113722089855735
125362,2024-10-01,104.0809,-0.10669603123447047
125362,2024-10-04,114.7949,0.10293915598347048
125362,2024-10-05,113.7304,-0.009273060040123737
125362,2024-10-06,117.7795,0.035602618121452156
125362,2024-10-07,112.0521,-0.04862815685242339
125362,2024-10-09,112.0092,-0.0003828576171261977
125362,2024-10-10,120.5381,0.07614463811901162
125362,2024-10-12,116.6713,-0.03207948358236934
125362,2024-11-01,104.2887,-0.10613235645784347
125362,2024-11-03,108.6623,0.04193742946263579
125362,2024-11-04,113.3354,0.04300571587385882
125362,2024-11-06,115.973,0.02327251679528186
125362,2024-11-07,112.2669,-0.031956576099609335
125362,2024-11-09,113.1079,0.007491077067238727
125362,2024-11-10,120.1728,0.06246159640484872
125362,2024-11-11,109.8644,-0.08577981040634808
125362,2024-11-12,116.178,0.05746720502728819
125362,2024-12-01,103.1872,-0.11181807226841567
125362,2024-12-02,104.0299,0.00816671059976426
125362,2024-12-03,110.5897,0.0630568711495445
125362,2024-12-04,112.3777,0.016167870968092135
125362,2024-12-06,114.5875,0.019664043667026565
125362,2024-12-07,110.4835,-0.0358154248936402
125362,2024-12-08,109.6848,-0.007229133762055029
125362,2024-12-09,113.8646,0.03810737677417464
125362,2024-12-11,112.639,-0.010763661401348656
125362,2024-12-12,114.9743,0.020732605935777082
125362,2025-01-01,106.2188,-0.07615180088071849
125362,2025-01-04,115.6869,0.08913770443650271
125362,2025-01-05,109.6161,-0.05247612305282612
125362,2025-01-07,118.2897,0.07912706253917068
125362,2025-01-08,121.673,0.028601814021000926
125362,2025-01-09,127.9396,0.05150362035948808
125362,2025-01-10,117.5347,-0.08132665726639754
125362,2025-01-12,140.6254,0.19645857776469433
125362,2025-02-01,104.5785,-0.25633278198675347
125362,2025-02-04,113.1477,0.08194036059036991
125362,2025-02-05,108.8289,-0.03816957834759338
125362,2025-02-06,112.8404,0.03686061331135382
125362,2025-02-07,118.1004,0.04661451040584752
125362,2025-02-09,129.2434,0.09435192429492201
125362,2025-02-10,117.9352,-0.08749537693994447
125362,2025-02-12,142.1405,0.20524237038644966
125362,2025-03-01,104.0417,-0.2680362036154368
125362,2025-03-02,106.8249,0.026750812414637615
125362,2025-03-03,110.0864,0.030531271267279392
125362,2025-03-04,112.0684,0.018004040462763715
125362,2025-03-06,111.9547,-0.0010145589657744036
125362,2025-03-07,118.3813,0.05740357483875158
125362,2025-03-09,127.9403,0.08074755049995219
125362,2025-03-10,117.8658,-0.07874375783080079
125362,2025-03-11,128.9554,0.09408666466438964
125362,2025-03-12,141.7736,0.09940025776353667
125362,2025-04-02,107.6673,-0.24056876597617605
125362,2025-04-03,111.754,0.0379567426693157
125362,2025-04-04,110.9404,-0.007280276321205537
125362,2025-04-06,111.4648,0.004726862351316585
125362,2025-04-07,117.4119,0.05335406334555848
125362,2025-04-08,122.187,0.040669642514940874
125362,2025-04-09,127.6136,0.044412253349374486
125362,2025-04-11,126.3364,-0.010008337669339396
125362,2025-04-12,141.8577,0.12285691218049588
125362,2025-05-02,108.3155,-0.2364496252230227
125362,2025-05-03,112.8365,0.04173917860324705
125362,2025-05-05,108.466,-0.03873303408028439
125362,2025-05-06,111.2584,0.02574447292239035
125362,2025-05-08,123.3787,0.10893829140091893
125362,2025-05-09,128.1772,0.038892450641804466
125362,2025-05-11,124.9231,-0.025387510415268766
125362,2025-05-12,140.2432,0.12263624581842736
125362,2025-06-01,103.78,-0.25999977182494405
125362,2025-06-02,106.686,0.02800154172287539
125362,2025-06-03,114.496,0.07320548150647688
125362,2025-06-05,107.4784,-0.06129122414756849
125362,2025-06-06,113.68,0.057700896180069794
125362,2025-06-08,122.9429,0.08148223082336381
125362,2025-06-10,118.5875,-0.035426201919752875
125362,2025-06-11,125.9893,0.062416359228417706
125362,2025-07-01,107.3778,-0.1477228621795661
125362,2025-07-02,105.1054,-0.021162661183223963
125362,2025-07-03,115.6649,0.10046581812161892
125362,2025-07-04,110.0022,-0.04895780828929086
125362,2025-07-05,108.8496,-0.0104779722587367
125362,2025-07-07,114.9641,0.056173839867119435
125362,2025-07-08,119.3236,0.03792053345348667
125362,2025-07-10,117.8885,-0.012026958623440831
125362,2025-07-11,126.4538,0.07265594184335211
125362,2025-08-01,107.7139,-0.14819562559606758
125362,2025-08-04,111.6526,0.03656631131172494
125362,2025-08-05,108.2572,-0.030410397966549874
125362,2025-08-07,116.3721,0.07495944842467761
125362,2025-08-08,120.044,0.03155309563031006
125362,2025-08-09,126.8086,0.056351004631635115
125362,2025-08-10,116.4351,-0.08180438866133677
125362,2025-08-12,141.3272,0.2137851902046719
125362,2025-09-01,105.2993,-0.2549254495949824
125362,2025-09-04,111.5033,0.05891777058347003
125362,2025-09-05,108.1195,-0.030347083897965255
125362,2025-09-06,111.9082,0.03504178247217182
125362,2025-09-07,114.8404,0.026201833288356013
125362,2025-09-09,123.8733,0.07865611753355095
125362,2025-09-10,115.497,-0.06761989871909446
125362,2025-09-12,138.8961,0.20259487259409337
125362,2025-10-01,102.6263,-0.2611290021822067
125362,2025-10-02,102.4926,-0.0013027849586314533
125362,2025-10-03,115.4009,0.1259437266690473
125362,2025-10-04,110.9818,-0.0382934621827038
125362,2025-10-06,111.215,0.002101245429430687
125362,2025-10-07,114.671,0.031074944926493764
125362,2025-10-09,123.3597,0.07577068308465074
125362,2025-10-10,117.5485,-0.04710776696117125
125362,2025-10-11,126.9094,0.07963436368817978
125362,2025-10-12,138.7979,0.09367706411030219
125362,2025-11-02,103.4815,-0.2544447718589402
125362,2025-11-03,118.268,0.1428902750733223
125362,2025-11-04,112.5266,-0.04854567592248116
125362,2025-11-06,110.0466,-0.02203923339014957
125362,2025-11-07,113.6917,0.03312324051810789
125362,2025-11-08,123.1709,0.08337635904819796
125362,2025-11-09,121.2967,-0.015216256437194153
125362,2025-11-11,127.9831,0.05512433561671504
125362,2025-11-12,138.8348,0.0847901011930483
125362,2025-12-02,103.0367,-0.2578467358328027
125362,2025-12-03,118.8032,0.15301829348183715
125362,2025-12-05,108.0448,-0.09055648332704846
125362,2025-12-06,111.4915,0.03190065602416792
125362,2025-12-08,122.6702,0.10026504262656788
125362,2025-12-09,122.3881,-0.0022996620206048313
125362,2025-12-11,128.3693,0.04887076439621185
125362,2025-12-12,138.1708,0.07635392574392785
125362,2026-01-01,126.4348,-0.08493835166330377
125362,2026-01-04,112.4966,-0.1102402186739726
125362,2026-01-05,119.3705,0.06110318000721815
125362,2026-02-01,128.9962,0.08063717585165486
125362,2026-02-02,117.4586,-0.0894413943976643
125362,2026-02-03,110.7716,-0.05693069728397915
125362,2026-02-04,112.5165,0.01575223252169322
125362,2026-03-02,116.272,0.03337732688094652
125362,2026-03-03,111.7221,-0.03913151919636726
125362,2026-03-04,112.1728,0.004034116795155196
125362,2026-04-02,118.823,0.059285316939578836
125362,2026-04-03,113.7755,-0.042479149659577664
125362,2026-04-05,121.4723,0.06764901055148087
125362,2026-05-01,128.2056,0.05543074429314343
125362,2026-05-02,118.829,-0.07313721085506408
125362,2026-05-03,114.9412,-0.032717602605424556
125362,2026-05-05,122.1121,0.062387551200091984
125362,2026-06-01,129.0122,0.05650627579085121
125362,2026-06-02,120.7168,-0.064299345333232
125362,2026-06-03,115.5422,-0.04286561605344086
125362,2026-06-04,115.3503,-0.001660865034593284
125362,2026-06-05,124.0501,0.07542069678188956
125362,2026-07-01,128.6797,0.03732040522337332
125362,2026-07-04,116.0049,-0.09849883081791444
125362,2026-07-05,124.0525,0.06937293166064529
125362,2026-08-01,130.8712,0.05496624413050921
125362,2026-08-04,118.2562,-0.0963924836021981
125362,2026-08-05,124.6954,0.05445126767137798
125362,2026-09-01,130.6096,0.047429175414650304
125362,2026-09-02,118.3377,-0.09395863703740004
125362,2026-09-03,114.9514,-0.028615563763703333
125362,2026-09-04,119.9148,0.0431782475028577
125362,2026-10-02,117.2058,-0.02259103963814313
125362,2026-10-03,114.1122,-0.026394598219542043
125362,2026-10-04,120.0231,0.05179901886038474
125362,2026-11-02,118.2239,-0.014990447672156404
125362,2026-11-03,111.0851,-0.06038372951662063
125362,2026-11-05,123.8213,0.11465264018306676
125362,2026-12-01,132.0075,0.06611301932704627
125362,2026-12-02,117.9556,-0.1064477397117587
125362,2026-12-03,111.1844,-0.05740465056343236
125362,2026-12-05,123.6325,0.11195905180942645
125494,2022-01-02,225.5585,
125494,2022-01-03,205.1872,-0.09031492938638985
125494,2022-01-04,191.3125,-0.0676197150699458
125494,2022-01-06,194.7364,0.01789689643907222
125494,2022-01-07,186.0227,-0.04474612861283256
125494,2022-01-08,203.8924,0.09606193222655102
125494,2022-01-09,213.2591,0.04593942687417463
125494,2022-01-11,209.2406,-0.018843275621063693
125494,2022-01-12,213.1725,0.018791286203537982
125494,2022-02-02,228.8482,0.07353528245904117
125494,2022-02-03,205.2482,-0.10312512836019683
125494,2022-02-05,187.4124,-0.08689869143797613
125494,2022-02-06,195.4769,0.0430307706427111
125494,2022-02-08,205.4622,0.05108173906993607
125494,2022-02-09,210.7767,0.025866071715381356
125494,2022-02-11,210.5511,-0.0010703270333012327
125494,2022-02-12,212.9465,0.011376810664964543
125494,2022-03-01,235.7978,0.10731005205532851
125494,2022-03-02,223.7113,-0.0512578997768427
125494,2022-03-03,201.9435,-0.09730308661207543
125494,2022-03-05,188.7103,-0.06552921980653015
125494,2022-03-06,198.6018,0.0524163227974308
125494,2022-03-08,202.4609,0.019431344529606598
125494,2022-03-10,209.3721,0.03413597390903611
125494,2022-03-11,210.9967,0.007759391055446319
125494,2022-04-01,234.2318,0.1101206796125247
125494,2022-04-02,218.8089,-0.0658446035081488
125494,2022-04-03,201.1367,-0.08076545332479623
125494,2022-04-04,193.3408,-0.03875921201849286
125494,2022-04-05,189.9138,-0.017725177510385715
125494,2022-04-07,190.052,0.0007276985664022018
125494,2022-04-08,203.073,0.06851282806810777
125494,2022-04-10,211.4771,0.04138462523329056
125494,2022-04-11,210.3113,-0.005512653615923568
125494,2022-05-01,232.6252,0.10609938695638332
125494,2022-05-04,192.7214,-0.1715368756265444
125494,2022-05-05,190.0661,-0.013777919836613806
125494,2022-05-07,189.2641,-0.004219584660283937
125494,2022-05-08,196.591,0.03871257148080387
125494,2022-05-09,207.6391,0.05619840175796442
125494,2022-05-10,210.0757,0.01173478405560413
125494,2022-05-12,207.4369,-0.012561186277137204
125494,2022-06-01,231.7549,0.11723083019462788
125494,2022-06-04,187.2501,-0.1920339116885985
125494,2022-06-05,192.7033,0.029122547865128023
125494,2022-06-06,204.4313,0.060860400418674576
125494,2022-06-07,187.7278,-0.08170715541113316
125494,2022-06-09,201.3118,0.07236008731791466
125494,2022-06-10,208.5012,0.03571276000711343
125494,2022-06-12,206.7593,-0.008354388368028598
125494,2022-07-01,227.9741,0.10260626728761424
125494,2022-07-02,219.512,-0.037118690237180396
125494,2022-07-03,198.9339,-0.09374476110645436
125494,2022-07-04,192.3636,-0.033027553373256135
125494,2022-07-06,201.6111,0.048073024210401494
125494,2022-07-07,190.2763,-0.05622111084161541
125494,2022-07-09,205.1019,0.07791616717373628
125494,2022-07-10,210.6067,0.026839341810095396
125494,2022-07-11,211.3381,0.0034728239889805224
125494,2022-07-12,203.8476,-0.03544320688034952
125494,2022-08-02,218.0032,0.06944207339208308
125494,2022-08-03,200.1776,-0.08176760708099684
125494,2022-08-04,191.2076,-0.044810208534821094
125494,2022-08-06,204.9723,0.07198824732908093
125494,2022-08-07,191.8257,-0.06413842260637159
125494,2022-08-08,198.1122,0.032771938275215406
125494,2022-08-09,203.9745,0.029590807633250282
125494,2022-08-11,212.3321,0.04097374916962648
125494,2022-08-12,204.1928,-0.038332875716860504
125494,2022-09-02,216.0617,0.058125947633804964
125494,2022-09-03,197.3017,-0.08682704986584844
125494,2022-09-05,190.8561,-0.032668750446651074
125494,2022-09-06,204.8097,0.07311057912217622
125494,2022-09-08,200.1736,-0.022636134909625905
125494,2022-09-09,204.5573,0.021899491241602398
125494,2022-09-11,213.3689,0.043076438728903765
125494,2022-09-12,208.6877,-0.021939467279439406
125494,2022-10-01,222.2585,0.06502922788453747
125494,2022-10-02,210.4396,-0.05317636895776756
125494,2022-10-03,201.3359,-0.04326039395627057
125494,2022-10-05,191.9149,-0.04679244983135156
125494,2022-10-06,204.5137,0.06564784704053728
125494,2022-10-08,202.5183,-0.009756803578439888
125494,2022-10-10,212.9715,0.0516160761768194
125494,2022-10-11,213.8431,0.004092566376252327
125494,2022-11-01,225.8786,0.056281918846107226
125494,2022-11-02,210.6065,-0.0676119827199212
125494,2022-11-03,196.3763,-0.06756771514649373
125494,2022-11-04,195.5926,-0.003990807444686495
125494,2022-11-05,187.5,-0.041374775937330965
125494,2022-11-07,191.3825,0.02070666666666665
125494,2022-11-08,201.4195,0.05244471150706054
125494,2022-11-10,211.8214,0.051642964062565966
125494,2022-11-11,216.7368,0.02320539851025427
125494,2022-12-01,219.7474,0.013890580648971529
125494,2022-12-04,199.4412,-0.09240700913867461
125494,2022-12-05,188.7387,-0.05366243283734762
125494,2022-12-07,195.4727,0.03567895720379566
125494,2022-12-08,202.4539,0.035714450150839516
125494,2022-12-09,204.6527,0.010860744100261943
125494,2022-12-10,206.8843,0.010904327184542373
125494,2022-12-12,203.3471,-0.01709747912238857
125494,2023-01-02,201.7069,-0.00806601126841755
125494,2023-01-03,215.3767,0.06777061171432419
125494,2023-01-05,236.9209,0.10003031897136494
125494,2023-01-06,248.2937,0.04800251898418417
125494,2023-01-08,221.6006,-0.10750615098168026
125494,2023-01-09,228.3745,0.030568058028723977
125494,2023-01-11,248.1784,0.08671677442096204
125494,2023-01-12,241.7918,-0.025733907543928125
125494,2023-02-01,207.7128,-0.1409435721145217
125494,2023-02-02,202.6398,-0.024423145805169355
125494,2023-02-03,212.1738,0.0470490002457562
125494,2023-02-05,239.425,0.12843810121702126
125494,2023-02-06,247.0,0.03163830009397506
125494,2023-02-08,220.0519,-0.1091016194331984
125494,2023-02-10,244.267,0.11004267629591014
125494,2023-02-11,249.3594,0.020847678974237116
125494,2023-03-01,207.6901,-0.16710539085352305
125494,2023-03-02,198.2058,-0.04566563355691966
125494,2023-03-03,218.1614,0.10068121114518336
125494,2023-03-04,236.9592,0.08616464690820669
125494,2023-03-05,242.2239,0.022217748878287757
125494,2023-03-07,220.9144,-0.08797439063610146
125494,2023-03-08,213.9788,-0.03139496565185429
125494,2023-03-10,246.613,0.1525113702852805
125494,2023-03-11,249.4577,0.011535077226261237
125494,2023-04-01,207.4942,-0.1682189004388318
125494,2023-04-04,232.8517,0.12220823521814106
125494,2023-04-05,240.065,0.03097808605219554
125494,2023-04-07,219.9917,-0.08361610397184094
125494,2023-04-08,212.6403,-0.033416715266985086
125494,2023-04-09,223.6698,0.051869283480130646
125494,2023-04-10,239.9227,0.0726647048461615
125494,2023-04-12,241.0205,0.004575640404180126
125494,2023-05-01,208.4039,-0.13532707798714216
125494,2023-05-04,234.5111,0.1252721278248632
125494,2023-05-05,232.7904,-0.00733739255839061
125494,2023-05-06,245.7305,0.05558691423701312
125494,2023-05-07,224.2343,-0.08747876230260399
125494,2023-05-09,223.5258,-0.0031596414999846
125494,2023-05-10,244.7386,0.09490090181983457
125494,2023-05-12,242.756,-0.008100888049535238
125494,2023-06-01,210.1861,-0.13416722964622907
125494,2023-06-02,202.1556,-0.03820661784961055
125494,2023-06-03,221.5125,0.0957524797730065
125494,2023-06-04,235.2461,0.06199920997686381
125494,2023-06-06,243.7852,0.03629858263325092
125494,2023-06-07,228.1689,-0.06405762121736669
125494,2023-06-09,228.6565,0.0021370134141855956
125494,2023-06-10,245.3572,0.07303837852849138
125494,2023-06-11,248.0949,0.011158017779792084
125494,2023-06-12,245.0151,-0.012413798107095309
125494,2023-07-02,201.7653,-0.17651891658922247
125494,2023-07-03,221.2212,0.09642837494851708
125494,2023-07-04,234.8275,0.06150540725753206
125494,2023-07-06,242.1174,0.031043638415432673
125494,2023-07-07,228.6359,-0.05568166517565454
125494,2023-07-08,214.0443,-0.0638202487011007
125494,2023-07-09,226.6749,0.059009279854684404
125494,2023-07-11,243.0665,0.07231325568027147
125494,2023-07-12,245.1616,0.008619451878395523
125494,2023-08-02,205.4833,-0.1618454929320089
125494,2023-08-03,223.7448,0.08887096907631897
125494,2023-08-05,234.1666,0.046578959600401815
125494,2023-08-06,232.2682,-0.008107048571401654
125494,2023-08-08,217.4114,-0.06396398646047985
125494,2023-08-09,225.9697,0.03936454114181687
125494,2023-08-11,246.7893,0.09213447643644268
125494,2023-08-12,247.2789,0.0019838785555126304
125494,2023-09-01,206.3516,-0.16551068449430983
125494,2023-09-02,204.1059,-0.010882881450882897
125494,2023-09-03,222.5018,0.09012919273769171
125494,2023-09-05,234.5375,0.05409259610484041
125494,2023-09-06,233.7955,-0.00316367318659061
125494,2023-09-08,213.6985,-0.08595973831831671
125494,2023-09-10,245.2886,0.1478255579706924
125494,2023-09-11,244.0415,-0.005084215083782873
125494,2023-10-01,210.8923,-0.13583427408862836
125494,2023-10-02,205.0311,-0.027792385023066246
125494,2023-10-03,225.3803,0.09924933339381203
125494,2023-10-04,237.7955,0.05508555982931962
125494,2023-10-05,236.6102,-0.004984535031150816
125494,2023-10-07,227.2019,-0.039762867365819354
125494,2023-10-08,217.0976,-0.04447277949700246
125494,2023-10-10,246.4464,0.13518712321094295
125494,2023-10-11,241.309,-0.020845912133429456
125494,2023-11-01,205.1149,-0.14999067585543846
125494,2023-11-04,242.31,0.18133787452788663
125494,2023-11-05,235.9246,-0.026352193471173346
125494,2023-11-07,224.0001,-0.050543690653708784
125494,2023-11-08,215.0964,-0.039748642969355874
125494,2023-11-09,220.3166,0.02426911840458512
125494,2023-11-10,245.2944,0.11337230149702737
125494,2023-11-12,244.402,-0.0036380773470572336
125494,2023-12-01,203.1105,-0.16894910843610111
125494,2023-12-04,236.8859,0.16629076290984468
125494,2023-12-05,234.5193,-0.009990463763356106
125494,2023-12-06,230.9471,-0.015232008623597193
125494,2023-12-07,223.9859,-0.03014196757612464
125494,2023-12-09,221.6629,-0.010371188543564447
125494,2023-12-10,246.2524,0.1109319601972183
125494,2023-12-12,250.2355,0.01617486773732968
125494,2024-01-01,236.4538,-0.055074919425900815
125494,2024-01-02,228.1852,-0.0349691990570673
125494,2024-01-03,223.25,-0.021628045990712885
125494,2024-01-04,211.3679,-0.0532232922732363
125494,2024-01-05,223.4553,0.05718654535527867
125494,2024-01-07,200.2167,-0.10399663825382521
125494,2024-01-08,209.3595,0.045664522489882176
125494,2024-01-10,247.1795,0.18064620903278805
125494,2024-01-11,228.64,-0.0750041973545541
125494,2024-02-01,237.4152,0.038379986004198896
125494,2024-02-02,230.2588,-0.03014297315420411
125494,2024-02-04,212.0855,-0.07892553943649494
125494,2024-02-05,216.6216,0.021388072263308855
125494,2024-02-07,199.8475,-0.07743502956307224
125494,2024-02-08,210.4653,0.05312951125233001
125494,2024-02-09,208.9671,-0.007118513123065995
125494,2024-02-10,245.3054,0.17389483799124372
125494,2024-02-12,233.1681,-0.04947832375479699
125494,2024-03-01,237.901,0.020298231190287286
125494,2024-03-04,217.5248,-0.08564991319918791
125494,2024-03-05,216.064,-0.006715556111303145
125494,2024-03-06,201.4386,-0.0676901288507108
125494,2024-03-07,202.0062,0.0028177320533402384
125494,2024-03-09,207.6817,0.028095672311047926
125494,2024-03-10,244.7398,0.17843700239356663
125494,2024-03-12,230.5415,-0.0580138579830497
125494,2024-04-01,238.1056,0.032810144811237896
125494,2024-04-03,222.3512,-0.06616560047306741
125494,2024-04-04,212.5273,-0.04418190682128098
125494,2024-04-06,199.0777,-0.06328410514790339
125494,2024-04-07,200.1624,0.005448626340368579
125494,2024-04-09,206.9436,0.033878490665579575
125494,2024-04-10,245.2126,0.18492478143803437
125494,2024-04-11,226.8082,-0.07505487075297113
125494,2024-04-12,233.0377,0.02746593818036569
125494,2024-05-01,235.5437,0.010753624842675613
125494,2024-05-02,232.6222,-0.012403218595954835
125494,2024-05-03,225.5744,-0.030297194334848454
125494,2024-05-04,210.718,-0.06586031038983153
125494,2024-05-06,197.8175,-0.06122163270342351
125494,2024-05-07,198.5531,0.00371857899326411
125494,2024-05-08,210.5045,0.06019246236900866
125494,2024-05-09,212.0536,0.007358987575087461
125494,2024-05-11,233.0506,0.09901741823765309
125494,2024-05-12,232.3345,-0.0030727232626734935
125494,2024-06-02,232.3269,-3.271145697258948e-05
125494,2024-06-03,225.9022,-0.02765370691039226
125494,2024-06-05,214.3467,-0.051152666950565306
125494,2024-06-06,196.8664,-0.08155152376966845
125494,2024-06-08,216.5969,0.10022279068444395
125494,2024-06-09,215.1707,-0.006584581773792619
125494,2024-06-11,240.2362,0.11649123230997516
125494,2024-06-12,237.9888,-0.009354959827036935
125494,2024-07-02,228.411,-0.04024475101349301
125494,2024-07-03,228.3982,-5.603933260656113e-05
125494,2024-07-05,212.1969,-0.07093444694397766
125494,2024-07-06,203.3596,-0.041646697006412436
125494,2024-07-08,212.2839,0.04388433100773215
125494,2024-07-10,241.5481,0.13785407183493437
125494,2024-07-11,246.955,0.022384361541241793
125494,2024-08-01,234.6031,-0.05001680468101477
125494,2024-08-02,226.1883,-0.03586823874023837
125494,2024-08-03,222.4355,-0.016591485943349027
125494,2024-08-04,213.4236,-0.04051466604925924
125494,2024-08-05,213.5291,0.0004943220899658041
125494,2024-08-07,200.4145,-0.061418326588741246
125494,2024-08-08,208.8572,0.04212619346404578
125494,2024-08-10,242.4911,0.16103778083781628
125494,2024-08-11,246.3636,0.015969658267870557
125494,2024-09-01,234.7281,-0.047228973760734094
125494,2024-09-02,230.2111,-0.019243541783024787
125494,2024-09-04,214.6038,-0.06779560151530484
125494,2024-09-05,217.2254,0.012215999903077313
125494,2024-09-07,197.9362,-0.08879808714818793
125494,2024-09-08,214.3274,0.0828105217741879
125494,2024-09-09,218.2949,0.018511398915864286
125494,2024-09-10,236.3599,0.08275502542661317
125494,2024-09-12,239.8968,0.014964044239314633
125494,2024-10-01,230.0039,-0.04123814907076717
125494,2024-10-04,215.2915,-0.06396587188304192
125494,2024-10-05,216.8997,0.007469872242982012
125494,2024-10-06,206.6783,-0.047125007549572384
125494,2024-10-07,196.8927,-0.047347012240762654
125494,2024-10-09,219.6154,0.11540651329378893
125494,2024-10-10,240.19,0.09368468695728982
125494,2024-10-12,238.2656,-0.008011990507514888
125494,2024-11-01,228.5231,-0.040889242928899505
125494,2024-11-03,209.4595,-0.0834208883040708
125494,2024-11-04,212.3114,0.013615519945383348
125494,2024-11-06,209.9586,-0.0110818354549026
125494,2024-11-07,198.6324,-0.05394492057005529
125494,2024-11-09,216.0444,0.08765941508031916
125494,2024-11-10,240.4781,0.11309573402504314
125494,2024-11-11,239.9011,-0.0023993868880367586
125494,2024-11-12,238.3483,-0.006472667278307642
125494,2024-12-01,229.9663,-0.0351670223785947
125494,2024-12-02,228.6527,-0.0057121413007035216
125494,2024-12-03,210.4558,-0.07958314071952788
125494,2024-12-04,210.536,0.00038107764195616234
125494,2024-12-06,213.7439,0.015236824106091174
125494,2024-12-07,204.8519,-0.04160118721516726
125494,2024-12-08,214.5823,0.04749968147720374
125494,2024-12-09,216.018,0.006690672995862235
125494,2024-12-11,231.5896,0.07208473367960067
125494,2024-12-12,238.694,0.03067667978182098
125494,2025-01-01,236.6348,-0.00862694495881744
125494,2025-01-04,249.1347,0.052823591458230235
125494,2025-01-05,239.1005,-0.040276203997275384
125494,2025-01-07,234.2954,-0.020096570270660252
125494,2025-01-08,212.2909,-0.09391776364367377
125494,2025-01-09,189.016,-0.10963682381110074
125494,2025-01-10,190.4147,0.007399902653743684
125494,2025-01-12,220.3051,0.15697527554332735
125494,2025-02-01,237.6188,0.078589646812534
125494,2025-02-04,250.0429,0.052285846069418884
125494,2025-02-05,237.9557,-0.048340504769381565
125494,2025-02-06,242.5398,0.0192645101588238
125494,2025-02-07,232.0533,-0.04323620288299079
125494,2025-02-09,185.9999,-0.1984604399075558
125494,2025-02-10,194.8197,0.047418305063605004
125494,2025-02-12,219.759,0.12801220821097647
125494,2025-03-01,233.4855,0.06246160566802739
125494,2025-03-02,222.9677,-0.0450469086945442
125494,2025-03-03,250.8114,0.12487772892665605
125494,2025-03-04,251.884,0.004276520126278216
125494,2025-03-06,238.5171,-0.05306768194883349
125494,2025-03-07,232.4798,-0.025311812025217373
125494,2025-03-09,184.3556,-0.2070037912971363
125494,2025-03-10,198.1853,0.07501643562766747
125494,2025-03-11,217.932,0.09963756141348523
125494,2025-03-12,213.0737,-0.02229273351320593
125494,2025-04-02,226.4264,0.06266704900698672
125494,2025-04-03,251.8604,0.11232789109397134
125494,2025-04-04,253.6487,0.007100361946538625
125494,2025-04-06,229.8416,-0.09385855318793268
125494,2025-04-07,231.6154,0.007717488914104287
125494,2025-04-08,210.8827,-0.08951347794663045
125494,2025-04-09,185.8375,-0.11876365391755694
125494,2025-04-11,218.7409,0.1770546848725365
125494,2025-04-12,214.5557,-0.019133138795716764
125494,2025-05-02,223.8848,0.04348101681754435
125494,2025-05-03,251.0223,0.12121189111543074
125494,2025-05-05,236.5009,-0.05784904369054067
125494,2025-05-06,226.5752,-0.0419689734795935
125494,2025-05-08,207.2132,-0.0854550718701782
125494,2025-05-09,189.3092,-0.08640376192250299
125494,2025-05-11,220.4551,0.1645239639700553
125494,2025-05-12,218.7653,-0.0076650528837844956
125494,2025-06-01,232.2268,0.061533981851783714
125494,2025-06-02,221.1502,-0.047697337258232
125494,2025-06-03,244.7293,0.10662029697463526
125494,2025-06-05,232.6586,-0.04932265977142902
125494,2025-06-06,226.3022,-0.02732071799624003
125494,2025-06-08,201.619,-0.10907185170979339
125494,2025-06-10,194.0648,-0.03746769897678304
125494,2025-06-11,220.7478,0.1374953108446253
125494,2025-07-01,231.049,0.04666501772611098
125494,2025-07-02,223.9762,-0.030611688429727058
125494,2025-07-03,244.5465,0.09184145458312098
125494,2025-07-04,247.034,0.010171889599728479
125494,2025-07-05,236.2224,-0.0437656354995668
125494,2025-07-07,232.16,-0.01719735300293279
125494,2025-07-08,204.7984,-0.11785665058580297
125494,2025-07-10,194.8139,-0.04875282228767408
125494,2025-07-11,220.8562,0.13367783304990044
125494,2025-08-01,225.0094,0.018804996192092416
125494,2025-08-04,249.5174,0.10891989401331692
125494,2025-08-05,237.9676,-0.04628855542739707
125494,2025-08-07,233.8243,-0.017411193792768453
125494,2025-08-08,200.9194,-0.14072489471795702
125494,2025-08-09,185.1638,-0.07841751468499303
125494,2025-08-10,197.0643,0.06427012191367854
125494,2025-08-12,221.9091,0.12607458580777942
125494,2025-09-01,221.8111,-0.0004416222678564896
125494,2025-09-04,247.1307,0.11414938206428804
125494,2025-09-05,241.3626,-0.023340281073941815
125494,2025-09-06,231.8437,-0.03943817310552655
125494,2025-09-07,235.4629,0.015610516912902828
125494,2025-09-09,184.7875,-0.21521607013249222
125494,2025-09-10,198.9922,0.07687045931137115
125494,2025-09-12,219.8142,0.10463726718936717
125494,2025-10-01,219.3574,-0.002078118702067422
125494,2025-10-02,227.1856,0.03568696565513618
125494,2025-10-03,247.6892,0.09025043840806823
125494,2025-10-04,243.1921,-0.018156221587376398
125494,2025-10-06,234.3005,-0.03656204292820375
125494,2025-10-07,232.9206,-0.005889445391708437
125494,2025-10-09,185.6647,-0.20288415880776534
125494,2025-10-10,197.2135,0.06220245420911996
125494,2025-10-11,224.9308,0.140544638171322
125494,2025-10-12,220.2102,-0.02098689908185103
125494,2025-11-02,230.2006,0.04536756244715279
125494,2025-11-03,251.3264,0.09177126384553302
125494,2025-11-04,239.2848,-0.04791219704734562
125494,2025-11-06,235.4899,-0.0158593441789866
125494,2025-11-07,229.1138,-0.027075895823982288
125494,2025-11-08,200.4813,-0.12497064777416289
125494,2025-11-09,185.4733,-0.07485984977152482
125494,2025-11-11,230.1586,0.24092578284852872
125494,2025-11-12,218.5603,-0.05039264229101148
125494,2025-12-02,225.7722,0.032997300973690136
125494,2025-12-03,253.3535,0.12216428772010013
125494,2025-12-05,240.3595,-0.051288022466632555
125494,2025-12-06,234.1943,-0.02564991190279564
125494,2025-12-08,202.8457,-0.13385722880531248
125494,2025-12-09,178.6754,-0.11915608760747698
125494,2025-12-11,225.0691,0.2596535393232644
125494,2025-12-12,215.9837,-0.04036715835270144
125494,2026-01-01,210.1063,-0.02721223870134637
125494,2026-01-04,233.0239,0.10907621523010014
125494,2026-01-05,257.6011,0.10547072639330124
125494,2026-02-01,215.3228,-0.16412313456736005
125494,2026-02-02,220.5306,0.024186012814249036
125494,2026-02-03,241.997,0.09733977960428186
125494,2026-02-04,232.5997,-0.038832299573961615
125494,2026-03-02,219.2297,-0.05748072761916723
125494,2026-03-03,241.7782,0.10285330865297904
125494,2026-03-04,235.2067,-0.02717986981456555
125494,2026-04-02,218.9292,-0.06920508641973211
125494,2026-04-03,241.9325,0.10507186798289125
125494,2026-04-05,254.7361,0.05292219937379228
125494,2026-05-01,213.7515,-0.1608904273874021
125494,2026-05-02,218.5519,0.02245785409693024
125494,2026-05-03,239.9244,0.09779141705013772
125494,2026-05-05,252.8283,0.05378319170538726
125494,2026-06-01,209.5862,-0.1710334642126693
125494,2026-06-02,220.3176,0.05120279865754518
125494,2026-06-03,237.341,0.0772675446718738
125494,2026-06-04,235.6736,-0.007025334855756071
125494,2026-06-05,260.1433,0.10382876995980883
125494,2026-07-01,211.676,-0.18631000683085064
125494,2026-07-04,233.9447,0.10520181787259797
125494,2026-07-05,259.6868,0.1100349783517216
125494,2026-08-01,214.319,-0.1747019871629979
125494,2026-08-04,232.0726,0.08283726594468988
125494,2026-08-05,260.5958,0.12290636636983421
125494,2026-09-01,214.4459,-0.17709379813488935
125494,2026-09-02,219.2148,0.02223824283886988
125494,2026-09-03,233.9046,0.06701098648448922
125494,2026-09-04,235.0115,0.004732271190904358
125494,2026-10-02,218.0407,-0.07221263640289954
125494,2026-10-03,229.1377,0.050894167923694944
125494,2026-10-04,232.8245,0.016089888307336597
125494,2026-11-02,224.5887,-0.035373425047621754
125494,2026-11-03,226.2286,0.007301792120440576
125494,2026-11-05,260.4642,0.1513318828830661
125494,2026-12-01,212.7577,-0.18315952825762616
125494,2026-12-02,227.8668,0.07101552611256845
125494,2026-12-03,225.7504,-0.009287882218910304
125494,2026-12-05,257.3842,0.14012732646320902
125496,2022-01-02,119.9035,
125496,2022-01-03,120.6916,0.006572785615098775
125496,2022-01-04,137.3694,0.13818525895754163
125496,2022-01-06,140.2927,0.021280576314666844
125496,2022-01-07,132.4751,-0.05572349808650057
125496,2022-01-08,138.1775,0.04304507035661809
125496,2022-01-09,143.6335,0.03948544444645474
125496,2022-01-11,145.7156,0.01449592191236726
125496,2022-01-12,126.1487,-0.13428143589293107
125496,2022-02-02,122.9443,-0.025401767913581397
125496,2022-02-03,119.7583,-0.02591417414227415
125496,2022-02-05,149.9356,0.2519850398678003
125496,2022-02-06,139.6779,-0.0684140390941177
125496,2022-02-08,138.2326,-0.010347377788469059
125496,2022-02-09,145.9057,0.05550861374234439
125496,2022-02-11,146.6898,0.005374018972528205
125496,2022-02-12,130.6173,-0.10956794541951786
125496,2022-03-01,122.2718,-0.06389276152546408
125496,2022-03-02,122.2017,-0.0005733128979862334
125496,2022-03-03,120.8167,-0.011333721216644332
125496,2022-03-05,144.5894,0.19676667215707777
125496,2022-03-06,138.7264,-0.04054930721062544
125496,2022-03-08,137.5678,-0.008351690810112666
125496,2022-03-10,151.0048,0.09767547347562422
125496,2022-03-11,142.619,-0.05553333403971261
125496,2022-04-01,118.5198,-0.16897608313057866
125496,2022-04-02,122.5426,0.03394200800203828
125496,2022-04-03,118.9336,-0.029450982760280908
125496,2022-04-04,136.7549,0.14984243308871492
125496,2022-04-05,147.0872,0.07555341709876573
125496,2022-04-07,134.3521,-0.08658197314246241
125496,2022-04-08,139.4415,0.03788106028859972
125496,2022-04-10,149.1362,0.06952521308218862
125496,2022-04-11,142.9513,-0.04147148713726112
125496,2022-05-01,115.8631,-0.1894925054896318
125496,2022-05-04,137.0224,0.18262328558445273
125496,2022-05-05,146.8305,0.07158026716799593
125496,2022-05-07,133.9308,-0.08785436268350233
125496,2022-05-08,144.2657,0.07716596929160446
125496,2022-05-09,145.783,0.010517399492741442
125496,2022-05-10,147.6083,0.012520664274984217
125496,2022-05-12,132.4079,-0.10297794907196955
125496,2022-06-01,115.8571,-0.12499858392135221
125496,2022-06-04,136.0451,0.17424913967292466
125496,2022-06-05,145.738,0.07124769653592833
125496,2022-06-06,139.7547,-0.04105518121560603
125496,2022-06-07,137.1034,-0.018971097215335297
125496,2022-06-09,145.3686,0.06028442766554298
125496,2022-06-10,147.2951,0.013252518081621423
125496,2022-06-12,134.5123,-0.08678360651508421
125496,2022-07-01,117.3288,-0.12774668190195249
125496,2022-07-02,122.8233,0.04682993433837224
125496,2022-07-03,121.5599,-0.010286321894949935
125496,2022-07-04,137.8477,0.13398990950140632
125496,2022-07-06,141.8898,0.02932294118799228
125496,2022-07-07,134.2055,-0.05415681747384238
125496,2022-07-09,141.7097,0.055915741158149235
125496,2022-07-10,144.3804,0.018846275166767068
125496,2022-07-11,146.9211,0.01759726389454519
125496,2022-07-12,134.1845,-0.08669006698152937
125496,2022-08-02,122.9781,-0.08351486199970948
125496,2022-08-03,123.6251,0.005261099333946584
125496,2022-08-04,138.3094,0.11878089481828535
125496,2022-08-06,142.9955,0.03388128355701037
125496,2022-08-07,134.0524,-0.0625411289166441
125496,2022-08-08,145.1256,0.08260351922084186
125496,2022-08-09,145.25,0.0008571885318648942
125496,2022-08-11,146.9043,0.01138932874354559
125496,2022-08-12,134.79,-0.08246388975680097
125496,2022-09-02,121.6016,-0.09784405371318339
125496,2022-09-03,124.9579,0.027600788147524202
125496,2022-09-05,141.9281,0.1358073399120825
125496,2022-09-06,142.764,0.005889601847696158
125496,2022-09-08,143.8573,0.007658093076686079
125496,2022-09-09,144.8857,0.0071487508802126065
125496,2022-09-11,139.7358,-0.03554457065120986
125496,2022-09-12,133.8182,-0.04234848907724453
125496,2022-10-01,111.1082,-0.16970785737664973
125496,2022-10-02,121.368,0.09234061932422621
125496,2022-10-03,126.8107,0.04484460483817809
125496,2022-10-05,141.9919,0.11971544987922944
125496,2022-10-06,142.4385,0.003145249834673791
125496,2022-10-08,143.4451,0.007066909578519853
125496,2022-10-10,144.3437,0.006264417536744116
125496,2022-10-11,140.7891,-0.024625944880171557
125496,2022-11-01,113.8147,-0.19159437768975007
125496,2022-11-02,121.0413,0.06349443437447011
125496,2022-11-03,125.1785,0.03418006911690474
125496,2022-11-04,135.8874,0.08554903597662555
125496,2022-11-05,142.1557,0.046128632971121464
125496,2022-11-07,135.0903,-0.04970184100954078
125496,2022-11-08,150.0299,0.11058973146110396
125496,2022-11-10,143.4131,-0.0441032087603872
125496,2022-11-11,140.3636,-0.021263747872404926
125496,2022-12-01,114.1459,-0.18678418051403634
125496,2022-12-04,133.5924,0.17036529564355796
125496,2022-12-05,138.8998,0.03972830789775461
125496,2022-12-07,132.3183,-0.047383077585424926
125496,2022-12-08,150.4767,0.13723271837682316
125496,2022-12-09,146.3668,-0.02731253409996348
125496,2022-12-10,142.2786,-0.027931197512004124
125496,2022-12-12,135.7647,-0.04578271082228813
125496,2023-01-02,128.3665,-0.05449280998669026
125496,2023-01-03,121.9946,-0.049638340221163646
125496,2023-01-05,114.6553,-0.06016085957903061
125496,2023-01-06,114.183,-0.00411930368678981
125496,2023-01-08,134.6617,0.17934981564681252
125496,2023-01-09,143.5663,0.06612570612133983
125496,2023-01-11,154.7793,0.07810328747066686
125496,2023-01-12,141.7395,-0.08424769978931301
125496,2023-02-01,141.5316,-0.0014667753166900388
125496,2023-02-02,129.3514,-0.08605993290544289
125496,2023-02-03,123.7025,-0.04367096142755322
125496,2023-02-05,115.3305,-0.06767850285968346
125496,2023-02-06,114.7991,-0.004607627644031775
125496,2023-02-08,132.8153,0.15693677041022114
125496,2023-02-10,154.9145,0.16639046856800377
125496,2023-02-11,156.7985,0.012161547176022802
125496,2023-03-01,136.8758,-0.1270592512045714
125496,2023-03-02,129.4571,-0.05420023115846628
125496,2023-03-03,121.544,-0.06112526852524891
125496,2023-03-04,126.8643,0.04377262555124073
125496,2023-03-05,116.2794,-0.08343481972469802
125496,2023-03-07,120.1596,0.03336962523026443
125496,2023-03-08,131.9033,0.09773418020699132
125496,2023-03-10,151.2248,0.14648230938877171
125496,2023-03-11,152.7965,0.010393136575482576
125496,2023-04-01,135.2095,-0.11510080401056322
125496,2023-04-04,124.8424,-0.07667434610733714
125496,2023-04-05,117.7986,-0.056421536272933004
125496,2023-04-07,123.5247,0.04860923644253834
125496,2023-04-08,136.6311,0.1061034756611432
125496,2023-04-09,143.4325,0.049779296221724056
125496,2023-04-10,153.009,0.06676659752845393
125496,2023-04-12,141.1163,-0.07772549327163758
125496,2023-05-01,134.8702,-0.04426207319778075
125496,2023-05-04,121.4387,-0.09958834494202584
125496,2023-05-05,120.2536,-0.009758833057336713
125496,2023-05-06,114.9509,-0.04409597716825109
125496,2023-05-07,127.0008,0.1048264954863336
125496,2023-05-09,138.6684,0.09187028743126024
125496,2023-05-10,149.2175,0.07607428945599737
125496,2023-05-12,142.135,-0.04746427195201641
125496,2023-06-01,132.0985,-0.07061244591409566
125496,2023-06-02,131.7082,-0.002954613413475471
125496,2023-06-03,124.493,-0.05478170683374317
125496,2023-06-04,123.2614,-0.009892925706666222
125496,2023-06-06,115.0086,-0.0669536448555671
125496,2023-06-07,129.3294,0.12451938376782246
125496,2023-06-09,142.5394,0.10214228164670991
125496,2023-06-10,148.4439,0.04142363444773878
125496,2023-06-11,149.2899,0.0056991226988780674
125496,2023-06-12,143.6278,-0.03792687917936832
125496,2023-07-02,131.3335,-0.08559833124228056
125496,2023-07-03,129.5066,-0.013910388438593269
125496,2023-07-04,119.6767,-0.0759026953066484
125496,2023-07-06,113.9986,-0.04744532561476045
125496,2023-07-07,131.6529,0.1548641825425925
125496,2023-07-08,143.278,0.08830113123220218
125496,2023-07-09,140.0947,-0.022217646812490388
125496,2023-07-11,146.5163,0.04583756558956198
125496,2023-07-12,142.0439,-0.0305249313557604
125496,2023-08-02,131.2192,-0.07620672200636569
125496,2023-08-03,125.6463,-0.04247015680632105
125496,2023-08-05,118.7672,-0.05474972203717887
125496,2023-08-06,112.8715,-0.04964080992058417
125496,2023-08-08,147.387,0.30579464258027933
125496,2023-08-09,137.7701,-0.06524930964060593
125496,2023-08-11,145.5012,0.056115949687196354
125496,2023-08-12,140.1633,-0.03668629537075996
125496,2023-09-01,128.0131,-0.08668602979524587
125496,2023-09-02,130.407,0.018700429877879676
125496,2023-09-03,123.2621,-0.05478923677409964
125496,2023-09-05,118.5885,-0.037915953078845877
125496,2023-09-06,110.7426,-0.06616071541506974
125496,2023-09-08,148.7367,0.34308477496464795
125496,2023-09-10,148.4339,-0.0020358122776693577
125496,2023-09-11,142.0814,-0.042796827409372074
125496,2023-10-01,127.374,-0.1035139011862215
125496,2023-10-02,130.0979,0.02138505503477961
125496,2023-10-03,125.0453,-0.038836906667978566
125496,2023-10-04,122.3696,-0.02139784542081946
125496,2023-10-05,117.3513,-0.04100936833984925
125496,2023-10-07,131.0081,0.11637536184090003
125496,2023-10-08,147.9143,0.12904698259115266
125496,2023-10-10,151.3735,0.023386515029310884
125496,2023-10-11,137.2011,-0.0936253703587484
125496,2023-11-01,129.0353,-0.05951701553413191
125496,2023-11-04,120.4448,-0.06657480549896044
125496,2023-11-05,117.3047,-0.02607086399744951
125496,2023-11-07,129.1054,0.10059869723890014
125496,2023-11-08,145.8705,0.12985591617391679
125496,2023-11-09,137.0311,-0.06059758484409106
125496,2023-11-10,148.5218,0.08385468700170984
125496,2023-11-12,138.7035,-0.06610679375014317
125496,2023-12-01,132.0841,-0.04772338116918451
125496,2023-12-04,118.1191,-0.10572809293472873
125496,2023-12-05,118.8439,0.006136179500182415
125496,2023-12-06,111.7657,-0.059558799399885176
125496,2023-12-07,128.3579,0.14845520584580063
125496,2023-12-09,136.8393,0.06607618229964807
125496,2023-12-10,150.377,0.09893137424701814
125496,2023-12-12,135.2814,-0.10038503228552254
125496,2024-01-01,122.5528,-0.09408980096302955
125496,2024-01-02,109.4296,-0.1070820087341946
125496,2024-01-03,100.2824,-0.0835898148215839
125496,2024-01-04,105.54,0.052427943487591167
125496,2024-01-05,120.5991,0.14268618533257538
125496,2024-01-07,129.0199,0.06982473335207318
125496,2024-01-08,141.8477,0.0994249724267342
125496,2024-01-10,134.3231,-0.05304703565866764
125496,2024-01-11,114.3213,-0.14890811781443414
125496,2024-02-01,122.819,0.07433172995758452
125496,2024-02-02,109.4987,-0.10845471791823746
125496,2024-02-04,105.8464,-0.03335473389181787
125496,2024-02-05,122.3987,0.1563803776037731
125496,2024-02-07,128.7486,0.05187881897438462
125496,2024-02-08,138.7112,0.07738025889213529
125496,2024-02-09,127.4594,-0.08111673750929982
125496,2024-02-10,134.4978,0.055220721264967576
125496,2024-02-12,112.1922,-0.1658436048768085
125496,2024-03-01,119.7789,0.06762234807767387
125496,2024-03-04,106.9355,-0.10722589704864538
125496,2024-03-05,122.8654,0.14896736817988399
125496,2024-03-06,117.8759,-0.04060947996750908
125496,2024-03-07,128.6448,0.09135794509310213
125496,2024-03-09,130.6504,0.01559021429548646
125496,2024-03-10,131.7115,0.008121674330886064
125496,2024-03-12,112.8907,-0.1428941284549945
125496,2024-04-01,116.5322,0.03225686438298281
125496,2024-04-03,101.7211,-0.12709877613226217
125496,2024-04-04,108.8907,0.07048291848987076
125496,2024-04-06,123.3752,0.13301870591336096
125496,2024-04-07,129.9072,0.052944189756125803
125496,2024-04-09,128.6387,-0.009764662774657484
125496,2024-04-10,131.6274,0.02323328827172544
125496,2024-04-11,116.6208,-0.11400817762867
125496,2024-04-12,113.495,-0.026803108879376536
125496,2024-05-01,116.7142,0.028364245120930498
125496,2024-05-02,110.9335,-0.04952867774443903
125496,2024-05-03,103.2129,-0.06959665024541717
125496,2024-05-04,106.2097,0.029035130298635137
125496,2024-05-06,122.0235,0.14889223865616796
125496,2024-05-07,130.8863,0.07263191106631095
125496,2024-05-08,138.6836,0.05957307984105298
125496,2024-05-09,129.8762,-0.06350714864627105
125496,2024-05-11,114.7303,-0.11661797927564876
125496,2024-05-12,112.1697,-0.022318428523240952
125496,2024-06-02,109.5454,-0.02339580118338558
125496,2024-06-03,103.3233,-0.056799281393833057
125496,2024-06-05,119.6033,0.157563686022417
125496,2024-06-06,116.9988,-0.02177615500575658
125496,2024-06-08,141.8256,0.2121970481748532
125496,2024-06-09,130.1468,-0.08234620548053384
125496,2024-06-11,112.3213,-0.13696456616682096
125496,2024-06-12,107.7333,-0.04084710558015259
125496,2024-07-02,109.5323,0.016698643780520994
125496,2024-07-03,101.7437,-0.07110779194812855
125496,2024-07-05,119.1047,0.17063464371749792
125496,2024-07-06,118.3172,-0.006611829759866739
125496,2024-07-08,144.7779,0.22364204021055256
125496,2024-07-10,135.4162,-0.06466249337778751
125496,2024-07-11,117.8554,-0.12968020074407638
125496,2024-08-01,113.8295,-0.03415965666401377
125496,2024-08-02,108.2571,-0.048953917921101264
125496,2024-08-03,100.3339,-0.07318873311773544
125496,2024-08-04,108.7845,0.08422477348134572
125496,2024-08-05,118.4519,0.08886743975474443
125496,2024-08-07,135.789,0.14636405156861132
125496,2024-08-08,143.7411,0.05856218103086408
125496,2024-08-10,134.469,-0.06450555895286736
125496,2024-08-11,120.1743,-0.1063047988755772
125496,2024-09-01,110.4732,-0.08072524657934343
125496,2024-09-02,108.7246,-0.01582827328256997
125496,2024-09-04,112.1641,0.031634974973465235
125496,2024-09-05,116.1012,0.035101248973602006
125496,2024-09-07,134.7356,0.1605013557138082
125496,2024-09-08,140.5004,0.04278601943361671
125496,2024-09-09,132.1339,-0.05954787317331478
125496,2024-09-10,131.5483,-0.004431867976348203
125496,2024-09-12,110.6581,-0.15880250828022868
125496,2024-10-01,109.6488,-0.009120886767439607
125496,2024-10-04,113.0538,0.031053691422067597
125496,2024-10-05,113.0592,4.7764869469224536e-05
125496,2024-10-06,118.779,0.050591194701536724
125496,2024-10-07,135.7428,0.14281817492991178
125496,2024-10-09,131.6505,-0.030147455334647577
125496,2024-10-10,131.2621,-0.002950235661847045
125496,2024-10-12,110.1498,-0.16084079105850058
125496,2024-11-01,108.7451,-0.01275263323219833
125496,2024-11-03,103.1526,-0.051427604554136086
125496,2024-11-04,111.0036,0.07611053914297838
125496,2024-11-06,121.1128,0.09107092022240715
125496,2024-11-07,141.5709,0.16891773619303652
125496,2024-11-09,132.8443,-0.061641198862195434
125496,2024-11-10,129.6458,-0.024077058631796766
125496,2024-11-11,121.5153,-0.06271317697912315
125496,2024-11-12,107.9971,-0.11124689648134833
125496,2024-12-01,107.0855,-0.00844096739634681
125496,2024-12-02,107.7092,0.005824317951543367
125496,2024-12-03,105.875,-0.017029185993396978
125496,2024-12-04,110.4091,0.04282502951593847
125496,2024-12-06,121.8005,0.10317446659740903
125496,2024-12-07,140.1575,0.15071366702107136
125496,2024-12-08,139.4872,-0.004782476856393658
125496,2024-12-09,135.5529,-0.028205455410962532
125496,2024-12-11,121.7459,-0.10185691342641867
125496,2024-12-12,108.5909,-0.10805292005726685
125496,2025-01-01,113.3309,0.0436500664420314
125496,2025-01-04,154.0843,0.359596544278745
125496,2025-01-05,148.1062,-0.03879759326550469
125496,2025-01-07,165.3165,0.11620242771740807
125496,2025-01-08,185.4432,0.12174646813838907
125496,2025-01-09,175.0842,-0.05586077030594805
125496,2025-01-10,184.8654,0.05586569204988212
125496,2025-01-12,175.9312,-0.0483281349565684
125496,2025-02-01,116.1894,-0.3395747883263457
125496,2025-02-04,156.0938,0.3434426892642528
125496,2025-02-05,148.3325,-0.0497220261150666
125496,2025-02-06,159.4588,0.07500918544486201
125496,2025-02-07,160.9367,0.00926822477028555
125496,2025-02-09,178.0231,0.10616845008006259
125496,2025-02-10,183.925,0.033152439205923256
125496,2025-02-12,176.814,-0.03866249830093793
125496,2025-03-01,114.8479,-0.35045923965296866
125496,2025-03-02,138.8196,0.208725627547391
125496,2025-03-03,147.7503,0.06433313451414646
125496,2025-03-04,153.4475,0.038559650978711835
125496,2025-03-06,159.9139,0.042140797341110314
125496,2025-03-07,160.8434,0.005812502853097756
125496,2025-03-09,176.72,0.0987084331716439
125496,2025-03-10,193.2405,0.09348404255319154
125496,2025-03-11,205.1674,0.061720498549734604
125496,2025-03-12,176.8256,-0.1381398799224437
125496,2025-04-02,139.0533,-0.21361330033660286
125496,2025-04-03,147.3441,0.05962318046389403
125496,2025-04-04,159.4252,0.08199242453549194
125496,2025-04-06,159.6885,0.0016515582229159609
125496,2025-04-07,162.6693,0.01866634103269793
125496,2025-04-08,182.2206,0.12019047232637003
125496,2025-04-09,174.5499,-0.04209567963226979
125496,2025-04-11,204.7301,0.1729029922102503
125496,2025-04-12,177.4598,-0.13320122444134985
125496,2025-05-02,138.1904,-0.2212861729811484
125496,2025-05-03,144.5242,0.0458338640021303
125496,2025-05-05,144.8463,0.002228692495789719
125496,2025-05-06,160.2593,0.10640934563050619
125496,2025-05-08,177.9072,0.11012091029974536
125496,2025-05-09,174.6664,-0.01821623857831489
125496,2025-05-11,201.9431,0.1561645513962615
125496,2025-05-12,178.604,-0.11557265388121696
125496,2025-06-01,116.8154,-0.34595305816219124
125496,2025-06-02,137.3218,0.17554534761683827
125496,2025-06-03,146.4694,0.0666143321744983
125496,2025-06-05,149.1652,0.018405209552302404
125496,2025-06-06,158.1715,0.060378023828614236
125496,2025-06-08,181.0522,0.14465753944294635
125496,2025-06-10,196.9989,0.08807791344153793
125496,2025-06-11,201.2417,0.02153717609590733
125496,2025-07-01,116.1812,-0.4226783017635013
125496,2025-07-02,140.0587,0.20551948163730427
125496,2025-07-03,145.062,0.0357228790499986
125496,2025-07-04,159.8405,0.10187712840027019
125496,2025-07-05,151.5767,-0.05170028872532306
125496,2025-07-07,162.6961,0.07335824041557837
125496,2025-07-08,179.2236,0.10158510253165254
125496,2025-07-10,197.2833,0.10076630533032471
125496,2025-07-11,201.2819,0.02026831465207657
125496,2025-08-01,119.3846,-0.4068786115393386
125496,2025-08-04,156.4088,0.31012542656255504
125496,2025-08-05,155.5621,-0.005413378275391345
125496,2025-08-07,161.2214,0.03637968374044842
125496,2025-08-08,179.2989,0.11212841471417567
125496,2025-08-09,177.4481,-0.01032242807959216
125496,2025-08-10,196.9944,0.11015220788500968
125496,2025-08-12,178.8867,-0.09191987183392025
125496,2025-09-01,118.3439,-0.33844215360896024
125496,2025-09-04,155.0477,0.31014526308495816
125496,2025-09-05,156.7457,0.01095146848356987
125496,2025-09-06,154.4867,-0.014411878603368344
125496,2025-09-07,164.579,0.06532795379796452
125496,2025-09-09,176.8064,0.0742950194131693
125496,2025-09-10,200.4751,0.13386789166003044
125496,2025-09-12,180.9431,-0.09742855845937981
125496,2025-10-01,122.6239,-0.3223068467380076
125496,2025-10-02,140.5779,0.14641517681300287
125496,2025-10-03,141.2307,0.004643688659455192
125496,2025-10-04,154.3568,0.09294084076620712
125496,2025-10-06,155.8596,0.009735884651664195
125496,2025-10-07,165.0859,0.05919622532073743
125496,2025-10-09,179.4554,0.08704256390158083
125496,2025-10-10,204.1898,0.13783034670452943
125496,2025-10-11,194.4019,-0.047935303330528645
125496,2025-10-12,181.3599,-0.0670878216725248
125496,2025-11-02,141.5335,-0.2195987095272991
125496,2025-11-03,139.9379,-0.0112736560602259
125496,2025-11-04,161.1443,0.15154150519623322
125496,2025-11-06,154.9457,-0.03846614493965972
125496,2025-11-07,166.1959,0.07260737148562368
125496,2025-11-08,178.3575,0.07317629375935253
125496,2025-11-09,176.3035,-0.011516196403291046
125496,2025-11-11,194.0092,0.10042738799853645
125496,2025-11-12,174.9069,-0.09846079464272817
125496,2025-12-02,137.8987,-0.21158799338390888
125496,2025-12-03,138.0025,0.0007527264578999215
125496,2025-12-05,150.9247,0.09363743410445458
125496,2025-12-06,156.6337,0.037826810323293714
125496,2025-12-08,174.2415,0.11241386751382354
125496,2025-12-09,175.8881,0.009450102300542662
125496,2025-12-11,189.4213,0.07694210125642376
125496,2025-12-12,169.5002,-0.1051682149789912
125496,2026-01-01,189.5743,0.11843112869483341
125496,2026-01-04,209.9571,0.10751879342294823
125496,2026-01-05,214.6375,0.02229217302010733
125496,2026-02-01,188.0992,-0.12364242035990913
125496,2026-02-02,201.3238,0.07030651911331898
125496,2026-02-03,194.4692,-0.03404763867957994
125496,2026-02-04,208.3096,0.0711701390245858
125496,2026-03-02,204.792,-0.01688640369910932
125496,2026-03-03,192.494,-0.06005117387397951
125496,2026-03-04,206.8909,0.07479142207029832
125496,2026-04-02,208.4164,0.00737345141811474
125496,2026-04-03,192.7412,-0.07521097188129156
125496,2026-04-05,213.0874,0.10556227729203727
125496,2026-05-01,190.4795,-0.1060968410145321
125496,2026-05-02,213.0458,0.11847101656608716
125496,2026-05-03,189.1177,-0.11231434743139734
125496,2026-05-05,206.8246,0.09362899400743552
125496,2026-06-01,188.5129,-0.08853734033572414
125496,2026-06-02,215.2113,0.1416263820672219
125496,2026-06-03,189.2138,-0.12079988364923222
125496,2026-06-04,204.4004,0.08026158768546487
125496,2026-06-05,212.5077,0.039663816704859745
125496,2026-07-01,185.2558,-0.12823958849491102
125496,2026-07-04,200.1056,0.08015835401644655
125496,2026-07-05,211.5012,0.056947931492172144
125496,2026-08-01,189.2407,-0.10524999385346279
125496,2026-08-04,197.9292,0.04591242792908723
125496,2026-08-05,207.6007,0.048863431974665694
125496,2026-09-01,188.8059,-0.09053341342297971
125496,2026-09-02,211.35,0.1194035779602225
125496,2026-09-03,199.2981,-0.05702342086586232
125496,2026-09-04,192.291,-0.03515889012489337
125496,2026-10-02,210.9376,0.09697073705997683
125496,2026-10-03,206.0292,-0.023269440820413267
125496,2026-10-04,194.761,-0.05469224750666413
125496,2026-11-02,204.7848,0.05146718285488361
125496,2026-11-03,206.3377,0.007583082338142422
125496,2026-11-05,206.1658,-0.0008331003011083915
125496,2026-12-01,190.672,-0.07515213483516658
125496,2026-12-02,206.4274,0.08263090542921891
125496,2026-12-03,207.046,0.0029966952061595276
125496,2026-12-05,203.3244,-0.017974749572558735
125497,2022-01-02,157.7461,
125497,2022-01-03,148.554,-0.058271488169913566
125497,2022-01-04,143.5941,-0.0333878589603781
125497,2022-01-06,146.6753,0.021457706131380094
125497,2022-01-07,151.9316,0.03583629963599888
125497,2022-01-08,147.2274,-0.030962617388351155
125497,2022-01-09,154.1723,0.04717124665653283
125497,2022-01-11,176.5761,0.1453166359975171
125497,2022-01-12,172.9565,-0.020498810427911796
125497,2022-02-02,157.9449,-0.08679407827979879
125497,2022-02-03,148.4147,-0.060338763708103094
125497,2022-02-05,147.01,-0.009464695882550833
125497,2022-02-06,147.1946,0.0012556968913679523
125497,2022-02-08,147.9058,0.004831698988957411
125497,2022-02-09,154.7536,0.04629838721672863
125497,2022-02-11,176.1537,0.13828498981606874
125497,2022-02-12,174.8035,-0.0076648971892158135
125497,2022-03-01,161.6064,-0.07549677208980377
125497,2022-03-02,155.3156,-0.038926676171240904
125497,2022-03-03,147.9452,-0.047454344573243046
125497,2022-03-05,148.691,0.0050410557422613245
125497,2022-03-06,147.1293,-0.01050298942101402
125497,2022-03-08,146.7654,-0.0024733346790883903
125497,2022-03-10,160.5549,0.0939560686646852
125497,2022-03-11,175.207,0.09125912694037974
125497,2022-04-01,161.411,-0.0787411461870815
125497,2022-04-02,154.3709,-0.04361598651888654
125497,2022-04-03,145.3869,-0.05819749706712862
125497,2022-04-04,145.9957,0.004187447424768065
125497,2022-04-05,149.3445,0.02293766186264401
125497,2022-04-07,149.1728,-0.001149690815530624
125497,2022-04-08,147.2404,-0.012954104233479535
125497,2022-04-10,158.9243,0.0793525418295522
125497,2022-04-11,175.458,0.10403506575143018
125497,2022-05-01,162.7382,-0.07249484207046697
125497,2022-05-04,145.9353,-0.1032511112940907
125497,2022-05-05,148.4623,0.017315892727804538
125497,2022-05-07,149.3627,0.006064839356523466
125497,2022-05-08,147.8245,-0.01029842122564728
125497,2022-05-09,156.3593,0.05773603157798601
125497,2022-05-10,159.2889,0.018736333559948193
125497,2022-05-12,173.2197,0.08745618809596878
125497,2022-06-01,165.7857,-0.04291659666885461
125497,2022-06-04,147.7583,-0.10873917352341
125497,2022-06-05,149.4435,0.01140511226780494
125497,2022-06-06,143.8078,-0.037711242041306714
125497,2022-06-07,147.5259,0.025854647661670782
125497,2022-06-09,156.4541,0.060519542670134596
125497,2022-06-10,159.4719,0.01928872429677453
125497,2022-06-12,173.0592,0.08520184433746625
125497,2022-07-01,165.3944,-0.04429004641186374
125497,2022-07-02,154.6458,-0.06498769003061766
125497,2022-07-03,144.1965,-0.06756924533353004
125497,2022-07-04,148.466,0.029608901741720706
125497,2022-07-06,143.8268,-0.031247558363531103
125497,2022-07-07,148.4307,0.03201002872899905
125497,2022-07-09,159.2534,0.07291416128873607
125497,2022-07-10,157.3564,-0.011911833593505672
125497,2022-07-11,180.4105,0.1465088169276878
125497,2022-07-12,174.1858,-0.03450298070234281
125497,2022-08-02,152.5794,-0.12404225832415738
125497,2022-08-03,143.4643,-0.05974004354454132
125497,2022-08-04,147.3835,0.027318294516475383
125497,2022-08-06,143.9955,-0.02298764787103036
125497,2022-08-07,146.8598,0.019891593834529653
125497,2022-08-08,146.6239,-0.0016062938939043203
125497,2022-08-09,158.8193,0.08317470753403788
125497,2022-08-11,176.4492,0.11100603012354293
125497,2022-08-12,176.0738,-0.0021275245226387574
125497,2022-09-02,153.336,-0.1291378955869641
125497,2022-09-03,145.3488,-0.05208952887775864
125497,2022-09-05,149.6849,0.029832375637088182
125497,2022-09-06,148.3166,-0.009141202619636357
125497,2022-09-08,149.9727,0.011165978723892023
125497,2022-09-09,164.075,0.09403244723873061
125497,2022-09-11,177.9817,0.08475818985220185
125497,2022-09-12,173.6169,-0.024523869588839786
125497,2022-10-01,165.0042,-0.049607497887590335
125497,2022-10-02,152.2998,-0.07699440377881284
125497,2022-10-03,146.0135,-0.041275825706928115
125497,2022-10-05,151.4921,0.037521188109318704
125497,2022-10-06,148.041,-0.02278072585963231
125497,2022-10-08,150.8929,0.019264257874507695
125497,2022-10-10,158.1028,0.04778157222771906
125497,2022-10-11,174.6173,0.10445419056461991
125497,2022-11-01,168.2053,-0.03672030205483656
125497,2022-11-02,151.8352,-0.09732214145452023
125497,2022-11-03,142.9901,-0.05825460762721668
125497,2022-11-04,148.089,0.035659112064401643
125497,2022-11-05,150.284,0.014822167750474291
125497,2022-11-07,149.6574,-0.004169439195123914
125497,2022-11-08,148.8037,-0.005704362096361493
125497,2022-11-10,159.2379,0.07012056823855861
125497,2022-11-11,173.707,0.09086467480417659
125497,2022-12-01,169.8301,-0.022318616981468864
125497,2022-12-04,150.8888,-0.11153087703534292
125497,2022-12-05,149.7608,-0.007475703962123159
125497,2022-12-07,148.3181,-0.009633362001271406
125497,2022-12-08,150.043,0.01162973366028841
125497,2022-12-09,165.3807,0.10222202968482352
125497,2022-12-10,161.3791,-0.024196293763419807
125497,2022-12-12,172.9982,0.07199879042577395
125497,2023-01-02,173.3732,0.0021676526114144945
125497,2023-01-03,175.3005,0.011116481670754297
125497,2023-01-05,191.8311,0.0942986471801277
125497,2023-01-06,193.254,0.007417462549086151
125497,2023-01-08,202.3341,0.04698531466360345
125497,2023-01-09,220.6034,0.09029273859423581
125497,2023-01-11,201.7245,-0.08557846343256714
125497,2023-01-12,202.3938,0.003317891480707491
125497,2023-02-01,179.6698,-0.11227616656241446
125497,2023-02-02,170.876,-0.048944229915099835
125497,2023-02-03,176.6634,0.033869004424260885
125497,2023-02-05,188.584,0.06747634201538077
125497,2023-02-06,191.5483,0.0157187248122852
125497,2023-02-08,198.7003,0.037337841160688834
125497,2023-02-10,204.6331,0.02985803242370544
125497,2023-02-11,209.2683,0.022651271959423847
125497,2023-03-01,179.6223,-0.14166503001171227
125497,2023-03-02,175.3267,-0.023914625299865322
125497,2023-03-03,176.6986,0.00782482074892199
125497,2023-03-04,189.8922,0.07466725825784692
125497,2023-03-05,185.4837,-0.023215803492718567
125497,2023-03-07,201.8779,0.0883862032081526
125497,2023-03-08,201.8362,-0.00020656050018363903
125497,2023-03-10,204.4624,0.013011541041696217
125497,2023-03-11,212.174,0.037716470118711376
125497,2023-04-01,172.7167,-0.18596670657102188
125497,2023-04-04,192.6167,0.1152175788444314
125497,2023-04-05,183.9681,-0.0449005719649439
125497,2023-04-07,203.1604,0.10432406487863943
125497,2023-04-08,202.7319,-0.0021091708817270183
125497,2023-04-09,220.8988,0.08961046584183352
125497,2023-04-10,202.0144,-0.0854889207184466
125497,2023-04-12,204.7343,0.01346389168296902
125497,2023-05-01,170.6713,-0.16637661593587394
125497,2023-05-04,194.5332,0.1398120246344874
125497,2023-05-05,183.5797,-0.05630658417175061
125497,2023-05-06,191.6909,0.04418353445397294
125497,2023-05-07,200.0332,0.04351954109454326
125497,2023-05-09,225.3153,0.1263895193397897
125497,2023-05-10,200.7631,-0.10896818813458298
125497,2023-05-12,209.5175,0.043605622746411
125497,2023-06-01,170.2308,-0.18751035116398407
125497,2023-06-02,171.2985,0.006272072973868337
125497,2023-06-03,177.0269,0.03344104005580917
125497,2023-06-04,196.0777,0.10761528332699699
125497,2023-06-06,192.9227,-0.016090560017788857
125497,2023-06-07,204.5195,0.06011112222667414
125497,2023-06-09,221.6852,0.08393185001919146
125497,2023-06-10,197.9676,-0.1069877465884056
125497,2023-06-11,211.9438,0.07059842115578507
125497,2023-06-12,206.0955,-0.02759363567134321
125497,2023-07-02,171.0636,-0.16997896606184992
125497,2023-07-03,179.8207,0.051192071253030935
125497,2023-07-04,197.6444,0.09911928938103354
125497,2023-07-06,196.369,-0.00645300347492761
125497,2023-07-07,207.5061,0.05671516379876662
125497,2023-07-08,201.0022,-0.031343174971723786
125497,2023-07-09,217.2536,0.08085185137277118
125497,2023-07-11,209.6089,-0.03518790942934891
125497,2023-07-12,207.5805,-0.009677070009908917
125497,2023-08-02,172.3483,-0.16972788869860134
125497,2023-08-03,178.6251,0.03641927422550739
125497,2023-08-05,184.3472,0.03203413182133974
125497,2023-08-06,198.7178,0.07795399116449842
125497,2023-08-08,204.8341,0.03077882303447388
125497,2023-08-09,217.2066,0.06040254039732651
125497,2023-08-11,205.6625,-0.05314801668089286
125497,2023-08-12,206.0532,0.0018997143378107761
125497,2023-09-01,167.7585,-0.18584860608813647
125497,2023-09-02,173.007,0.03128604511842914
125497,2023-09-03,179.8782,0.039716312056737424
125497,2023-09-05,187.6939,0.043449956692917846
125497,2023-09-06,203.9417,0.08656541315407673
125497,2023-09-08,205.2106,0.006221876153822414
125497,2023-09-10,202.7241,-0.01211682047613527
125497,2023-09-11,206.2572,0.01742812028762253
125497,2023-10-01,171.1202,-0.1703552651737733
125497,2023-10-02,171.792,0.00392589536477872
125497,2023-10-03,179.5227,0.04500034925956964
125497,2023-10-04,197.7043,0.10127744290833407
125497,2023-10-05,189.7101,-0.04043513469358018
125497,2023-10-07,206.4312,0.08814027297439608
125497,2023-10-08,208.207,0.008602381810501436
125497,2023-10-10,202.9011,-0.025483773360165496
125497,2023-10-11,204.478,0.007771766639017796
125497,2023-11-01,168.2605,-0.17712174414851478
125497,2023-11-04,195.6646,0.1628671019044874
125497,2023-11-05,189.4313,-0.03185706561125523
125497,2023-11-07,202.2804,0.0678298676089959
125497,2023-11-08,208.4694,0.030596142780022317
125497,2023-11-09,218.3054,0.04718198450228184
125497,2023-11-10,201.2887,-0.07794905668847396
125497,2023-11-12,204.9414,0.018146572559711416
125497,2023-12-01,167.4477,-0.1829483940287321
125497,2023-12-04,195.9306,0.17010027608620493
125497,2023-12-05,189.4734,-0.03295656727433083
125497,2023-12-06,202.1556,0.06693393373423384
125497,2023-12-07,205.6578,0.017324278921781122
125497,2023-12-09,218.3179,0.06155905586853505
125497,2023-12-10,201.8962,-0.07521921015180166
125497,2023-12-12,203.5768,0.008324079403178475
125497,2024-01-01,195.8833,-0.03779163441020783
125497,2024-01-02,183.0659,-0.06543385781227906
125497,2024-01-03,187.5171,0.02431474130354161
125497,2024-01-04,185.9369,-0.008426964794144065
125497,2024-01-05,188.9674,0.016298539988566008
125497,2024-01-07,194.499,0.029272774034039717
125497,2024-01-08,192.1124,-0.012270500105398985
125497,2024-01-10,193.8489,0.009038979264222258
125497,2024-01-11,195.8644,0.010397273340214896
125497,2024-02-01,197.2486,0.007067134201008463
125497,2024-02-02,177.7186,-0.09901210959165241
125497,2024-02-04,184.9956,0.040946755151120895
125497,2024-02-05,185.019,0.00012648949488536232
125497,2024-02-07,197.216,0.06592295926364322
125497,2024-02-08,188.954,-0.04189315268538052
125497,2024-02-09,195.8014,0.03623844956973654
125497,2024-02-10,194.2858,-0.007740496237514161
125497,2024-02-12,181.31,-0.06678717641742216
125497,2024-03-01,195.769,0.07974739396613528
125497,2024-03-04,183.1923,-0.06424255117000144
125497,2024-03-05,188.4239,0.028557968866595562
125497,2024-03-06,204.568,0.08567968288523908
125497,2024-03-07,196.6684,-0.03861601032419548
125497,2024-03-09,196.6558,-6.406723194973818e-05
125497,2024-03-10,193.5255,-0.015917659179134347
125497,2024-03-12,181.6571,-0.06132731862209362
125497,2024-04-01,197.1975,0.0855479912428414
125497,2024-04-03,186.6832,-0.053318627264544394
125497,2024-04-04,185.1,-0.00848067742571379
125497,2024-04-06,208.4148,0.12595786061588332
125497,2024-04-07,194.1454,-0.06846634691970066
125497,2024-04-09,193.7918,-0.0018213153646700064
125497,2024-04-10,193.4803,-0.0016073951529425035
125497,2024-04-11,191.6258,-0.009584955160809705
125497,2024-04-12,187.3195,-0.02247244368973278
125497,2024-05-01,195.4801,0.04356513870686185
125497,2024-05-02,176.0991,-0.09914564193490794
125497,2024-05-03,182.2014,0.034652647287805705
125497,2024-05-04,183.2818,0.005929701967163803
125497,2024-05-06,208.1134,0.13548317399763654
125497,2024-05-07,200.2281,-0.037889439123093505
125497,2024-05-08,187.2754,-0.0646897213727744
125497,2024-05-09,196.0279,0.04673598347674068
125497,2024-05-11,188.7697,-0.037026362063767415
125497,2024-05-12,187.1879,-0.008379522772987369
125497,2024-06-02,177.3978,-0.05230092329685854
125497,2024-06-03,180.0793,0.015115745516573575
125497,2024-06-05,189.9882,0.0550252027856617
125497,2024-06-06,207.141,0.09028350181748124
125497,2024-06-08,184.8639,-0.10754558489145072
125497,2024-06-09,195.6811,0.058514398971351245
125497,2024-06-11,187.4393,-0.0421185285650989
125497,2024-06-12,189.8537,0.012880969999354397
125497,2024-07-02,177.0454,-0.0674640525836473
125497,2024-07-03,176.1177,-0.005239898918582342
125497,2024-07-05,189.947,0.07852305588819286
125497,2024-07-06,204.7184,0.07776590312034415
125497,2024-07-08,188.8343,-0.07758999679559819
125497,2024-07-10,194.282,0.028849102096388135
125497,2024-07-11,187.5823,-0.03448440926076535
125497,2024-08-01,191.3343,0.020001887171657406
125497,2024-08-02,177.9135,-0.07014319962494975
125497,2024-08-03,175.454,-0.013824133637975744
125497,2024-08-04,183.5217,0.04598185279332467
125497,2024-08-05,190.6706,0.038953976559720216
125497,2024-08-07,200.4605,0.05134457016446148
125497,2024-08-08,191.0395,-0.046996789891275315
125497,2024-08-10,190.3824,-0.003439602804655606
125497,2024-08-11,188.8319,-0.008144135172158729
125497,2024-09-01,187.6835,-0.006081599560243678
125497,2024-09-02,176.7041,-0.05849954844192484
125497,2024-09-04,182.5523,0.033096006261314814
125497,2024-09-05,188.1813,0.03083499906602105
125497,2024-09-07,200.5842,0.06590931192419225
125497,2024-09-08,194.0405,-0.03262320761056958
125497,2024-09-09,194.5418,0.0025834812835463516
125497,2024-09-10,187.388,-0.03677255993313511
125497,2024-09-12,188.3371,0.005064892095544948
125497,2024-10-01,187.8763,-0.0024466767301822845
125497,2024-10-04,183.6837,-0.022315747116586793
125497,2024-10-05,193.7889,0.05501413571264102
125497,2024-10-06,200.7452,0.0358962768249369
125497,2024-10-07,200.6164,-0.0006416093635116527
125497,2024-10-09,197.0782,-0.0176366438636123
125497,2024-10-10,189.1437,-0.040260668100277064
125497,2024-10-12,188.3428,-0.004234346689844681
125497,2024-11-01,188.5464,0.0010810076095288945
125497,2024-11-03,175.5718,-0.0688138304417375
125497,2024-11-04,184.5019,0.050862951795219935
125497,2024-11-06,202.8185,0.0992759424157692
125497,2024-11-07,201.1835,-0.00806139479386736
125497,2024-11-09,195.5012,-0.028244363976171027
125497,2024-11-10,189.6166,-0.030100070997006734
125497,2024-11-11,187.2724,-0.012362841649939948
125497,2024-11-12,192.4297,0.02753902870898206
125497,2024-12-01,186.5851,-0.030372650375695587
125497,2024-12-02,176.9672,-0.05154698847871575
125497,2024-12-03,179.1828,0.012519834183961853
125497,2024-12-04,186.882,0.042968409914344585
125497,2024-12-06,203.0882,0.08671889213514405
125497,2024-12-07,200.9255,-0.010649067744950225
125497,2024-12-08,195.8082,-0.02546864385058145
125497,2024-12-09,192.2849,-0.017993628458869426
125497,2024-12-11,187.7764,-0.023446978935943497
125497,2024-12-12,191.0685,0.01753202212844651
125497,2025-01-01,195.3936,0.022636384333367232
125497,2025-01-04,217.7661,0.11449965607880719
125497,2025-01-05,229.1015,0.05205309733700503
125497,2025-01-07,289.5147,0.26369622198021414
125497,2025-01-08,296.0559,0.022593671409431026
125497,2025-01-09,295.2959,-0.002567082770517315
125497,2025-01-10,298.1751,0.00975022003353243
125497,2025-01-12,333.7052,0.11915850787004012
125497,2025-02-01,196.9132,-0.40991869470418807
125497,2025-02-04,224.2803,0.1389805254294787
125497,2025-02-05,234.7311,0.04659704842556378
125497,2025-02-06,258.4678,0.10112294450969639
125497,2025-02-07,290.5114,0.12397521083864205
125497,2025-02-09,296.6433,0.021107261195257854
125497,2025-02-10,292.6419,-0.013488927611039925
125497,2025-02-12,331.558,0.13298198241605164
125497,2025-03-01,198.3246,-0.4018404019809505
125497,2025-03-02,200.6694,0.011823041619647645
125497,2025-03-03,219.3947,0.09331417744808124
125497,2025-03-04,222.6648,0.014905100259942516
125497,2025-03-06,260.1575,0.1683818008055158
125497,2025-03-07,296.1413,0.13831544352940028
125497,2025-03-09,298.4027,0.007636219601926397
125497,2025-03-10,295.444,-0.009915124762610916
125497,2025-03-11,301.5074,0.020523009436644424
125497,2025-03-12,331.6103,0.09984133059420763
125497,2025-04-02,201.2946,-0.39297844487942624
125497,2025-04-03,223.652,0.11106805647046669
125497,2025-04-04,221.3462,-0.010309766959383238
125497,2025-04-06,263.6046,0.19091540762841186
125497,2025-04-07,295.9359,0.12265074281708288
125497,2025-04-08,294.4055,-0.005171390155773503
125497,2025-04-09,300.5772,0.02096326325425313
125497,2025-04-11,304.9885,0.014676096523621895
125497,2025-04-12,340.2844,0.11572862583343313
125497,2025-05-02,200.2288,-0.411583957419147
125497,2025-05-03,222.3494,0.11047661475272297
125497,2025-05-05,234.3383,0.05391919204639195
125497,2025-05-06,267.422,0.14117922678452488
125497,2025-05-08,290.9301,0.08790638017814523
125497,2025-05-09,302.3273,0.03917504582715914
125497,2025-05-11,305.344,0.009978258662052708
125497,2025-05-12,347.4917,0.1380334966464054
125497,2025-06-01,200.986,-0.42160920678105407
125497,2025-06-02,203.3361,0.011692854228652738
125497,2025-06-03,221.3283,0.08848502553161985
125497,2025-06-05,232.1989,0.04911527355516676
125497,2025-06-06,271.9778,0.17131390372650346
125497,2025-06-08,293.534,0.0792572040806272
125497,2025-06-10,298.3628,0.01645056450019422
125497,2025-06-11,303.1109,0.01591384716861488
125497,2025-07-01,203.0877,-0.32998879288075744
125497,2025-07-02,201.2448,-0.009074404801472591
125497,2025-07-03,220.6795,0.09657243317591302
125497,2025-07-04,219.7906,-0.004028013476557568
125497,2025-07-05,228.4601,0.03944436204278068
125497,2025-07-07,297.06,0.30027081315293125
125497,2025-07-08,294.5249,-0.008533966202113996
125497,2025-07-10,300.0204,0.01865886381762616
125497,2025-07-11,305.787,0.01922069299287643
125497,2025-08-01,204.2982,-0.33189376919228086
125497,2025-08-04,218.4245,0.06914549418448135
125497,2025-08-05,226.559,0.03724170136591831
125497,2025-08-07,299.3606,0.3213361640897072
125497,2025-08-08,292.6638,-0.02237034532934523
125497,2025-08-09,304.7951,0.04145131717691086
125497,2025-08-10,296.6741,-0.026644129121498272
125497,2025-08-12,349.4675,0.1779508221310857
125497,2025-09-01,204.2181,-0.41563063804216416
125497,2025-09-04,216.8521,0.06186523133845645
125497,2025-09-05,226.5709,0.044817642992620366
125497,2025-09-06,274.2174,0.21029399627224854
125497,2025-09-07,300.1657,0.09462674505702418
125497,2025-09-09,309.7937,0.03207561690093175
125497,2025-09-10,296.6377,-0.04246697076151007
125497,2025-09-12,349.7842,0.17916299917373957
125497,2025-10-01,200.2396,-0.42753389089615823
125497,2025-10-02,200.884,0.003218144662693989
125497,2025-10-03,217.2185,0.08131309611517112
125497,2025-10-04,220.0438,0.01300671904096573
125497,2025-10-06,273.7909,0.24425637077709084
125497,2025-10-07,298.6927,0.09095189065816278
125497,2025-10-09,310.6637,0.040077979810018816
125497,2025-10-10,296.7584,-0.04475997678518606
125497,2025-10-11,307.3685,0.03575332661181618
125497,2025-10-12,350.4454,0.14014741263337016
125497,2025-11-02,199.9144,-0.42954194861738804
125497,2025-11-03,214.9216,0.0750681291592803
125497,2025-11-04,223.8937,0.04174592037282432
125497,2025-11-06,274.3961,0.22556418514679066
125497,2025-11-07,299.5228,0.09157090789555689
125497,2025-11-08,288.2991,-0.03747193869715426
125497,2025-11-09,313.4466,0.08722711933544014
125497,2025-11-11,310.8086,-0.008416106603166162
125497,2025-11-12,353.1832,0.1363366393336607
125497,2025-12-02,203.4756,-0.423880864095461
125497,2025-12-03,212.4286,0.0440003617141318
125497,2025-12-05,231.552,0.09002271822155783
125497,2025-12-06,278.4923,0.202720339275843
125497,2025-12-08,291.4472,0.04651798272340035
125497,2025-12-09,313.2501,0.07480909063459862
125497,2025-12-11,313.3175,0.00021516353865491666
125497,2025-12-12,349.0073,0.11390937308002269
125497,2026-01-01,355.3103,0.018059794164763776
125497,2026-01-04,372.6618,0.04883477906494704
125497,2026-01-05,418.0543,0.12180615238803649
125497,2026-02-01,354.7342,-0.15146381702089906
125497,2026-02-02,354.4034,-0.0009325292007368313
125497,2026-02-03,364.5575,0.028651248831134346
125497,2026-02-04,370.0401,0.015039054195840063
125497,2026-03-02,349.0568,-0.05670547597409037
125497,2026-03-03,369.2288,0.05779002156669044
125497,2026-03-04,378.7058,0.025667011890730063
125497,2026-04-02,354.0762,-0.06503623657203039
125497,2026-04-03,370.4529,0.04625190848749505
125497,2026-04-05,419.8545,0.13335460459345838
125497,2026-05-01,358.6554,-0.14576263920000854
125497,2026-05-02,352.2483,-0.017864222872428615
125497,2026-05-03,369.4681,0.04888540271166675
125497,2026-05-05,422.1692,0.14264046070553849
125497,2026-06-01,361.6243,-0.14341382554672388
125497,2026-06-02,353.8715,-0.021438824769242526
125497,2026-06-03,368.7638,0.04208392029310071
125497,2026-06-04,378.0097,0.025072688805137577
125497,2026-06-05,430.5343,0.13895040259548885
125497,2026-07-01,354.9463,-0.17556789319689503
125497,2026-07-04,379.1661,0.06823511049417896
125497,2026-07-05,433.0712,0.14216750917342025
125497,2026-08-01,361.3951,-0.16550650331862282
125497,2026-08-04,383.2955,0.060599604145158636
125497,2026-08-05,431.9972,0.12706045335778793
125497,2026-09-01,367.5429,-0.1492007355603232
125497,2026-09-02,353.8315,-0.037305577117664246
125497,2026-09-03,368.6129,0.04177525177944874
125497,2026-09-04,385.7479,0.046485079605190105
125497,2026-10-02,356.0162,-0.07707546820086375
125497,2026-10-03,368.6141,0.03538574930017213
125497,2026-10-04,386.6178,0.04884159341707206
125497,2026-11-02,356.5047,-0.07788855039783471
125497,2026-11-03,371.9986,0.04346057709758111
125497,2026-11-05,437.1894,0.17524474554474123
125497,2026-12-01,364.9492,-0.1652377665149246
125497,2026-12-02,351.1764,-0.03773895106497016
125497,2026-12-03,372.3979,0.060429744139982144
125497,2026-12-05,443.6264,0.19126987558200526
125499,2022-01-02,78.0022,
125499,2022-01-03,82.9972,0.06403665537638692
125499,2022-01-04,73.8556,-0.11014347471962926
125499,2022-01-06,75.5471,0.02290279951689511
125499,2022-01-07,76.2794,0.009693290675618194
125499,2022-01-08,76.9799,0.009183344389179782
125499,2022-01-09,78.1017,0.014572635194381789
125499,2022-01-11,90.9143,0.16405020633353695
125499,2022-01-12,89.1513,-0.019391888844769056
125499,2022-02-02,78.847,-0.1155821620099764
125499,2022-02-03,81.8026,0.03748525625578658
125499,2022-02-05,72.9754,-0.10790855058396687
125499,2022-02-06,76.5282,0.048684899294831
125499,2022-02-08,77.8273,0.016975441732590024
125499,2022-02-09,77.5363,-0.003739047866237133
125499,2022-02-11,90.5362,0.1676621143902921
125499,2022-02-12,89.682,-0.009434900073119867
125499,2022-03-01,82.8124,-0.07659954059900542
125499,2022-03-02,78.6764,-0.049944211253387105
125499,2022-03-03,81.7885,0.03955569904062717
125499,2022-03-05,73.4295,-0.1022026323994204
125499,2022-03-06,75.6737,0.030562648526818226
125499,2022-03-08,76.3853,0.009403531213618477
125499,2022-03-10,83.3195,0.09077924679224925
125499,2022-03-11,90.4276,0.0853113616860397
125499,2022-04-01,84.5652,-0.06482976436397725
125499,2022-04-02,78.821,-0.0679262864629896
125499,2022-04-03,83.6537,0.061312340619885664
125499,2022-04-04,74.2531,-0.11237518483940334
125499,2022-04-05,73.4394,-0.01095846503378306
125499,2022-04-07,76.169,0.037168059651903285
125499,2022-04-08,75.197,-0.012761097034226454
125499,2022-04-10,83.4787,0.11013338298070408
125499,2022-04-11,89.2811,0.06950755102798678
125499,2022-05-01,83.297,-0.06702538387183843
125499,2022-05-04,74.17,-0.10957177329315582
125499,2022-05-05,72.2524,-0.025854118916003865
125499,2022-05-07,76.3899,0.057264533773272674
125499,2022-05-08,74.6595,-0.022652209258030243
125499,2022-05-09,77.9675,0.04430782418848245
125499,2022-05-10,83.8166,0.07501971975502597
125499,2022-05-12,88.7276,0.05859221204391485
125499,2022-06-01,84.1157,-0.051978189424711
125499,2022-06-04,73.5293,-0.1258552208446223
125499,2022-06-05,71.9086,-0.022041553503161282
125499,2022-06-06,76.8121,0.06819073101131146
125499,2022-06-07,76.9149,0.001338330809859345
125499,2022-06-09,79.1881,0.029554741669039375
125499,2022-06-10,84.0564,0.06147767151882655
125499,2022-06-12,87.4166,0.0399755402325106
125499,2022-07-01,82.7352,-0.053552757714209864
125499,2022-07-02,78.1484,-0.05543952271826269
125499,2022-07-03,84.6796,0.0835743278173322
125499,2022-07-04,73.0262,-0.13761756078205367
125499,2022-07-06,77.3107,0.058670723658084345
125499,2022-07-07,76.552,-0.009813648046130607
125499,2022-07-09,77.8992,0.01759849514055789
125499,2022-07-10,84.0817,0.07936538501037238
125499,2022-07-11,87.5074,0.0407425159101209
125499,2022-07-12,87.2099,-0.00339971248145865
125499,2022-08-02,77.3341,-0.11324173058333975
125499,2022-08-03,84.1652,0.08833231394688745
125499,2022-08-04,71.9834,-0.14473677957160436
125499,2022-08-06,76.3798,0.061075192336010886
125499,2022-08-07,76.4336,0.0007043747168753445
125499,2022-08-08,74.9312,-0.019656276820665175
125499,2022-08-09,76.9782,0.027318393406218
125499,2022-08-11,87.5136,0.13686212460151048
125499,2022-08-12,89.308,0.020504241626444486
125499,2022-09-02,78.7603,-0.11810476105164158
125499,2022-09-03,84.2335,0.06949186328645274
125499,2022-09-05,73.824,-0.12357909857716953
125499,2022-09-06,76.8256,0.04065886432596444
125499,2022-09-08,74.4295,-0.031188822475841205
125499,2022-09-09,77.0025,0.034569626290650746
125499,2022-09-11,86.5491,0.12397779292880107
125499,2022-09-12,88.4702,0.022196649069718966
125499,2022-10-01,82.459,-0.0679460428483264
125499,2022-10-02,77.1198,-0.06474975442341047
125499,2022-10-03,82.9609,0.07574060098703561
125499,2022-10-05,74.0369,-0.1075687462406989
125499,2022-10-06,75.9171,0.02539544470392463
125499,2022-10-08,73.9401,-0.02604156375836275
125499,2022-10-10,84.2538,0.13948723358502346
125499,2022-10-11,87.5516,0.039141261284357354
125499,2022-11-01,82.5884,-0.0566888554863646
125499,2022-11-02,76.1789,-0.07760775120961294
125499,2022-11-03,82.0335,0.07685330189855732
125499,2022-11-04,71.6649,-0.126394704602388
125499,2022-11-05,76.114,0.06208199550965676
125499,2022-11-07,76.6899,0.007566282155713644
125499,2022-11-08,73.8129,-0.03751471836578213
125499,2022-11-10,86.0473,0.16574880542561
125499,2022-11-11,87.2957,0.014508299505039624
125499,2022-12-01,82.1432,-0.0590235257864935
125499,2022-12-04,71.4911,-0.12967719786908705
125499,2022-12-05,74.8294,0.04669532291432077
125499,2022-12-07,77.5234,0.03600189230436146
125499,2022-12-08,73.6316,-0.050201616544165883
125499,2022-12-09,77.0701,0.04669870001466747
125499,2022-12-10,86.7262,0.12528983354115297
125499,2022-12-12,89.7563,0.03493869211380174
125499,2023-01-02,102.5296,0.142310901853129
125499,2023-01-03,111.5101,0.08758934005399399
125499,2023-01-05,114.9482,0.030832184707932253
125499,2023-01-06,117.1708,0.019335665978240657
125499,2023-01-08,126.4945,0.0795735797656072
125499,2023-01-09,124.9517,-0.012196577716817703
125499,2023-01-11,129.1111,0.033288062507352834
125499,2023-01-12,133.1747,0.03147366880152069
125499,2023-02-01,90.9473,-0.31708274920086177
125499,2023-02-02,102.3975,0.12589928453071164
125499,2023-02-03,113.0307,0.10384237896433013
125499,2023-02-05,115.7323,0.023901471016281484
125499,2023-02-06,119.2388,0.030298369599498276
125499,2023-02-08,125.6265,0.05357064982203785
125499,2023-02-10,128.1163,0.019819066837012844
125499,2023-02-11,132.9864,0.03801311776877725
125499,2023-03-01,90.145,-0.32214873099805696
125499,2023-03-02,102.0266,0.13180542459371014
125499,2023-03-03,112.4093,0.10176463784934509
125499,2023-03-04,116.2566,0.034225815835522644
125499,2023-03-05,120.2499,0.03434901760416165
125499,2023-03-07,130.7165,0.08704040502320587
125499,2023-03-08,127.6673,-0.023326817961007218
125499,2023-03-10,125.405,-0.017720277627865544
125499,2023-03-11,132.1356,0.05367090626370574
125499,2023-04-01,93.0726,-0.29562812746905465
125499,2023-04-04,117.0379,0.2574903892230367
125499,2023-04-05,120.7831,0.031999890633718
125499,2023-04-07,133.5416,0.105631499771077
125499,2023-04-08,127.6789,-0.04390167558273972
125499,2023-04-09,126.6846,-0.007787504434953574
125499,2023-04-10,126.6489,-0.0002818022080032234
125499,2023-04-12,133.2461,0.052090464267751324
125499,2023-05-01,92.8953,-0.3028291259556565
125499,2023-05-04,117.6845,0.2668509601669835
125499,2023-05-05,121.1789,0.029692950218592973
125499,2023-05-06,120.5183,-0.005451444104543013
125499,2023-05-07,132.6481,0.10064695569054671
125499,2023-05-09,125.3814,-0.05478178730038352
125499,2023-05-10,124.8508,-0.004231887664358447
125499,2023-05-12,134.5214,0.07745725297715356
125499,2023-06-01,94.4588,-0.29781581220534425
125499,2023-06-02,101.7704,0.07740517558978088
125499,2023-06-03,113.5302,0.11555226274044328
125499,2023-06-04,117.5371,0.03529369277954242
125499,2023-06-06,122.6417,0.04342969156121779
125499,2023-06-07,132.7763,0.08263584082738573
125499,2023-06-09,127.6207,-0.03882921876871093
125499,2023-06-10,125.3256,-0.01798375968788768
125499,2023-06-11,131.2808,0.04751782556796069
125499,2023-06-12,135.8597,0.0348786722810952
125499,2023-07-02,103.7947,-0.23601553661608254
125499,2023-07-03,115.1657,0.10955279990211442
125499,2023-07-04,116.2641,0.009537561965064167
125499,2023-07-06,124.3848,0.06984701210433841
125499,2023-07-07,131.8039,0.05964635550324471
125499,2023-07-08,125.5186,-0.04768675281990886
125499,2023-07-09,128.3233,0.02234489549755958
125499,2023-07-11,133.9733,0.044029416325795934
125499,2023-07-12,136.8096,0.02117063623871318
125499,2023-08-02,104.9068,-0.23319123804177477
125499,2023-08-03,117.65,0.12147163005639294
125499,2023-08-05,118.0992,0.0038181045473861808
125499,2023-08-06,125.3249,0.06118331030184798
125499,2023-08-08,129.0552,0.029765034721751293
125499,2023-08-09,128.4252,-0.0048816320458224816
125499,2023-08-11,132.0911,0.028545020759165762
125499,2023-08-12,135.8559,0.02850154173899666
125499,2023-09-01,96.4102,-0.2903495541967628
125499,2023-09-02,106.7765,0.10752285546550056
125499,2023-09-03,116.1418,0.08770937425369829
125499,2023-09-05,118.7588,0.02253280042155348
125499,2023-09-06,123.6634,0.04129883427586001
125499,2023-09-08,127.3475,0.029791352979135377
125499,2023-09-10,125.4646,-0.014785527788138686
125499,2023-09-11,133.9522,0.06764936085557194
125499,2023-10-01,96.2412,-0.28152579800854327
125499,2023-10-02,107.2264,0.1141423839270499
125499,2023-10-03,116.7634,0.08894264845224686
125499,2023-10-04,118.1946,0.012257265547251928
125499,2023-10-05,119.0527,0.007260060950331049
125499,2023-10-07,132.3293,0.11151868038272106
125499,2023-10-08,126.5019,-0.04403711045097336
125499,2023-10-10,124.9662,-0.012139738612621631
125499,2023-10-11,133.0682,0.06483353098677869
125499,2023-11-01,96.71,-0.27322981749208297
125499,2023-11-04,118.1037,0.22121497259849043
125499,2023-11-05,118.5242,0.0035604303675498272
125499,2023-11-07,131.4861,0.10936078876718858
125499,2023-11-08,128.5477,-0.022347609367073806
125499,2023-11-09,130.3527,0.014041480322090516
125499,2023-11-10,127.9566,-0.01838166758341031
125499,2023-11-12,134.8571,0.05392844136214947
125499,2023-12-01,96.8724,-0.28166629713971314
125499,2023-12-04,116.9049,0.20679264682200493
125499,2023-12-05,118.383,0.012643610319156728
125499,2023-12-06,126.4546,0.06818208695505268
125499,2023-12-07,130.7162,0.03370063247995714
125499,2023-12-09,128.5623,-0.01647768218476353
125499,2023-12-10,128.2901,-0.0021172614366731235
125499,2023-12-12,136.205,0.061695329569467994
125499,2024-01-01,134.5978,-0.011799860504386861
125499,2024-01-02,129.3829,-0.03874431825780211
125499,2024-01-03,130.191,0.0062458021886973025
125499,2024-01-04,139.0008,0.06766827200036873
125499,2024-01-05,140.1548,0.008302110491450465
125499,2024-01-07,149.07,0.06360966588372285
125499,2024-01-08,142.6748,-0.0429006507010129
125499,2024-01-10,152.0212,0.06550841494083048
125499,2024-01-11,189.0068,0.24329238290448973
125499,2024-02-01,137.7678,-0.2710960663849131
125499,2024-02-02,130.6106,-0.05195118162589507
125499,2024-02-04,142.6529,0.09220002051900833
125499,2024-02-05,139.3532,-0.023130970348307023
125499,2024-02-07,149.1667,0.07042177718200948
125499,2024-02-08,142.6145,-0.043925353312770254
125499,2024-02-09,139.9384,-0.018764571624904858
125499,2024-02-10,154.8479,0.10654330762678432
125499,2024-02-12,206.4428,0.33319728585276254
125499,2024-03-01,136.8633,-0.3370400905238642
125499,2024-03-04,141.7821,0.03593951044582444
125499,2024-03-05,137.6361,-0.029242055238284714
125499,2024-03-06,144.9631,0.05323458017191718
125499,2024-03-07,145.914,0.006559600339672622
125499,2024-03-09,140.9233,-0.034203023698890944
125499,2024-03-10,156.0192,0.10712139156548273
125499,2024-03-12,206.0213,0.3204868375174337
125499,2024-04-01,139.3021,-0.3238461265898235
125499,2024-04-03,130.6026,-0.062450601965081676
125499,2024-04-04,144.3205,0.10503542808489286
125499,2024-04-06,143.0024,-0.00913314463295245
125499,2024-04-07,143.6939,0.004835583179023661
125499,2024-04-09,142.6041,-0.0075841771988931495
125499,2024-04-10,157.0567,0.10134771721149693
125499,2024-04-11,189.5248,0.2067285254306246
125499,2024-04-12,203.4823,0.07364471562560682
125499,2024-05-01,139.1462,-0.3161754118171458
125499,2024-05-02,128.9217,-0.07348026751718706
125499,2024-05-03,130.9712,0.015897246157939415
125499,2024-05-04,142.04,0.08451323649779474
125499,2024-05-06,145.3344,0.023193466629118475
125499,2024-05-07,145.1512,-0.0012605412070370026
125499,2024-05-08,140.7788,-0.0301230716659594
125499,2024-05-09,139.9252,-0.0060634129570645845
125499,2024-05-11,189.3476,0.3532058557000455
125499,2024-05-12,205.1247,0.08332347492125591
125499,2024-06-02,131.3157,-0.35982502351008927
125499,2024-06-03,132.0903,0.0058987615342265265
125499,2024-06-05,137.8533,0.043629244539530765
125499,2024-06-06,143.6772,0.042247084400591106
125499,2024-06-08,142.7568,-0.006406026843507551
125499,2024-06-09,139.4791,-0.02296002712305134
125499,2024-06-11,192.1786,0.3778308004568427
125499,2024-06-12,200.4323,0.04294807018055091
125499,2024-07-02,132.0835,-0.34100691355634805
125499,2024-07-03,132.7702,0.005198983976045568
125499,2024-07-05,136.7302,0.029825969984228484
125499,2024-07-06,145.1983,0.06193291606389795
125499,2024-07-08,139.9328,-0.036264198685521776
125499,2024-07-10,158.4392,0.13225205241373006
125499,2024-07-11,198.287,0.2515021535074653
125499,2024-08-01,137.2366,-0.3078890698835526
125499,2024-08-02,133.181,-0.029551883389707934
125499,2024-08-03,134.0785,0.006738949249517345
125499,2024-08-04,143.4907,0.07019917436427181
125499,2024-08-05,138.4199,-0.035338875620510524
125499,2024-08-07,144.6778,0.04520953995776611
125499,2024-08-08,137.5051,-0.04957706019859298
125499,2024-08-10,160.3844,0.16638873758136974
125499,2024-08-11,196.7934,0.2270108564174571
125499,2024-09-01,136.519,-0.30628262939712403
125499,2024-09-02,133.954,-0.01878859352910578
125499,2024-09-04,146.0289,0.09014213834599927
125499,2024-09-05,138.9839,-0.04824387501378147
125499,2024-09-07,147.9063,0.06419736386732544
125499,2024-09-08,137.3905,-0.0710977152426907
125499,2024-09-09,139.3053,0.013936917035748397
125499,2024-09-10,162.9561,0.16977674216271743
125499,2024-09-12,200.74,0.23186551469997152
125499,2024-10-01,134.4819,-0.33006924379794766
125499,2024-10-04,142.7525,0.061499725985429965
125499,2024-10-05,138.0928,-0.03264181012591716
125499,2024-10-06,147.6194,0.06898694211428835
125499,2024-10-07,148.7404,0.0075938528404801975
125499,2024-10-09,137.3912,-0.0763020672258512
125499,2024-10-10,162.5668,0.18324026575210062
125499,2024-10-12,202.0818,0.24306931058494108
125499,2024-11-01,133.1611,-0.3410534743851251
125499,2024-11-03,134.8864,0.012956486541489953
125499,2024-11-04,143.0548,0.06055762478648696
125499,2024-11-06,147.7711,0.03296848480442449
125499,2024-11-07,149.7543,0.013420756832696057
125499,2024-11-09,137.2557,-0.08346070864075361
125499,2024-11-10,165.2112,0.20367460149195993
125499,2024-11-11,196.6532,0.1903139738710209
125499,2024-11-12,201.9531,0.026950489491144758
125499,2024-12-01,131.8056,-0.34734549754373667
125499,2024-12-02,131.5919,-0.0016213271666757345
125499,2024-12-03,132.9004,0.009943621149933746
125499,2024-12-04,144.3473,0.0861314187165727
125499,2024-12-06,149.5534,0.036066486868822745
125499,2024-12-07,147.8872,-0.01114117097973033
125499,2024-12-08,135.368,-0.08465370904310865
125499,2024-12-09,137.5612,0.016201761125229197
125499,2024-12-11,195.9141,0.4241959215243831
125499,2024-12-12,204.6934,0.0448119864777472
125499,2025-01-01,196.2492,-0.04125291777849205
125499,2025-01-04,192.9109,-0.017010515202100174
125499,2025-01-05,182.7142,-0.05285704436607774
125499,2025-01-07,182.6307,-0.000456997868802822
125499,2025-01-08,193.6071,0.060101614898262046
125499,2025-01-09,196.6115,0.015518025940164382
125499,2025-01-10,190.0037,-0.03360841049480823
125499,2025-01-12,233.7684,0.23033604082446812
125499,2025-02-01,198.4558,-0.15105805575090558
125499,2025-02-04,188.7505,-0.048904088467054185
125499,2025-02-05,180.8649,-0.041777902575092396
125499,2025-02-06,190.7765,0.05480112503863377
125499,2025-02-07,182.5643,-0.04304618231281099
125499,2025-02-09,195.397,0.07029139870171752
125499,2025-02-10,188.723,-0.034156102703726154
125499,2025-02-12,238.8833,0.2657879537735197
125499,2025-03-01,195.6355,-0.18104153785551347
125499,2025-03-02,208.6185,0.06636321117588584
125499,2025-03-03,204.6573,-0.018987769541052302
125499,2025-03-04,186.3108,-0.0896449821237747
125499,2025-03-06,187.6044,0.006943236784985096
125499,2025-03-07,179.9609,-0.04074264782702319
125499,2025-03-09,194.8122,0.08252514851837245
125499,2025-03-10,188.5088,-0.032356289801152016
125499,2025-03-11,205.3564,0.08937301600774084
125499,2025-03-12,242.2529,0.1796705629822104
125499,2025-04-02,206.3504,-0.14820256021702938
125499,2025-04-03,202.0801,-0.020694411060022233
125499,2025-04-04,184.611,-0.08644641407046016
125499,2025-04-06,187.1508,0.013757576742447819
125499,2025-04-07,183.5017,-0.019498180077242577
125499,2025-04-08,191.0606,0.04119253391112987
125499,2025-04-09,193.4838,0.01268288700025022
125499,2025-04-11,204.6312,0.057614125833790775
125499,2025-04-12,245.6274,0.20034188334916658
125499,2025-05-02,209.111,-0.14866582474105094
125499,2025-05-03,201.0884,-0.03836527011969715
125499,2025-05-05,181.2951,-0.09843083937213692
125499,2025-05-06,188.5291,0.039901795470478785
125499,2025-05-08,192.532,0.021232266000315025
125499,2025-05-09,189.5672,-0.015398998608023629
125499,2025-05-11,210.1398,0.10852404846408015
125499,2025-05-12,248.1912,0.18107659757932582
125499,2025-06-01,197.076,-0.2059508959221762
125499,2025-06-02,207.2216,0.05148064706001754
125499,2025-06-03,195.4522,-0.056796202712458554
125499,2025-06-05,184.2906,-0.05710654574366514
125499,2025-06-06,190.1422,0.03175202641914443
125499,2025-06-08,191.3281,0.006236911111789034
125499,2025-06-10,191.0381,-0.001515720900380102
125499,2025-06-11,211.6627,0.10796066334411836
125499,2025-07-01,198.9688,-0.05997230499280226
125499,2025-07-02,210.3976,0.0574401614725526
125499,2025-07-03,194.425,-0.07591626520454609
125499,2025-07-04,183.6871,-0.055229008615147346
125499,2025-07-05,184.9507,0.006879089495125168
125499,2025-07-07,187.8282,0.015558200104135889
125499,2025-07-08,195.4965,0.04082613792817047
125499,2025-07-10,192.9093,-0.013233996516561652
125499,2025-07-11,211.8213,0.09803570900936354
125499,2025-08-01,196.022,-0.07458787194677785
125499,2025-08-04,181.8307,-0.0723964657028292
125499,2025-08-05,185.7483,0.021545316604951736
125499,2025-08-07,186.8903,0.006148104720204772
125499,2025-08-08,195.7333,0.04731652739601788
125499,2025-08-09,189.8688,-0.02996168766377527
125499,2025-08-10,194.0112,0.021817170593588786
125499,2025-08-12,248.162,0.27911172138515705
125499,2025-09-01,195.5745,-0.21190794722802042
125499,2025-09-04,182.6387,-0.06614256971128651
125499,2025-09-05,187.6534,0.027456940944060593
125499,2025-09-06,185.9842,-0.008895122603693961
125499,2025-09-07,183.8647,-0.011396129348621997
125499,2025-09-09,190.6108,0.036690566487205034
125499,2025-09-10,195.5836,0.0260887630711375
125499,2025-09-12,246.0803,0.2581847353254567
125499,2025-10-01,199.3637,-0.18984290900165512
125499,2025-10-02,210.4586,0.055651555423580135
125499,2025-10-03,194.042,-0.07800393996729038
125499,2025-10-04,182.8994,-0.057423650549880856
125499,2025-10-06,187.6445,0.02594377018185945
125499,2025-10-07,184.6901,-0.01574466611065073
125499,2025-10-09,189.1617,0.024211368124225308
125499,2025-10-10,196.0944,0.03664959661495959
125499,2025-10-11,214.0007,0.0913146933313751
125499,2025-10-12,246.1295,0.15013408834644015
125499,2025-11-02,205.5066,-0.16504685541554354
125499,2025-11-03,191.1153,-0.07002840784675535
125499,2025-11-04,186.0387,-0.026563022426775773
125499,2025-11-06,187.1737,0.006100881160747695
125499,2025-11-07,183.7048,-0.018533052453416188
125499,2025-11-08,198.7818,0.08207188924840292
125499,2025-11-09,191.7161,-0.03554500462315968
125499,2025-11-11,212.8626,0.11030111712057544
125499,2025-11-12,247.4877,0.16266408471943872
125499,2025-12-02,207.3997,-0.16197976707529305
125499,2025-12-03,188.815,-0.08960813347367425
125499,2025-12-05,184.5772,-0.022444191404284553
125499,2025-12-06,186.8424,0.012272371668873516
125499,2025-12-08,197.0552,0.054659970113850154
125499,2025-12-09,190.7991,-0.03174795691765553
125499,2025-12-11,215.3161,0.1284964132430393
125499,2025-12-12,243.282,0.12988299527996272
125499,2026-01-01,239.9588,-0.013659867972147577
125499,2026-01-04,248.6553,0.03624163814788206
125499,2026-01-05,252.7543,0.01648466773079038
125499,2026-02-01,240.5037,-0.048468413791575404
125499,2026-02-02,242.9598,0.010212316899906204
125499,2026-02-03,231.4064,-0.047552722713798734
125499,2026-02-04,246.5252,0.0653344073456914
125499,2026-03-02,238.5027,-0.032542312104401505
125499,2026-03-03,232.4633,-0.025322145200033397
125499,2026-03-04,251.9152,0.08367729443744443
125499,2026-04-02,240.0756,-0.04699835500200067
125499,2026-04-03,234.8321,-0.021841036740093633
125499,2026-04-05,257.8882,0.0981812111717264
125499,2026-05-01,238.7596,-0.07417400253288042
125499,2026-05-02,241.2501,0.010430994188296516
125499,2026-05-03,234.1105,-0.029594184624172182
125499,2026-05-05,252.8965,0.08024415820734232
125499,2026-06-01,238.397,-0.05733373138813713
125499,2026-06-02,242.5932,0.017601731565414003
125499,2026-06-03,232.3381,-0.04227282545429967
125499,2026-06-04,252.7729,0.08795285835599076
125499,2026-06-05,255.3338,0.010131228466342623
125499,2026-07-01,238.5948,-0.06555732143570492
125499,2026-07-04,258.9954,0.08550312077212086
125499,2026-07-05,253.9844,-0.01934783397697415
125499,2026-08-01,239.2615,-0.05796773345134576
125499,2026-08-04,259.6936,0.08539652221523308
125499,2026-08-05,252.4904,-0.027737302729062274
125499,2026-09-01,239.1806,-0.05271408338693273
125499,2026-09-02,243.5039,0.018075462642036966
125499,2026-09-03,233.0919,-0.04275906874592139
125499,2026-09-04,259.045,0.11134277939302062
125499,2026-10-02,241.3861,-0.06816923700515365
125499,2026-10-03,233.2019,-0.033905017728858455
125499,2026-10-04,263.4642,0.12976866826556743
125499,2026-11-02,244.2926,-0.07276738167842167
125499,2026-11-03,236.1151,-0.03347420265697765
125499,2026-11-05,249.2361,0.055570355305526675
125499,2026-12-01,241.3822,-0.03151188772412983
125499,2026-12-02,247.3129,0.024569748722151008
125499,2026-12-03,228.7737,-0.07496252722765384
125499,2026-12-05,251.6031,0.09979031680652106
125501,2022-01-02,91.8445,
125501,2022-01-03,99.1308,0.07933300306496305
125501,2022-01-04,100.5201,0.014014816787517148
125501,2022-01-06,92.8214,-0.0765886623670291
125501,2022-01-07,85.7002,-0.07671937721258248
125501,2022-01-08,83.7889,-0.022302164989113193
125501,2022-01-09,89.2134,0.06474007893647005
125501,2022-01-11,88.6372,-0.006458671006821737
125501,2022-01-12,92.1071,0.03914722035443363
125501,2022-02-02,91.2951,-0.008815824187277665
125501,2022-02-03,96.9776,0.06224320910979886
125501,2022-02-05,94.9501,-0.020906889838478104
125501,2022-02-06,92.9483,-0.021082652888201325
125501,2022-02-08,83.8585,-0.09779415008128167
125501,2022-02-09,89.9889,0.0731040979745643
125501,2022-02-11,87.7526,-0.024850842715046007
125501,2022-02-12,93.1575,0.06159247703201953
125501,2022-03-01,93.8882,0.007843705552424751
125501,2022-03-02,91.2185,-0.02843488319085885
125501,2022-03-03,97.7856,0.07199307158087453
125501,2022-03-05,94.5439,-0.03315109791216708
125501,2022-03-06,92.6976,-0.01952849417043301
125501,2022-03-08,84.2187,-0.09146838753106867
125501,2022-03-10,87.8509,0.04312818887016778
125501,2022-03-11,86.0019,-0.02104702399178593
125501,2022-04-01,93.5278,0.08750853178825113
125501,2022-04-02,90.7071,-0.03015894739318148
125501,2022-04-03,98.4026,0.08483900378250442
125501,2022-04-04,100.5786,0.022113236845367812
125501,2022-04-05,94.8791,-0.05666712402041785
125501,2022-04-07,85.7123,-0.09661558762677969
125501,2022-04-08,82.0901,-0.04225997902284728
125501,2022-04-10,85.6228,0.04303442193394802
125501,2022-04-11,85.9657,0.004004774429240854
125501,2022-05-01,95.05,0.1056735418893815
125501,2022-05-04,99.9336,0.051379274066280844
125501,2022-05-05,96.1108,-0.03825340025777113
125501,2022-05-07,86.485,-0.10015315656513102
125501,2022-05-08,82.8066,-0.042532231022720635
125501,2022-05-09,90.8901,0.0976190303671447
125501,2022-05-10,84.4106,-0.07128939235406273
125501,2022-05-12,93.7534,0.11068278154639333
125501,2022-06-01,95.0051,0.01335098247103561
125501,2022-06-04,98.6437,0.03829899658018365
125501,2022-06-05,98.0028,-0.006497120444589943
125501,2022-06-06,92.4398,-0.056763684302897355
125501,2022-06-07,88.3289,-0.04447110443769897
125501,2022-06-09,89.4481,0.012670824611197284
125501,2022-06-10,84.2792,-0.05778658238688128
125501,2022-06-12,92.9452,0.1028248962970697
125501,2022-07-01,93.2026,0.0027693737815401853
125501,2022-07-02,93.58,0.004049243261454061
125501,2022-07-03,97.6504,0.043496473605471264
125501,2022-07-04,99.4843,0.01878026101275565
125501,2022-07-06,90.5704,-0.08960107273207929
125501,2022-07-07,87.3742,-0.03528967521397719
125501,2022-07-09,90.8634,0.03993398508942003
125501,2022-07-10,84.1422,-0.0739703775117374
125501,2022-07-11,87.105,0.03521181999044476
125501,2022-07-12,92.7542,0.06485505998507546
125501,2022-08-02,94.1973,0.015558325121665773
125501,2022-08-03,97.278,0.032704759053603594
125501,2022-08-04,100.3257,0.03132979707642014
125501,2022-08-06,89.3583,-0.10931795143218537
125501,2022-08-07,86.8623,-0.027932492001302545
125501,2022-08-08,81.6816,-0.05964267582138627
125501,2022-08-09,90.3626,0.10627852539617244
125501,2022-08-11,86.8066,-0.03935256400324916
125501,2022-08-12,91.5335,0.054453232818702624
125501,2022-09-02,96.5016,0.05427630321139243
125501,2022-09-03,97.8644,0.01412204564483921
125501,2022-09-05,97.7899,-0.0007612574133188943
125501,2022-09-06,88.9664,-0.09022915454459013
125501,2022-09-08,81.6965,-0.08171511941586929
125501,2022-09-09,89.7571,0.09866518149492332
125501,2022-09-11,87.2639,-0.027777189771059807
125501,2022-09-12,90.3756,0.03565850254228842
125501,2022-10-01,92.5366,0.023911321197314317
125501,2022-10-02,98.2736,0.06199709088079741
125501,2022-10-03,98.9841,0.007229815535403139
125501,2022-10-05,99.9754,0.010014739741029066
125501,2022-10-06,85.7042,-0.14274711579048438
125501,2022-10-08,81.0868,-0.053876006076715055
125501,2022-10-10,84.6974,0.04452759265379824
125501,2022-10-11,88.7969,0.04840172189465064
125501,2022-11-01,90.8255,0.022845392125175668
125501,2022-11-02,97.5639,0.07419061827350237
125501,2022-11-03,96.9506,-0.006286136573056322
125501,2022-11-04,101.1682,0.043502567286845206
125501,2022-11-05,101.0721,-0.000949903230461624
125501,2022-11-07,86.8019,-0.1411883200210543
125501,2022-11-08,80.5862,-0.07160787955102366
125501,2022-11-10,85.2067,0.05733611958375007
125501,2022-11-11,90.3303,0.06013142159008611
125501,2022-12-01,90.6175,0.00317944255692737
125501,2022-12-04,101.7328,0.12266173752310516
125501,2022-12-05,99.6234,-0.0207347089630876
125501,2022-12-07,85.8258,-0.13849758189341066
125501,2022-12-08,82.2606,-0.04153995651657194
125501,2022-12-09,89.1522,0.08377765297116713
125501,2022-12-10,83.4346,-0.06413302195571158
125501,2022-12-12,88.6907,0.06299664647520342
125501,2023-01-02,101.3241,0.14244334524363889
125501,2023-01-03,102.1332,0.007985267078612024
125501,2023-01-05,107.6667,0.05417924827578102
125501,2023-01-06,99.1588,-0.07902071856943704
125501,2023-01-08,102.6035,0.03473922637224325
125501,2023-01-09,106.1337,0.03440623370547802
125501,2023-01-11,124.1378,0.16963603454887566
125501,2023-01-12,124.9321,0.006398534531786515
125501,2023-02-01,93.7758,-0.24938586640262994
125501,2023-02-02,102.2402,0.09026209320528311
125501,2023-02-03,101.4211,-0.008011525799049735
125501,2023-02-05,106.3619,0.04871570117066382
125501,2023-02-06,99.6911,-0.06271794693400545
125501,2023-02-08,102.0068,0.02322875361993182
125501,2023-02-10,113.7559,0.11517957626354325
125501,2023-02-11,123.7668,0.08800334751867811
125501,2023-03-01,94.8253,-0.2338389616601545
125501,2023-03-02,102.279,0.07860454962968744
125501,2023-03-03,102.3847,0.0010334477263171937
125501,2023-03-04,104.738,0.022984879576733785
125501,2023-03-05,107.7348,0.028612346999179028
125501,2023-03-07,97.1588,-0.09816698040001937
125501,2023-03-08,103.3917,0.06415167745999328
125501,2023-03-10,117.4857,0.13631655152202726
125501,2023-03-11,126.9542,0.08059278703706063
125501,2023-04-01,95.2467,-0.24975542360945913
125501,2023-04-04,105.1359,0.10382721921074434
125501,2023-04-05,107.6958,0.02434848610227336
125501,2023-04-07,97.521,-0.09447722195294528
125501,2023-04-08,103.7924,0.06430820028506679
125501,2023-04-09,107.8492,0.03908571340483502
125501,2023-04-10,118.4342,0.09814630057524765
125501,2023-04-12,126.3268,0.06664122356549029
125501,2023-05-01,96.5116,-0.23601642723475935
125501,2023-05-04,106.8616,0.10724099486486582
125501,2023-05-05,105.6528,-0.011311827634997051
125501,2023-05-06,99.1576,-0.0614768373389063
125501,2023-05-07,98.9214,-0.0023820665284355336
125501,2023-05-09,105.5565,0.067074465181447
125501,2023-05-10,117.6409,0.11448276515420663
125501,2023-05-12,126.4272,0.07468745988852521
125501,2023-06-01,97.8437,-0.22608663325613476
125501,2023-06-02,103.5846,0.058674191593326874
125501,2023-06-03,103.3091,-0.002659661764393473
125501,2023-06-04,106.9567,0.03530763504860657
125501,2023-06-06,99.6977,-0.06786858607268176
125501,2023-06-07,98.5957,-0.011053414471948741
125501,2023-06-09,106.5305,0.08047815472682895
125501,2023-06-10,116.7402,0.09583828105566017
125501,2023-06-11,127.171,0.08935054077344406
125501,2023-06-12,124.4675,-0.021258777551485863
125501,2023-07-02,104.6175,-0.1594793821680358
125501,2023-07-03,103.8971,-0.006886037230864894
125501,2023-07-04,108.292,0.04230050694388976
125501,2023-07-06,99.5302,-0.08090902375060027
125501,2023-07-07,98.9443,-0.005886655507574501
125501,2023-07-08,102.5127,0.03606473541174182
125501,2023-07-09,107.8422,0.05198868042691296
125501,2023-07-11,127.9173,0.18615254510757384
125501,2023-07-12,122.7095,-0.04071224142473295
125501,2023-08-02,104.4608,-0.14871464719520489
125501,2023-08-03,105.2379,0.007439154209042842
125501,2023-08-05,103.7575,-0.014067175418741806
125501,2023-08-06,98.0196,-0.05530106257378986
125501,2023-08-08,101.3723,0.03420438361307321
125501,2023-08-09,109.5777,0.08094321624349066
125501,2023-08-11,127.5696,0.16419307943130756
125501,2023-08-12,121.9591,-0.04397991370984933
125501,2023-09-01,95.8597,-0.21400125123914493
125501,2023-09-02,102.5851,0.07015878413973753
125501,2023-09-03,103.9942,0.013735912915228576
125501,2023-09-05,104.3491,0.003412690323114198
125501,2023-09-06,98.4307,-0.05671730757620341
125501,2023-09-08,103.6969,0.053501600618506284
125501,2023-09-10,117.9208,0.13716803491714802
125501,2023-09-11,126.8928,0.07608496550226929
125501,2023-10-01,97.4567,-0.23197612472890505
125501,2023-10-02,103.6527,0.06357695263640162
125501,2023-10-03,103.4749,-0.0017153436427608248
125501,2023-10-04,107.7508,0.0413230648205507
125501,2023-10-05,102.7985,-0.04596067964228567
125501,2023-10-07,99.3971,-0.0330880314401476
125501,2023-10-08,105.0915,0.05728939777921083
125501,2023-10-10,119.2543,0.13476637025829885
125501,2023-10-11,124.9673,0.04790602938426525
125501,2023-11-01,98.6125,-0.21089356975784868
125501,2023-11-04,107.3632,0.08873824312333634
125501,2023-11-05,105.1388,-0.020718458466215672
125501,2023-11-07,99.7349,-0.051397771327045816
125501,2023-11-08,106.2,0.06482284536305749
125501,2023-11-09,107.6177,0.013349340866289916
125501,2023-11-10,120.4501,0.11924060818991689
125501,2023-11-12,123.4266,0.02471147803115148
125501,2023-12-01,98.22,-0.20422340079042922
125501,2023-12-04,108.7695,0.10740684178375082
125501,2023-12-05,104.0038,-0.043814672311631386
125501,2023-12-06,98.2319,-0.055497010686147985
125501,2023-12-07,101.314,0.03137575471918996
125501,2023-12-09,106.7587,0.05374084529285206
125501,2023-12-10,119.8892,0.1229923181904613
125501,2023-12-12,123.9121,0.033555149254478334
125501,2024-01-01,122.8434,-0.008624662159708363
125501,2024-01-02,119.7975,-0.02479498288064319
125501,2024-01-03,122.324,0.02108975562929105
125501,2024-01-04,127.7339,0.04422598999378713
125501,2024-01-05,127.2413,-0.003856454707794943
125501,2024-01-07,135.8202,0.06742229134722777
125501,2024-01-08,145.0203,0.06773734687476529
125501,2024-01-10,137.8808,-0.04923103868906631
125501,2024-01-11,169.6738,0.2305832284117877
125501,2024-02-01,122.567,-0.2776315494790593
125501,2024-02-02,120.5565,-0.01640327331173963
125501,2024-02-04,129.0719,0.07063410102317169
125501,2024-02-05,129.7614,0.005341983809024287
125501,2024-02-07,134.3203,0.03513294400337852
125501,2024-02-08,145.8412,0.08577184535770077
125501,2024-02-09,156.0175,0.06977657890911493
125501,2024-02-10,141.6278,-0.09223132020446423
125501,2024-02-12,172.4792,0.21783435173038046
125501,2024-03-01,124.7573,-0.27668205789451705
125501,2024-03-04,129.8635,0.04092906787819217
125501,2024-03-05,131.1488,0.009897315257944017
125501,2024-03-06,132.2978,0.008761040894007532
125501,2024-03-07,135.8085,0.02653634451971243
125501,2024-03-09,156.9548,0.15570674884119917
125501,2024-03-10,142.9794,-0.08904092133531438
125501,2024-03-12,168.8612,0.18101768506512128
125501,2024-04-01,123.1778,-0.2705381698104715
125501,2024-04-03,123.8737,0.00564955698185865
125501,2024-04-04,130.4911,0.053420540437558506
125501,2024-04-06,134.8059,0.03306585659864947
125501,2024-04-07,138.0469,0.024041974423967938
125501,2024-04-09,157.4826,0.14079055741200985
125501,2024-04-10,144.7775,-0.08067621438812911
125501,2024-04-11,171.4561,0.1842731087358187
125501,2024-04-12,165.3797,-0.03543997559725187
125501,2024-05-01,121.2683,-0.26672802042814214
125501,2024-05-02,120.4503,-0.006745373687929934
125501,2024-05-03,120.8877,0.0036313732717976333
125501,2024-05-04,128.2781,0.061134424759508255
125501,2024-05-06,136.742,0.06598086501125278
125501,2024-05-07,137.5126,0.005635430226265559
125501,2024-05-08,145.9561,0.06140164610370258
125501,2024-05-09,157.5869,0.07968697437106109
125501,2024-05-11,168.7164,0.07062452526193463
125501,2024-05-12,166.517,-0.013036077109279232
125501,2024-06-02,119.6352,-0.28154362617630635
125501,2024-06-03,120.7401,0.009235576151500613
125501,2024-06-05,132.1001,0.09408638886335186
125501,2024-06-06,136.6329,0.03431337296489567
125501,2024-06-08,141.8436,0.038136495675638926
125501,2024-06-09,156.1147,0.10061151860217876
125501,2024-06-11,167.1517,0.07069801882846405
125501,2024-06-12,165.725,-0.008535360394180902
125501,2024-07-02,118.3911,-0.28561713682305023
125501,2024-07-03,117.7716,-0.005232656846671624
125501,2024-07-05,136.5203,0.15919542572233025
125501,2024-07-06,135.8937,-0.004589793605786041
125501,2024-07-08,144.6479,0.06441946904087525
125501,2024-07-10,146.2278,0.01092238463192352
125501,2024-07-11,170.2126,0.16402353040940243
125501,2024-08-01,119.5058,-0.29790274045517207
125501,2024-08-02,117.8724,-0.013667955864903547
125501,2024-08-03,118.0526,0.0015287717905123621
125501,2024-08-04,128.8867,0.09177349757650388
125501,2024-08-05,135.3819,0.05039464894360712
125501,2024-08-07,136.4182,0.007654642164129921
125501,2024-08-08,145.435,0.06609675248610514
125501,2024-08-10,145.0697,-0.002511775019768181
125501,2024-08-11,173.7475,0.19768290690612855
125501,2024-09-01,123.3768,-0.2899074806831753
125501,2024-09-02,116.4935,-0.055790878025690493
125501,2024-09-04,128.7772,0.10544536819650885
125501,2024-09-05,134.2167,0.042239620056966576
125501,2024-09-07,137.4208,0.023872588135455564
125501,2024-09-08,145.6294,0.05973331548062588
125501,2024-09-09,154.4179,0.06034839119024049
125501,2024-09-10,145.676,-0.0566119601419266
125501,2024-09-12,165.1015,0.13334729124907319
125501,2024-10-01,124.1206,-0.2482164002144135
125501,2024-10-04,129.678,0.044774195419616136
125501,2024-10-05,134.5116,0.0372738629528524
125501,2024-10-06,134.961,0.0033409757968831943
125501,2024-10-07,138.0651,0.022999977771356095
125501,2024-10-09,155.7228,0.12789401521456178
125501,2024-10-10,147.6605,-0.0517734076191797
125501,2024-10-12,164.3244,0.11285279407830795
125501,2024-11-01,123.7739,-0.24677102122387184
125501,2024-11-03,117.7712,-0.048497300319372716
125501,2024-11-04,129.6261,0.1006604331109815
125501,2024-11-06,130.8342,0.009319882338510554
125501,2024-11-07,139.2783,0.06454046419055559
125501,2024-11-09,154.2366,0.107398639989144
125501,2024-11-10,149.1947,-0.032689387603201836
125501,2024-11-11,176.7761,0.1848684973393826
125501,2024-11-12,164.1218,-0.07158377178815467
125501,2024-12-01,123.931,-0.24488398250567567
125501,2024-12-02,115.9883,-0.06408969507225792
125501,2024-12-03,119.7472,0.03240757904029978
125501,2024-12-04,130.8716,0.09289904064562671
125501,2024-12-06,131.4486,0.0044089015493047334
125501,2024-12-07,142.8069,0.08640867989465084
125501,2024-12-08,144.9575,0.015059496424892682
125501,2024-12-09,151.0172,0.04180328717037751
125501,2024-12-11,181.5621,0.20226106695131407
125501,2024-12-12,161.7788,-0.10896161698944873
125501,2025-01-01,164.7286,0.018233538634234048
125501,2025-01-04,179.9661,0.09250063437678713
125501,2025-01-05,168.6266,-0.0630090889339715
125501,2025-01-07,169.6427,0.006025739711291056
125501,2025-01-08,166.2849,-0.019793365703328236
125501,2025-01-09,173.7957,0.04516826242190364
125501,2025-01-10,176.7015,0.016719631153129688
125501,2025-01-12,211.3296,0.19596947394334507
125501,2025-02-01,165.6147,-0.2163203829468281
125501,2025-02-04,172.8355,0.04359999444493745
125501,2025-02-05,172.0803,-0.004369472706706623
125501,2025-02-06,172.0644,-9.239872315414122e-05
125501,2025-02-07,173.3016,0.00719033106209066
125501,2025-02-09,175.5064,0.012722329164877921
125501,2025-02-10,181.8821,0.036327450167059405
125501,2025-02-12,210.9318,0.15971720141784163
125501,2025-03-01,165.8172,-0.21388240180001306
125501,2025-03-02,188.6995,0.13799714384273765
125501,2025-03-03,178.8798,-0.05203882363228318
125501,2025-03-04,171.2179,-0.042832673113453845
125501,2025-03-06,174.1111,0.01689776594620085
125501,2025-03-07,173.6882,-0.0024289088978244333
125501,2025-03-09,175.3719,0.009693807639206353
125501,2025-03-10,181.0057,0.03212487291293509
125501,2025-03-11,202.7023,0.11986694341669923
125501,2025-03-12,210.5491,0.03871095690576776
125501,2025-04-02,187.6559,-0.10873093259481992
125501,2025-04-03,179.2713,-0.04468071614055302
125501,2025-04-04,168.1697,-0.06192625367250637
125501,2025-04-06,174.0138,0.034751206668026446
125501,2025-04-07,173.9888,-0.00014366676665877876
125501,2025-04-08,165.0006,-0.05165964705774173
125501,2025-04-09,178.0985,0.07938092346330872
125501,2025-04-11,202.0755,0.1346277481281426
125501,2025-04-12,211.7373,0.047812822435179037
125501,2025-05-02,185.4999,-0.12391486998275703
125501,2025-05-03,177.6047,-0.042561748011723965
125501,2025-05-05,172.5236,-0.028609040188688817
125501,2025-05-06,170.9544,-0.009095567215152034
125501,2025-05-08,164.3543,-0.0386073713224111
125501,2025-05-09,180.0292,0.09537261878758274
125501,2025-05-11,200.9051,0.11595841119107342
125501,2025-05-12,211.2962,0.051721434647502784
125501,2025-06-01,167.7347,-0.20616319649856452
125501,2025-06-02,184.0781,0.09743601055714768
125501,2025-06-03,174.2296,-0.05350174735614943
125501,2025-06-05,173.1948,-0.005939289305606055
125501,2025-06-06,172.1329,-0.00613124643465035
125501,2025-06-08,165.6527,-0.03764649291332456
125501,2025-06-10,179.5367,0.08381390704769665
125501,2025-06-11,202.6585,0.1287859251061203
125501,2025-07-01,167.8694,-0.17166366078896267
125501,2025-07-02,188.0316,0.12010646371524514
125501,2025-07-03,174.2008,-0.07355572148511214
125501,2025-07-04,169.5108,-0.026922953281500406
125501,2025-07-05,175.6987,0.03650445871295527
125501,2025-07-07,176.1521,0.002580554096302201
125501,2025-07-08,164.6602,-0.06523850694939193
125501,2025-07-10,181.1402,0.10008490211963794
125501,2025-07-11,202.737,0.11922698550625421
125501,2025-08-01,167.1205,-0.17567834189121867
125501,2025-08-04,169.7804,0.01591606056707584
125501,2025-08-05,174.721,0.029099943220772362
125501,2025-08-07,176.9877,0.012973254502893106
125501,2025-08-08,168.0115,-0.05071651871853233
125501,2025-08-09,179.9768,0.07121714882612196
125501,2025-08-10,181.646,0.009274528717034602
125501,2025-08-12,214.4834,0.18077689572024713
125501,2025-09-01,165.3366,-0.22914034372823255
125501,2025-09-04,167.6728,0.014129962754768188
125501,2025-09-05,174.7284,0.04207957402751061
125501,2025-09-06,171.7478,-0.0170584747528163
125501,2025-09-07,175.397,0.02124743373714244
125501,2025-09-09,180.1509,0.027103656276903365
125501,2025-09-10,179.9439,-0.0011490367242128485
125501,2025-09-12,211.228,0.1738547402829438
125501,2025-10-01,162.3378,-0.23145700380631362
125501,2025-10-02,191.3896,0.1789589362428221
125501,2025-10-03,176.2942,-0.07887262421782593
125501,2025-10-04,168.3606,-0.04500204771342442
125501,2025-10-06,167.5799,-0.004637070668553123
125501,2025-10-07,175.5257,0.04741499428034035
125501,2025-10-09,176.2505,0.004129309838958095
125501,2025-10-10,184.7664,0.048317026050989975
125501,2025-10-11,201.2039,0.08896368603815419
125501,2025-10-12,214.4006,0.06558868888724323
125501,2025-11-02,190.2694,-0.11255192382857138
125501,2025-11-03,174.4662,-0.08305697080034946
125501,2025-11-04,165.5605,-0.05104541739316837
125501,2025-11-06,164.8928,-0.004032966800655902
125501,2025-11-07,173.2136,0.05046187583690753
125501,2025-11-08,169.3449,-0.022334851304978476
125501,2025-11-09,178.8894,0.0563613076035947
125501,2025-11-11,201.6662,0.1273233629270376
125501,2025-11-12,209.6771,0.039723562996674566
125501,2025-12-02,184.9788,-0.11779207171407846
125501,2025-12-03,174.867,-0.05466464265094173
125501,2025-12-05,176.5197,0.009451182899003374
125501,2025-12-06,163.5807,-0.07330060044289666
125501,2025-12-08,169.8234,0.038162815050919674
125501,2025-12-09,178.2625,0.049693387365934205
125501,2025-12-11,200.0724,0.12234710048383701
125501,2025-12-12,210.1366,0.05030279038987895
125501,2026-01-01,192.3579,-0.08460544236463319
125501,2026-01-04,199.0247,0.03465831140805764
125501,2026-01-05,182.6874,-0.08208679626197146
125501,2026-02-01,189.2787,0.03607966395055162
125501,2026-02-02,195.9106,0.03503775121025243
125501,2026-02-03,204.8181,0.045467167167065003
125501,2026-02-04,198.2502,-0.03206699017323167
125501,2026-03-02,199.8684,0.008162412950907472
125501,2026-03-03,199.846,-0.00011207374452393282
125501,2026-03-04,200.5022,0.0032835283168037854
125501,2026-04-02,199.7794,-0.003604947975633044
125501,2026-04-03,202.7346,0.014792315924464727
125501,2026-04-05,186.7669,-0.07876159274243277
125501,2026-05-01,190.0168,0.017400834944521826
125501,2026-05-02,198.417,0.044207670058647563
125501,2026-05-03,200.6355,0.011180997595972242
125501,2026-05-05,189.4618,-0.05569154013123301
125501,2026-06-01,187.9115,-0.008182652123013834
125501,2026-06-02,196.6612,0.0465628766733277
125501,2026-06-03,201.0394,0.022262652724584164
125501,2026-06-04,197.0304,-0.01994136472751118
125501,2026-06-05,188.8169,-0.04168646056649117
125501,2026-07-01,186.2355,-0.013671445723343667
125501,2026-07-04,191.1439,0.026355877370318748
125501,2026-07-05,189.3119,-0.009584402117985391
125501,2026-08-01,187.2147,-0.01107801464144631
125501,2026-08-04,193.886,0.03563448810376535
125501,2026-08-05,189.7422,-0.021372352825887342
125501,2026-09-01,192.1818,0.012857445523452471
125501,2026-09-02,193.9295,0.00909399329176841
125501,2026-09-03,202.1102,0.042183886412330285
125501,2026-09-04,192.0275,-0.04988714077765488
125501,2026-10-02,200.611,0.044699326919321436
125501,2026-10-03,202.7109,0.01046752172114207
125501,2026-10-04,194.1063,-0.04244764341730023
125501,2026-11-02,204.1219,0.05159853132020964
125501,2026-11-03,202.5423,-0.007738513113977441
125501,2026-11-05,194.0267,-0.04204356324580105
125501,2026-12-01,190.1673,-0.019891076846640154
125501,2026-12-02,202.6062,0.06541029924703134
125501,2026-12-03,199.616,-0.014758679645538897
125501,2026-12-05,196.0461,-0.017883836966976707
